SMILES,QED,MW,LogP,HBD,HBA
CC1CCN(C)C(CC2C3C45CC6CC4C35CN2C6O)C1,0.8387,288.44,1.765,1,3
CC1CC(CC2CC3C4CCC5C6CC7CCC6C7C5N4C23)CN1,0.8351,326.53,3.518,1,2
CC1(CC2CCCCO2)C2C(CCN)C1C13NCCC1C23,0.8339,290.45,2.155,2,3
CN1C2CCC3(CCCCC23)C2NC(C3CCCC3)C1C2CN,0.8227,317.52,2.745,2,3
CC12CCCOCC1NC2(C)C(O)CCCC1CCCCC1,0.8144,309.49,3.645,2,3
CC1CCC(CCC2C3C45CC4CC235)N2C1C1CCC34CCNC3CC4C12,0.8126,364.58,4.052,1,2
CC1CC(CCC2CCCN2C(C)N2C3CCCC3NCC23COC3)O1,0.8115,363.55,2.35,1,5
COC1CC2COC1CC2C1CCC(C2CCC3CC3C2)CNCNC1,0.8098,362.56,3.026,2,4
CCCC1CC1N1C(C)C2(CCN3C4C5CCNC5NCN4C32)C1C,0.8087,345.54,1.424,2,5
CC(C1CCN(C2NCCC3NCCC32)C1)C1CC2C1C1CC3CC3N12,0.8062,356.56,1.723,2,4
CCN1C(O)N2C3NC4N5CCC(C6CCCCCCCC6C)C42C315,0.7998,346.52,1.936,2,5
CC12CC13C2CC31CC2C(C3C4C5CCN6C5CCN4NN36)CC21,0.7946,324.47,1.856,1,4
C.CC(O)CC1C(C)CNC2CCC(CC2)N1C1CCCCC1CF,0.7944,356.57,4.143,2,3
CCCC12CC3C4C3(CC3C45C4C6CCCCC6NC46C47CN(C)C64C357)C1C2,0.7934,374.57,3.664,1,2
CCCC1CCN2CCC3CCNCC3N2C1.CN,0.7918,268.45,1.282,2,4
CN(C1CCCCCCCN1)C1(C)CCN2C3C4CCCC4NCN3C21,0.7891,361.58,2.35,2,5
CC1OC12CCCCNC1CC1C(CC1CC3C4C1C34)CC2,0.7882,301.47,3.604,1,2
C.CCCC1C2CCC34CC5CC6C78CC57C8C63C43C1C21C3C1(C)O,0.7875,336.52,4.492,1,1
C.CCC1C(C)NC2CC(C3C4CCCNCCCC43)CCC21,0.7852,320.57,4.451,2,2
CC1CC2C(C1)C1(N3CC4CC56C(C7CC8CCC875)C436)C2C1N1CCNN1,0.7829,364.54,1.845,2,4
CCC1CC2C(CC1NCC1OC1C)C1CCC3C4CNC34C12,0.7822,316.49,2.412,2,3
CCC1C2CC13C(C1CCNCC1)CCCCC23,0.7816,247.43,3.839,1,1
CCC1CCCC(C2CCC(O)C3C4C5C6CCCC5C64NC23C)C1,0.7803,343.56,4.367,2,2
C.CC(C)(C)C1NC(C2CCCOC2)C2CCNCCC21,0.7801,296.5,3.051,2,3
CCC(O)CC1CCC23CCCCCCC(C2)C13,0.7797,250.43,4.534,1,1
C.CCC1C(CCC2C3OS23C)C2NC(C)CC3C4NN4C132,0.7795,325.52,2.412,2,4
CCCC(O)C1CN2CC2C2C3C4C(C)CC5N6C4C6N3C125,0.7717,301.43,0.563,1,4
CCC(O)N1CCC2CC2CCC2NC2CCCCSC1,0.7694,312.52,3.038,2,4
CC1CCC(C2NCCC2C2CCCCC2)CC1,0.766,249.44,4.371,1,1
CCC1CC23CC(C4CNN(C)C4)CCC24CC2C(CC5OC52)CC3C14,0.7648,356.55,3.699,1,3
CNS1(O)OC1C1CCCN2C3CCCCCCCN3C2C1,0.7626,329.51,3.094,2,5
CC(C)N1C23CNCCCCCC4CC4CCCC2CC3C12C1CC12,0.7575,342.57,4.444,1,2
CCN1C(O)C(C2CCCCC2)CC2CCC(CC3NCC4CN43)CC21,0.7552,361.57,3.015,2,4
CC1(C)NN1CCN1C2CCCCCCCC21.CCCC1NC1C,0.7547,336.57,3.487,2,4
CCC1CCC2CC34C(CCCNCCCC5CC5CC1CN)C3N24,0.7539,345.58,3.383,2,3
C.CCCC1N2CCC3CCCC3C2NCC12CC2CCOC(C)C,0.7536,350.59,4.664,1,3
C.CCC(O)C1C2CCCCCCCC3C4C(CCC21C)N34,0.7533,307.52,4.605,1,2
CNC(C)C1CCCCCC1C1CNC2CC21C,0.7527,250.43,2.789,2,2
C.CC1CCC1CCCC1CC2C3NC3C3C4C5C(C)CC54CC23N1,0.7508,342.57,4.202,2,2
C.CCCCCN1C2CCC1C1C3C(NN1C2)C1CCCCCNCN13,0.7498,363.59,2.391,2,5
C.CCCNC1CCCCCC(C2NCC3CCCCC32)CC1,0.7495,322.58,5.129,2,2
CCCCC1CCC(C2CNC3CNC4NCCC4C32)CC1,0.7473,305.51,2.726,3,3
CCCC(O)C1CNC2CCN3CC14CC15CC1CC5C3C24.N,0.7441,319.49,2.018,3,4
CC1CC2C(CNO)C3C(CCC45CCC(CC4)C35)C2C1C,0.744,303.49,4.336,2,2
CC1C(C)C12CN(C1CC(F)C1)C13CN(C4CC5CCCCN5N4)CN1C23,0.7426,375.54,1.817,1,5
C.OCNC1C2CCCCCC2C1C12C3CC4CCCCCC41C32,0.7424,331.54,4.573,2,2
CC12NNCC3C1N(CC1CCC(N4CC5CC5C4)CC1)CCCCCCCCN32,0.7406,415.67,3.03,2,5
C.CC1C(CCC2C3C2C3C2(C)CO2)C2NCCCCCCCNCC12,0.7401,362.6,4.078,2,3
CCCCCCC1C2C3C4CCC(NC)C(C)C4C34OCCC124,0.7398,317.52,4.242,1,2
CC(C)CC(C)NC(CC1CC1)C12C3CC4C5CC3C5C1C42,0.7377,299.5,4.327,1,1
CCC(O)N1C2CCC(C3CC4(CC56CCC5C6)CN5C3CNN54)C21C,0.7354,358.53,1.936,2,5
CCCC1CCCCC1C1(C)OC12C(C)C1C3C(C)CC(NC)C1C32,0.7347,345.57,4.877,1,2
CCC1NC2(N3CCC4CC4CC4C3C3C5CCC6(C(C)C46)C53)CCCCC12,0.7334,380.62,4.893,1,2
CCCC1CC1C(O)C(C)N1C2CCC3(CCCC4CC41CC)CC23,0.7324,345.57,4.995,1,2
CC(C)F.CC1C(CC2CNC(CCO)N2)C2CC12,0.7324,272.41,1.913,3,3
C.CC1CC12CCCC(CCNC1CCCN3C1C14C5C(C6C7C5N67)C1C34)CC2,0.7318,395.64,3.735,1,3
CCC(C)CCC1CC2(CCC3CNCC3N1)CC1N3C4CC5C(CC412)OC12CC1C532,0.7275,423.65,3.306,2,4
C.CC12CC1CCCCCCC2CNC1CCCC2NC2CC1,0.7266,320.56,4.882,2,2
C.CC1CC2OC(CCC1C(N)O)CC1CCCCCC12,0.7258,297.48,3.69,2,3
C.CC1CC2CC3C4N3C3CC45C2OC(N35)C12CO2.CCCCC,0.725,334.5,3.21,0,4
C.CCC(O)C1CCC2NCC(N)C3CCC4CCC3C(CC21)O4,0.724,338.54,2.683,3,4
CC1CN2C(C3CCC(F)CC3)C2C(N2CC3NCCC3(C)CCC2C)N1,0.7236,378.58,2.738,2,4
C.CC1CCC2CNC3C4CC56CC5CCCC46CN3CC2C1,0.7231,316.53,4.116,1,2
CCC(C)CCCC1CCCN(C)CC2CC3CCC(CC)C2C3CN1.O,0.7225,380.66,4.75,1,2
CCS(O)(O)CC12CCCNC3CCC4CCCC4C3C1C2,0.7225,327.53,4.342,3,3
CC1CC(F)CC2CC1C13C(C4CNC5CCCCC54)C4CC1C23C4,0.7202,343.53,4.811,1,1
COC12CC3C4CNC5(NCC6(CCCCCC6)CCN45)C3CCCC1C2C,0.719,387.61,3.719,2,4
CC1(C)CC1N1CC2C3CC1CC14SCC5CCCC1C52C34,0.7186,315.53,4.027,0,2
CNC1C(C)C2C3(CCNC(N4C5CC6CN(CC78CC9C(C)C9C7C8)N5N64)C3)C12C,0.7184,424.64,1.927,2,6
CCC1CC23CN(CCC4CCC5C6CC7(C)NOC7C56N4)CN4CCCCN4C2C13,0.717,427.64,2.18,2,6
C.CC1CCCCC1C1(C)CCCCCCCCCN1CC(N)O,0.7169,340.6,4.921,2,3
CNC12CCC13C1N4CC56C(CCCCNC4C13CC2OC)CC5C1C2CCCC1C26,0.7151,423.65,3.226,2,4
CC1(C)CS1(C)CON1CC2C3NCC4C5C6C7CCCCCCCN7C65C43C21,0.7146,417.66,3.027,1,4
CCC.CCCC1C(CC2C3CC4CCC2C4NCNCN3)C2C3C1C23,0.7142,359.6,3.812,3,3
C.CCC1CCC(CCCC2CCCCN2)C(CCN)C1,0.7127,296.54,4.726,2,2
CCCC1CC1CCC1NCC2C(CCC3CCCCC32)CC1CN,0.7122,346.6,4.972,2,2
NN1N2CCC3N4CC5CC(CCN6CCCCNCC6)CC42C531,0.7115,332.5,0.031,2,6
CCC(O)N1C2CC3CC1(C2)C3C1CCC(C2CC2CCN(C)CC)C1,0.7096,360.59,3.962,1,3
C.CC1C2CC3CC3(CN)CC2C1C1CNC2C(CNC3CCCC32)C1,0.7093,359.6,3.246,3,3
C.CCCC1NC23CC1C14NC2C31C1CCCCC2C(C14)N2C1CCC2CC2C1,0.7093,395.64,3.925,2,3
CN1CCN(CCC2CC3NC24CC3C42CCCC3CCN4CC5(CCC6CC65)C342)CN1,0.7092,437.68,2.497,2,5
CCCCC(CC)CCC1C2C(F)C3OC(N)C13C1CC3(C)CC3C21,0.7084,349.53,4.913,1,2
CCC1CC2(C3CC3C3C(N)C4C3C3C(CC5OC6CC(O)CC65)CCCN34)CC12C,0.7073,426.65,3.413,2,4
CC(C)CCCC1CCC1C(CC1CC2CC21)N1CCC1(C)N,0.7065,318.55,4.634,1,2
OC1C2CCCCC3CC3C23C2C4CCCCC4CC123,0.7064,272.43,4.0,1,1
CCCCC1CCC1C(O)CC(C)C1C2C(C)NC2N2C(C)CCCC12,0.7046,362.6,4.397,2,3
CC(C)C(CCN1C(C)C2CC21)C1C2CCC3C4CCC(CC1C(C)C2)C3N4,0.7024,384.65,5.18,1,2
CC(C)(C)CN1CC(CCCC2C3CC2C(C2CCCC4CNCC42)C3)C1,0.7023,372.64,5.043,1,2
CC1CC(N2CCN3CCNCC4CCCCC4CCCCCC3N2)CC1C,0.7014,390.66,4.229,2,4
CCC1C2CC3CCC45C6CCCCCCCC64C5C3C12C(C)CO,0.701,342.57,5.664,1,1
CCC(O)NC1CCC2C3CCC4NCCCC4(C3)C2C1,0.7008,292.47,2.641,3,3
CCCC1CC(CC(CC23CCC2N3)C2C3CCCCC32)N1,0.7004,302.51,3.854,2,2
CCC1NCC(C2CC2CCC2CC2(C)CC)N1N1CC23CN(C)N2N13,0.6991,360.55,2.084,1,6
CCCC1CC1CCNC1(CC)CCCC12CCCC(O)C2C,0.6986,321.55,4.902,2,2
C.CC1CN1CCCC1CCCNC2C(CC1)CCC1C3C4C5C(C4C123)C1(C)CN51,0.6984,411.68,4.23,1,3
CC.CNC(O)N1CCCCCC(C2CCCCCCCC2)CC1,0.6982,340.6,5.141,2,3
CCCCNC1C2CC13CC(C)OC1C4C5C(CC14C23)C5C1CCN2C(C1)C1CC12,0.698,408.63,3.923,1,3
CC12C(CCCC3CCN1CCN(C1CC(N)C4(CCC4)C1)C3)OC1CCCCC12,0.6978,415.67,4.171,1,4
CCCC1C2C3CN4CC5C(O)C56C(C4)C6N4C(N)N4CCCCCCCCC132,0.6976,400.61,2.459,2,5
C.CCCC1CC23CC2(C2CCC(C4NC5CCN6CC6C54)CC2)CCCC13.O,0.6961,402.67,4.645,1,2
CC(C)OC1CC1CN1CCCC2CCCCCC2C2CCCC3CCNC3C21,0.6959,402.67,5.239,1,3
CCCC1NCCC1CC1CC2C(CCC(C)CC)C1N1C3C(N)C1C23,0.6953,359.6,3.625,2,3
CC(N)CC12C3C4CCC5C(CC6NCCCCCCCC65)CC4C4C35CC1C425,0.6937,394.65,4.971,2,2
C.CCC(O)NC1CCCCCC2CC3C(CC1C)NN1C2CC31,0.6919,337.55,3.265,3,4
CC(C)C1C2NC2CC2C3CC2N3NC1C1C(C)N2CCN3CC3CCC23CC13,0.6917,397.61,1.506,2,5
C1CCNCN2CNC3CCCCC3CC2CC1,0.6915,251.42,2.288,2,3
CC1C(O)CCCC1CC12CCCCCCCCCC1C2,0.6914,292.51,5.704,1,1
CCCC1C(C)CC2C1NCNC1NC3C4CCCC4C3CC(C(C)C)CN12,0.6908,388.64,3.596,3,4
CC(C)CCCC12NC3CCC4CCC(F)CC4C3C3C4CC4CC1C32,0.6898,359.57,5.59,1,1
CCC(O)N1CCC2CC3(CC21)NC1C(CCCCCCC2CC21)C1CCC3C1,0.6896,400.65,4.933,2,3
C.CC1CC1C1CCC2CC3CN(O)N4C56C7C8CCC9CC9N8C5N7C46CC231,0.6893,396.58,2.962,1,5
CCC(O)N1CCCC(CCC2CCCC23NC2NC4CCCCC4N23)C1,0.6888,376.59,2.807,3,5
CCC(CNC)C1CNC2C(C1)C1CC(C34CCCCC3C4C)CCNC12,0.6883,373.63,3.651,3,3
CCC(O)NC12CCCC3CC45CCC(C4)NCN3C1C51CC1CC2,0.6882,345.53,2.57,3,4
NCN1C2CC3CC4C5CC(CC4(C3)C21)C1CC(N2C34CCC(CC3)C24O)CCC15,0.6882,409.62,3.143,2,4
OC1C2CC(NC3NCCC4C5N6C(N34)C53CC4CCCCC463)CC12,0.688,342.49,0.649,3,5
CC.CC1CC(C2C3C4CCCC(N5C6CC(C)N(CCCC5(C)C)C6)C4N23)CN1,0.688,416.7,3.952,1,4
CC1CC1C1NC2C3C(C)CC4CCC45NCC5CCCC2N1C1CCC3CC1,0.6876,397.65,4.378,2,3
CC(CCC1CC2C1C1C3CC231)C1C2NC3C(CCN)C4C5C(C)C6CC7C(C754)C21C63,0.6867,416.65,4.004,2,2
CC(C)C1NC(C2CCC(Cl)C(O)C2)C2C(N)CCCC12,0.6864,314.9,2.495,3,3
C.CC1CC(CC2NC23CC2C4CCCCC2C43)NC1C1CCCCC1,0.6861,358.61,5.126,2,2
C.CC1CC1CC1CC2CC(C3CO3)C3C45CCCC6C4C65C123,0.6848,312.5,4.756,0,1
CC(C)(O)C1CNCC2C3CCC4(CC4CCCN1)C32,0.6847,278.44,1.761,3,3
CC(N)C1CNC2CC3C(CC4C2CC43)C(CCC(C)C2CCCCC2)N1,0.6844,373.63,3.921,3,3
NCN1C(O)NC2CC13C1CC45CCCCCCCCC4CC5C3C21,0.6836,345.53,2.618,3,4
C.CCC1CCCCC1N1C2CCC(O)C1N2C(N)N1CCC2C(C3CCCCC3)C21,0.6832,432.7,4.159,2,5
CCCC1C2CCCC3C(N4CNCC4(C)C(C)(O)F)CC4CCCCCC2C413,0.6827,406.63,5.087,2,3
CC1CCC2C(C1)C1C3CCC4C5C6N7CCCN6C7N5C41C23,0.68,311.47,2.392,0,3
OC1NCNC2CC3(CC2CCC1C1CC1)C1C2C4C5CC6CC65C1C423,0.6795,352.52,2.558,3,3
CCCS1(O)OC12CCCC1CCNCCCCC3CN4C5CCN4C5C3C12,0.6793,409.64,3.815,2,5
CCCC(O)N1C(C)C1CCNC1CCOC(C)C2CN3CC3CC2C1,0.6764,365.56,2.045,2,5
CCC1CCN2CC34CC3C2(CC(OC)C1)C4C1NC2C(CC1C)CC21CC2CC(C)NC21,0.6761,453.72,4.045,2,4
C.CCCC1CC(C2CCC(C)C2)NC(C2CC34C5CCCC6N3CCC65N4N2)C1C,0.676,428.71,4.757,2,4
CC1C(F)CCCC1C1CCC2NC(NC(O)C3CC3F)SC2C1,0.674,360.51,3.184,3,4
CCC1CC(C)C2CC34C5C6C(C7C8C9C%10C9C%10C876)C53N4C2CC1CC,0.674,347.55,4.278,0,1
CC.CCCC1CC1CCC1CC2C3CC3CN(C1)C1CC21,0.674,303.53,5.205,0,1
C1CCC2(CNCC3OC3C1)C1CC(C3CC4C5C6CN5C6N34)C2N1,0.6739,342.49,0.361,2,5
C.CC1CNC2CC(C1)C1CCC3CCC2C(CC2CCC4CC42)C31,0.6734,343.6,5.745,1,1
C.CC(C)CCCOC1CCN2CC3C4CC4C3N3C4CCC5CC5C4C123,0.672,372.6,4.224,0,3
NC1C(N)N(C2C3CCC4CC432)C2C3CC4C5OC5C43C12,0.6714,285.39,0.115,2,4
C.C.CCC1CCC2C(C)CCC3CC3C(O)CC2C1,0.6713,282.51,5.518,1,1
COC12CC(CC3C4CNC56C7C8CCCCNCNCCC87C5C436)C1C1C3CC312,0.6713,407.6,2.208,3,4
CC1C(O)C2CCC3CCC(C4CCC(N5C6CC7CC7C65)CC4)CC3C1C2,0.6708,383.62,5.097,1,2
CC1OC2CCC3CC3C1C1NC3CC4CCCCC4C34CNC3CC34C1C2,0.6698,382.59,3.725,2,3
CCC1(OC)CCC2(CCC3CC4C(CNCCCN3)CC35CCC3(F)CC45)CC21,0.6697,418.64,4.848,2,3
CCC12CCCC3C(C1C2NC)C1CCC2C4CC5C6C7C8CC9CC9C87C6C54C312,0.6696,401.64,5.211,1,1
CCOC(O)CCCC1C(N)C23CC2N2CN1CC1C4CCCCC4CN1C23,0.6684,390.57,1.385,2,6
CC1NC2CC2C1C1CCC2C(C1)C21C2CC(N3CC3C3CCC4CCCC4C3)C21,0.6683,406.66,4.934,1,2
CCCC1CC23C1CCC2C3CNCC1CC2CN2CCCN1CCC,0.6681,359.6,3.597,1,3
CC1C2C3CCN4C3C3CCCCCCC(C3)CN4C12,0.6665,274.45,3.532,0,2
COC1CCCC(C2CCC(NC3CCC(C)CCCCCCC3C)N2)C1,0.6645,378.65,5.635,2,3
CCC1CCCNCN1CCCC1(C(N)N2CCCC(F)C2C)N2CN21,0.6644,368.55,1.495,2,6
C.CC1CCC23CC4CCCNC2CC25C6CC(O)CCC62C5C3C4C1,0.6632,357.58,4.614,2,2
CC12CC3CC3CCCCNC1CC1CCCNCC1CCCC2CN,0.6632,361.62,3.926,3,3
CC.CCCC1CCCC(NC2CC3C4C5C(O)C45N3C2C2C3CNCC2C3)C1,0.6628,401.64,3.001,3,4
CCC(O)NC1CC2CC(C3C4C3C43CCC4CC(O)C4C3)CC23CC13C,0.6627,371.57,3.542,3,3
CC(C)CC1CCN2C1(CC1C(C)CCCCCNCCNC1C)C1C3C4C1S342,0.6626,419.72,4.373,2,3
C.CC1CCC2CN3C4C(CCC5C6CC6C54)C3C3(C1)CC31CCCC1C2CN,0.6625,396.66,5.169,1,2
CCC(O)C1(P)CCC(C2CC3NCCC3C3NC4CCCCC4C23)C1,0.6604,378.54,3.316,3,3
CCC(O)C1CCCNCCCCCC(C)C(C)CCC2CC2CC1,0.6601,351.62,5.786,2,2
CN1CCC2C3CCCNCCN(CC4CC5CCC6C(C5C4)C4C6C5C6C4C56)CCC3C2C1,0.6588,463.75,4.296,1,3
CCCC1C2CC(NCN3CCC(C4C5CCCC6CN6CC6C7CC7C6C54)N3)C12,0.6587,410.65,3.159,2,4
C1CCCCC1.CC1CC2CN1C21CC2C3C(N4CCCCC4)C3N3C1N23,0.6565,370.59,3.287,0,4
CCC(CCC1C(C2CCC3CC3N2)CC2C3C(C)CCCC123)C1CCN1.F,0.6563,390.63,5.136,2,2
CCNCCC1CC2C1C1CCN3C4C5CCNC5NCN4C123,0.6555,317.48,0.408,3,5
C.CC(C)C1CC1CCC1CCC2C(C1)C1CCC3CC4NC5OC56CC6C4N3C21,0.655,412.66,5.049,1,3
CCC1CCCC12CC1C3(C2)NC2CC(C4CCC5CC5C4C)CC24NNCC143,0.6544,395.64,4.242,3,3
CN1CCC(C2CCCC(NC3CN4CCCC(C5CCC6C7CCC7C6C5)C4N3)C2)CC1,0.654,454.75,4.516,2,4
CC1CCC(C2CC2N)CCC(C2CC(C(C)O)C3NCCCCCCC23)C1,0.6532,390.66,4.722,3,3
COCCCC1CCN1C(C)CCCC1CC2CC2CCCN1,0.6531,322.54,3.824,1,3
CCC(O)NCCC1CC2CC3CCNC4N5C6CCC5C(C6)N4C32C1,0.6515,360.55,1.677,3,5
CC.CCCC1CNCCC2NC2C1.NCN1CC2C1C1C(C34CC3C4)N21,0.6513,375.61,1.585,3,5
CCC1C(C)CC2C3NCNC4C(CN5CC5CC5N4CCC4CCC56CC46)C3C12,0.6509,410.65,2.954,2,4
CCCC(C)C.OCNC1CCC2C3CCCNCCCC3C2CC1,0.6503,352.61,4.553,3,3
CC1CC23CC4C5C6C7NCC8C(CC9C%10CC%10CC97)C7CC7C8CC56C4N2N1C3C,0.6496,417.64,3.609,1,3
CC(C)C1C2C3NC4CC5CCNC5C4NC3C23C2CC4CCCC42CCN13,0.6483,382.6,1.954,3,4
CC1CCCCNN2CCC(C(C)NC3CCC(CC(O)(F)F)CC3)C2C1C,0.6477,401.59,4.15,3,4
CC(C)CCCC(N)CC1NCCC2NC(C)C(C)N3C(C)CCCC3CN12,0.6473,393.66,3.101,3,5
CCC(O)NCCC12CCC13CC3C(C1CC3CNCCC3C1C)C2,0.6461,346.56,3.383,3,3
C.CC1C2C3(C)C4CC4CC(C4C(C5CO5)C5C4C4C6CCCCC6CN45)C123,0.6454,381.6,4.685,0,2
CC(C)OC(C)CCCCN1NC23OC(N)C2C1C12C(CC31)C1C3CC4CC4C312,0.6448,399.58,2.708,2,5
CC(C)O.NC1C2CC3CCC2C(C3)CC12CCCCNC2,0.6447,308.51,2.917,3,3
CCC1OC1C1CCCCNC(C23CCNN2CNC2C3C3CN32)C1C,0.644,361.53,0.708,3,6
CC1CCCC2C1C1CCC3NC4NC(O)C5CC5CC3(C1)C42,0.6437,316.49,2.701,3,3
CCCC(O)CCCC1CC23CC4CC4CCCC2C32CCCN2CN1.CN,0.6431,391.64,3.873,3,4
C1CCC2C(C1)CCC1CC3CC(C3)C1C1CCC3C2CCNC31,0.6403,327.56,5.253,1,1
CCC(C(CC1(C)C2C3CC4C(CCN43)C2N1C)CS1(O)OC1N)N(C)C,0.6392,398.62,1.963,2,6
CC(C)(C)CCCC1C2NCCC(C3C4CC5C6CC4(C)CC54CC4CCCN63)C12,0.6378,410.69,5.716,1,2
CN1CCC(C2C3CC4NCCC(C5CCC6OCC7CC(Cl)CCC7N6C5)N4C32)CC1,0.6368,463.11,3.181,1,5
CC1(C(N)O)C2NC3C4CCCC3C(CC4)C2C2C3CCCCC3N21,0.6368,345.53,2.062,3,4
C.CCC1(C)CC1CC1CC1CCC1CCCC2CN2CN1C,0.6359,320.57,4.991,0,2
COC1CCCCC1N1C2CC(NC3CC4C5C6CC6C45N31)C2C(N)O,0.6355,360.5,0.465,3,6
CC(C)(O)C1CC2CC2CN2C3CCCC(C4CC4C4CCCCC4)C3C2CNC1N,0.6352,429.69,3.973,3,4
C.CCCCC1CC2CCCC3N(C1CC(O)C(C)C(C)C)C1CCNCC231,0.6343,392.67,5.077,2,3
CC1C(CCNC2CC2CCBr)C23CCCCCCC2C13.N,0.6342,371.41,5.154,2,2
CC1C2CCCCC2N(CCCC2CCNC3C(CCC4NCCC43)C2)C12CC2.P,0.6335,433.67,4.624,2,3
CCCCC1CC2C3CCC(CC32)C1CCCC(O)CC,0.6334,292.51,5.416,1,1
CCC(O)N1CCC2C3CC4(CCCC5CCCCCCCCC6OC6C54)C2C31,0.6329,401.64,5.36,1,3
CC(CC1CCCC(C)(NCCC(N)O)C1)C1C2CCC3C2C31,0.6317,320.52,3.12,3,3
CC1CCCC2CC3CCC(C4CCNC5CCNC6CC67C6C(C54)C67)CC3CC12,0.6316,408.67,5.087,2,2
CCCC(CCCC1CCC23C(C1)C1CN2C2NC4NCNC3C4C12)C1CC1,0.6307,384.61,3.104,3,4
CC1(C)C2CCCCCCC(C34C5CNC3N4C5)NCCCCCC21O,0.6287,361.57,2.86,3,4
CCC1C(OC)C2C1C21CCN2C34NCCN5CCN6CC(NC7CCC(C)C7)CC6C53C214,0.6263,453.68,1.32,2,6
CCCCNC1C2C3C4CC5CC3C5C4CC12CC1C2CCC3CC3C21C,0.6253,365.61,5.355,1,1
CC1CCCCC2N3N4CN4C23CCCN2CCCC2CCCN1C,0.6243,347.55,2.705,0,5
CCCC(CC)CCCN1C(C(C)O)NC2CNC3CCSC3C21,0.6242,355.59,2.42,3,5
C.CC(O)C1C2CCC3CC3CCCCCNC3CC(N)C3C2N2OC12,0.6227,365.56,2.487,3,5
C.CC1CCCCN1C(O)NC1CC2CCCCC3CCCCCCCC321,0.6209,378.65,5.672,2,3
CC1CC(NC2CCCC3C(N(C)C4C5CCC5C4NC4OC45C(C)C5F)N23)CN1C,0.6204,433.62,1.57,2,6
C.CC1CCCC(C2CCC(CCCN3CC45CCN3C4C5)CN2)C2CCNNCC12,0.6202,431.71,3.632,3,5
CC(C)CCCCNC1CCC2C3(CC3CCN)C3CC4C5CC5CN4C23C1,0.6202,385.64,4.019,2,3
CC1CC2CC(N3C4C5C(CC(N6CCCCCC6)N43)CN3CC5O3)C3CC23NCC2C1N2C,0.6193,468.69,1.772,1,7
CCC1C(C)C2(CCCCCCC3C4CC(O)CCC4C32)C2C3CC132.N,0.6191,359.6,5.824,2,2
C.CC12CC13CC31CC1CCCC2CC1C23CC(C45NCCC6CCC4C65)C12C3,0.6189,391.64,6.033,1,1
CC(CC1C2CCCNC2C2C3CCCCC3CC12)C1C2CCC3(C1C2)C1CN(C)CCN13,0.6178,451.74,4.868,1,3
CCC(O)N1CC2(CC23CC(CCC2CCC2C2CCCCC2)CC3CN)C1C,0.6177,402.67,5.167,2,3
CC1CC2CC3CC(C24CC4C1)C12C4CC31C2N(CC(C)C1CC2CC3NCCC231)NCN4,0.617,448.7,3.597,3,4
C.CCC1CCC1C1CCC(CCC2CN3NC4C5C(O)CC6CC67CC57C4C3N2)C1,0.6169,427.68,4.149,3,4
C.CC(CCCC(F)(F)F)CC1CC(C2C3C4CCN5C4NCN3NN25)CCN1,0.6166,418.55,2.661,3,6
CCCCCN1CCC(CC2C3C4C5CCC36C2C546)NC2OC(C3C(C)CCNC23)C1C,0.6164,439.69,3.86,2,4
C.CCC(O)CCCC1CNCC12C1CC1C1CCC3NC4CC5CCCC4C53C12,0.6163,414.68,4.592,3,3
COC1CC2OCC2C2C3CCCNC(C4CCC(C)C4)CCCCCC3CCNC12C,0.6148,446.72,5.159,2,4
C.CCCCNCC1NC2CCCC(C)CCCC2C(CC)C1C,0.614,338.62,5.621,2,2
OC12NC3CC1(C3CCCCCC1CCCNCC1)C21C2CCCC1CC2,0.6123,372.6,4.203,3,3
CC(C)C12OC1C2C1CCCCCCC2NCC3(CC4C56C3C5C43C6CCC4CN43)C2NCC1,0.6114,463.71,3.799,2,4
C.CCC(O)NC12C3C14CCNCCCCN1C(CCC5C6C7(C)C8C9C1C87C596)CC342,0.6112,423.65,2.818,3,4
CCCCC(CC)C1NC(C2NC34C2C32NC(C)C43C4C(C)C4C23)C2CCCC3C2C31,0.6107,421.67,3.788,3,3
C.CC1CCCC2C3C(CC(O)C1)C1CC24CCCCCC4C13,0.6105,318.55,5.662,1,1
CC1CC(C2CC34CC5C(CC3CC24)C2CC23CCCCCCCN53)C1.N,0.6104,370.63,6.044,1,2
C.CCOC1C(C)CCCCC2C(C)(C)CC23C1C1CC2C4C(C)N(C)N4C2C13,0.6103,402.67,5.454,0,3
CCC(O)N1CC1CC1CCCCN(C2C3CC4C(C5CCCCC5)C4C32)CCC1,0.6102,414.68,5.132,1,3
CC1(O)C23CCCCC4CCC5C6CCCCC6CC5C4CC(N)C4C2CC413,0.6087,383.62,5.134,2,2
CC1CCC2NCC2CCC12CCN1C2NC23C(C12)C1C2CCC(C)(N23)C12CCOCC2,0.6086,438.66,2.764,2,5
CCCCC1CC2CCCCC3NNC4CNC5CCC2(CC1CN)C5N34,0.6081,375.61,2.534,4,5
CC(C)CCN(C)C1CC(CN2CCCCCCC2N)C(C2CCC(F)CC2)C1,0.6077,409.68,5.438,1,3
CC(O)N1CCC2CCC3C(C4CCCCCCCC4)CC34CNCC4C21C.N,0.6075,405.67,4.954,3,4
CCCN(CC)C1CN2C3CCC4CC5CC(OC)CC6CCCOC7(CC)CC5C4(C3C12)C7N6,0.6071,485.76,4.301,1,5
C.CC(O)C1CC12CC1C3(CCNN4CCC(N)C5OCN6CCC7(CC7)CC564)CCC123,0.6055,444.66,2.666,3,6
CN.NC1C(CCCF)C1C1CC23CC2CCCC3NC2CC3CC3C2N1,0.6048,378.58,2.172,4,4
CCN(C)CC(C)C1CC2NCCC3CC4CCCC3C4C2C1CCC(C)C,0.6036,388.68,5.677,1,2
C.CC.CC1C(NC2CNC3CCC3C2)CCCC2CC2C1CCC1C2OC12C,0.6034,404.68,5.387,2,3
CC1C2C3NC45C2CC3CC2CCCCN3CCCCC3CC3C6CCC(C2)C34C165,0.6034,406.66,5.08,1,2
CCCC(CC(O)CCC(C)C)NC1N(C)CCC2N1C13CCCCC1N23,0.6034,378.61,3.147,2,5
C.CCCCC(CCOC)N1CC2CC2C12CCC1NC3C(NC1C2)C1CN2CN2C13,0.603,431.67,2.262,2,6
C.CC1C(C2CCC3C(C2)C2(F)OC32)C23CC4C(C)C5(C)N6C2N2C7CC(CC63C725)N14,0.6017,425.59,3.214,0,4
C.CCC(O)NCCC1CCCCCCCCCCC23CC1N2CC3CN,0.6016,381.65,4.263,3,4
C.CNCCC1NC2CC1C1CC13C1CNC4NCCC4C1N(C)C3C2,0.5999,361.58,0.826,4,5
CNCN(C1OC2CCCOCC21)C1OCC12C(C)CC1C3CCCNC3(N)C12,0.5987,406.57,0.9,3,7
C1CC2ON2C23CCC4CC5C6CCNC6NCN5C42C3C1.COCCC1(O)CC1,0.5983,418.58,1.379,3,7
CCC(O)N1CCC(CCCC2CCCCCCCC2)CC1.CN.CP,0.5979,388.62,5.414,2,3
CC1CCC2C1C1CC3(C4C5CC6CCCNC6CCCC6CC6C543)C21C,0.5976,365.61,5.499,1,1
CNC1CCC2C(C1)CN1CCC(C)C(NCCC3C(CCC4CC4)CN4CC34)C21,0.5974,414.68,3.183,2,4
NC(O)C1C(CCC2COC23CCCCCC3)NC23CCCC4(C5CCOCC54)C2C13,0.5973,430.63,3.193,3,5
CC1CCC2(CC1)CCC1CNCN1C13C4CC(C5CCCCC5)CCC4CN1C23,0.5972,411.68,5.215,1,3
C.OC1NC2CCC(CC3NCNC4CCCC43)CC2N1C12CCCCC1C2,0.597,390.62,2.751,4,5
C.C.CCCC1CCN2C3CCN4C5CC(CC6C7C8CC687)CC5C4(CC1)C32,0.597,384.65,5.421,0,2
NCCC1CCC2C(C1)C1CCC3NCC4C5CC6C(CC5N2C4C31)C61C2CCC3CCC3CC21,0.5969,475.77,4.899,2,3
CCC1C(CCC2CCC2)CC(NC2CC3CC2CC3N)C12CCCCC2C,0.5968,386.67,5.893,2,2
CC1CCC(NCCC2CCC3C(C2C)C2C4CC5CC46C4C7NC7C46C532)CC1.CO,0.5967,424.67,4.058,3,3
C1CNCC(CC2NC(CC3CNCCN3)CC3C4CC4C23)C1.CCCC,0.5959,376.63,2.747,4,4
CCC1CCC23CC4C5CCNC67CCCCCC6CC76CC(O)CCC6C4C52C13,0.5959,409.66,5.538,2,2
CCCC1CC2CN3C1CCC14C5CCC5C1CC41N3C3(C2OCC2CCCC(CN)C2)C2CC231,0.5953,477.74,4.825,1,4
CC12CC13CCC1NCC4CC5OC5CCCCCCCCC4CCNC1C23,0.595,386.62,4.651,2,3
CCCCCCC1C(C)CC1CCC1CC2CCNC2NCN1,0.5943,321.55,3.854,3,3
COC1CCCPCCN2CC34CC3OC3CCNC5C6C(CC3C2C4CCC1)C1C2C1C562,0.5942,470.64,3.592,1,4
C.CC(C)C1CCC2CCCC(O2)C1C12C3C(CC14CC1(CC1)C4)C32,0.5917,342.57,6.069,0,1
CCC1CC2C1CC21CC2(CCCNC)NC(CC)C(C3CC3)CCNC21,0.5917,373.63,3.937,3,3
CC1CC2CCNC3CCCC(C3)C3CCNC2(CCCCNCN(C)C1)C3,0.5911,390.66,3.582,3,4
COC1CCCCCC(C23CCC4OC4C4C2CCC2C5CC25C43)CCC1,0.5909,370.58,5.592,0,2
CCCCNCN1CC2CCC34CCC5C6C7C(C)(CC8NC(CC3C21C)C54N8)C67C,0.5906,424.68,3.536,3,4
CCNN1NCCC1CCCC1C(O)NC23CCC45CCC1(C)C42C53,0.5903,346.52,1.747,4,5
CCC1(O)CCC2C3CCCC2(CN1)CC1C3C2C3C45CCCCC4C25C32C(O)CC12,0.5886,423.64,4.324,3,3
CCCCC(CC)C1CCC2NC(NC(O)C3CC3F)SC2C1,0.5885,344.54,3.626,3,4
CCCCCCCC1CCC(C)C(C2CCC3(CCNC3O)CC2)N1,0.5884,350.59,4.592,3,3
CC(N)CC(C)CNCCCC1CCCCC2C(CC3CCN3C)C12,0.5882,349.61,3.876,2,3
CC(F)CCC(Cl)C1CC(C2CC2CC2CCC3CC4CC4CC32)NC1N,0.5877,397.02,5.093,2,2
CCCC1CCCC(C2C3CCCC2C3C2CCCC3CCC(N)C32)C1C,0.5876,371.65,6.655,1,1
CCC(CCC1C2C3NC4CC4C(CNC)C4C1C3C24)C(C)CCC(F)F,0.5866,380.57,4.408,2,2
CCNC1CCCCCC(C2CCC(CC34C5CCC3C4C5)CC2)CC1,0.5866,357.63,6.568,1,1
CC1CCCCCC1C1C2C(C3CC3C)N1C21CCC2NCN(C3CCCNC3)NC2C1,0.5865,441.71,3.321,3,5
C.CC1C2CCCCCC3C4CC4C14C2C1CC(NC2CC5CCCCC5N2)CC314,0.5861,410.69,5.967,2,2
CCCCC1CC12CCOCCC2C1CCCCCCCCOCC1,0.5857,350.59,6.377,0,2
CCC1OC1CC(C)CC1CCCC2C1C1C3NCNC4(C)CC4CNCCCC3N21,0.5854,430.68,3.099,3,5
C.CCCCCCCC1CCC2CC(C(C)O)CC2C1,0.5845,282.51,5.806,1,1
CC1C(O)NCNCC23CC4C5CCC(CNCC6CCCCC6)CC54C2CC13,0.5837,401.64,3.32,4,4
CC1C(F)CCCC1C1CCC23CC(NC(C4CN4F)O2)C2NC1N23,0.5836,354.44,1.711,2,5
CCCC1CC1CC1CC2NCCC(C)(C)CCCC3CCCC3CCCN12,0.5834,388.68,6.599,1,2
CC1CCCCC2C(CC1C)C1C2CC12CC2CC1NO1.NC1CC1C1C2C3CC3(F)C12,0.5832,442.66,5.3,2,3
C1CC2CC2(CC2CNCCC3C2CC24CCCC(C56CCCC5C6)CC2C34)C1,0.5827,393.66,6.425,1,1
CC1NC2CC3C4C5C(CC3([SH]24)C12CC2O)C1CC2C3CCCC3C215,0.5826,357.56,2.899,3,2
C.CCC(C1CCC2NC(NN(O)C3CC3C)CC2C1)C1C2CCCCC21,0.5823,377.62,4.793,3,4
C.CC1ON1C1CCCCCC2C(CCC1)C1C(C3CCC4CC43)C21,0.5813,345.57,5.873,0,2
CCCCC1CC2C1CC1C2N1C1NN(CC2CCCCCN2)C2CCCC(O)C21,0.5811,416.65,3.094,3,5
CCCCCNC1OC2(C)CCCCC3C(CC12)SC12CC1(C)CC(C)C32,0.5809,391.67,5.998,1,3
CC(C)N1C2CC3CC4CC5CC67CC(C6NC5C4C3C21)C1(CC23CCN4CC5C6C4C56C2C3)C(C)C71,0.5805,497.77,4.473,1,3
CC1CCCCCC(C2CC34CC(C(C)C)C35CCNCCC245)CC1.Cl,0.5802,380.06,6.457,1,1
CCC(O)N1CCCC(NC2CCC3C(C)CNCC(C2)N3C2CCC3CCCCC3C2)C1,0.5798,460.75,3.959,3,5
CCNCCCC1CCC(C2CCC2C23C4CCC2C3C4)C1CC,0.5797,329.57,5.501,1,1
CC1CC1NC1(C)NC(NC2CCC(O)CC2)C2C3CCCCCCC4(CC24)C31,0.5796,401.64,3.746,4,4
CC1CC12CNC1NCC3C4CCC3C3(CCCC5CC5CCCN3CCC1C2C)C4,0.5794,425.71,4.875,2,3
NCC1CCCCC1N1CC(C(N)O)CNC2CCCCC2C1,0.5785,324.51,0.861,4,5
C.CC1CC2CC34CCC(N)OCCC3CCC3CC3NN(C)C3OC3C2(C4)C1C,0.5783,419.65,4.126,2,5
CCC1CCCC(F)C2CC3C(NCC4NNC1C43)N2,0.5772,282.41,0.903,4,4
CCCCN1CCCC2CC3C4CC4C3CC2C2C(CC)CCCC2C1,0.576,357.63,6.233,0,1
CC1C(N)C1CCCCN(C)CCCCCC1CCCC1N,0.5754,309.54,3.37,2,3
CCCCC1C2C3CCCCC3CC2C12NC2NCC1CC2CC3(C)CC3C2C1,0.5748,396.66,5.579,2,2
CCCC1CC2CNC1N(C1CCC3C(C1)C1CCCCC4C5CCCCC5CN4C13)C2C,0.5746,453.76,5.89,1,3
CC1NC(N2CCCCCCCCCCC3CC3CC2)CCCCC12CC2(C)O,0.5745,404.68,5.858,2,3
CC(C)CC1CCC2C(C1)N1C3CC(CC3C)C3C4CCC5CC6(F)CC6C5N4C3C21,0.5744,426.66,5.509,0,2
C.COC1CCC(CCC2CC3CCCCC4CC4C34CC3CC3CC4N2)CC1,0.5742,401.68,6.581,1,2
CCC1CC23CC1NC2CCCCN3C1C2C3NCCCC4C(C)C4C(O)C4CN4CC321,0.5741,440.68,2.049,3,5
CCC(O)N(C)CCCC1CCCC2C(CC1)CCC1CC3NCNCCCC3N12,0.5741,420.69,3.528,3,5
CC1CC23CC2C3CCC1CCC1C2CCCCC2C2CC12C,0.5733,312.54,6.301,0,0
C.CC1CCCC(CN)C1N1CC(NC2C3CC(CCCF)CC32)C2C3NCC(O3)C21,0.5729,436.66,2.747,3,5
CCNC(O)CC1CC2CCC(C34CC5C6CC3C6CC54)C(N)C2N1,0.5724,345.53,1.681,4,4
COC12CC3CNCCCCC4CCN5CCCCC5CC4NCCC3CCC1N2,0.5714,418.67,3.104,3,5
CCCCCC1COC(C2C3C(CNCCCC)C2N2CCCC(C)C32)N1,0.5703,377.62,3.616,2,4
CC.CC1CC1NCCN1CCCCCCCCCCC12CCCCCC2,0.5702,378.69,6.93,1,2
CC(CC1CCC2(N3CCOCC3)CC12)NCC(O)CC1CCC(C2CC2C)C(C)C1,0.5697,432.69,4.315,2,4
CC1C(CCCF)CCC2CC3C(CCC4C3C3C5NC6NCN7NNC4C57C63)C21,0.5696,415.6,2.227,4,5
CCCCCCOCCCN1CNCCCCCC1C(O)CC,0.5695,328.54,3.536,2,4
CC12CC1CN1C3CC4N(C5C6C7CC78N5C68N5C6C5C5CC57CC67)C45CNC5(N2)N31,0.5692,415.55,-0.857,2,7
CCCCC(N)CCC(N)CCC(O)C1CC2CCCCC2C1,0.5691,324.55,3.969,3,3
CC1CCC(C2CC3NCCCC3C(C3CC45CCCCC4C(CCN)N5N3)N2)C1,0.5686,415.67,2.76,4,5
C.CCC1CCCCC12N(C1CC3CCC4CC5CC43C51)C21NCCCC1CC,0.5686,398.68,6.208,1,2
CC1CC2(C)C(C)C2CCCC2CCC3(C)C4C(CCCC1CC1CN1)C243,0.5684,369.64,6.279,1,1
CC12CC1C2CCC1CCC(C2CCCCCCCN2)C(CN)C1(N)O,0.5659,363.59,2.983,4,4
NC1CC2C3NC24C2CC(CCCCCCC2CO)C(O)C4N3C1,0.5655,335.49,0.646,4,5
CC1CC12CC21CC12CCCN1C3C(C4C5CCC6C7C8CC8CC7C6C54)C3C12C,0.5646,401.64,5.45,0,1
CC(CCC1(C)CO1)N1CC23CC(CNC2C2NC4CC5C6COCCN6C5OC4N23)O1,0.5641,447.58,-0.323,2,9
C.CCC1C2C3CCCC24C(CC12C(O)C2CCCNC1CC2C5C26C(C)C56C1OC)C34,0.5636,439.68,4.731,2,3
C.C1CCC(C2CCC3C(C2)C2C3NC34CC5C6CCCCC6C5C3C24)CC1,0.5636,381.65,6.278,1,1
CCC1CC2(C1)NC2C1NCNCCC(F)C2CC(CCC2F)CC2CCCCC21,0.5636,423.64,4.715,3,3
CC1CCCCCCNC2C(CC3C(C)C32)NC(CN2CCCNC2)CC1CCO,0.5634,420.69,2.799,4,5
NC12CC34C5CCC1(C3CC1CC1CCC1C(CC3CCC3CCC3CCOCC3)NC14)C2C5,0.5631,464.74,5.52,2,3
CCCC1OC1CCN(CC)CC1N2C3CCCCCC4C(CC5CCCCC54)NC312,0.5628,429.69,4.777,1,4
CC.CC1(C)CC1ON1CN2C3NC4C5C6CCN(CC4(C1)N3C21CCC(CCN)NC1)C5C6,0.5618,473.71,1.149,3,8
CCC(C)C1CC2CC1C2CNC1C(C)CC1CCCC(O)C1CC2C3C4CC43N12,0.5616,412.66,4.295,2,3
CCCCC1CC23NC(C4CON5C6CCCNC6C45)CCC24C(CCCC)C4C(O)N13,0.5614,444.66,2.82,3,6
C.CC1CC12C1CC(CC3CCC4(C(N)O)CC5C6CCCCC5C6CC4N3)C3CC312,0.5612,426.69,4.925,3,3
CCC(O)N1C2CC3OC4C(CC56CC7C(C(C)N7CC7CC8NC9CC9OC8C7)N5C46)N3C21C,0.5608,483.66,0.494,2,8
CCC1CCCCCNC2NC23C2CC45C6C7CCCC6N(CN7)C4C5C23CCCC1,0.5602,424.68,3.823,3,4
CCC(O)N1CCC2CCCCCCCNCN(C)CCCC3CC3(C)CCNC2C1CC,0.5599,464.78,4.803,3,5
CCCCC1CC1CC1CCC2N3CCN(C4NCNC5CC(OC)C(OC)CC54)CC3N2C1,0.5594,475.72,2.483,2,7
CCCCC1C2C3CC4CCC3CC4C1N(NC)C2NC1CCC2(CC1)C(C)N2C1CC1,0.559,440.72,4.757,2,4
C.CCC(O)N1CCCCNCC2C(C1)C1C3CCC4C5C6COC7C(CC31C1C3CC3CC21C)C7C465,0.5588,508.79,4.868,2,4
CC1CC(CCCCNC2CCC3CC3C2)N1CC1C2CC3CCC2C1(C)C3,0.5582,384.65,5.47,1,2
C.CC.CCCCCNCC12CCCCC1C1CCCCC12,0.5577,309.58,6.425,1,1
CCC1CC2C(C1C)C2C1CN2C3C2C32CC(CCCC3CC4C(C)C4CCNC3O)CC12,0.5572,452.73,4.994,2,3
CCC(O)CC(C)CC1C23CCNCCC2C13C1CC2CCCCC3CCC2C3C1,0.5569,413.69,6.032,2,2
CC1CCC2CCC3CCC4CN(N(C)C)CCN4CCNCCNCCC3CNCCC12,0.5566,462.77,2.481,3,6
C1CCNCC2CC3C4CCCC4CC3C2CC1.CCCNC1CC(CC)CC2OCC12,0.5554,444.75,6.028,2,3
C.CC.CC1CC1NC1CC2CCCC3CCCCCCCC3CC21,0.5554,349.65,7.202,1,1
CCCCCC1C(CCC)C2CC3CCC4NCC(C4C3)C2C2C3CC3C12,0.5549,369.64,6.135,1,1
CNS1(O)C(C)C1CC1CCNC2C3C4CCCCC4C23CC2NC2CC1,0.5544,393.64,3.484,4,4
OCCC1CC1CC1CC2CCC3(NC4CCCCCCCCCC14)C1CCC13C2,0.5539,413.69,6.463,2,2
CCCCC1CCC2NCCC(CCCCO)CCC3C4C(C)(C)CC34C12,0.5523,375.64,5.786,2,2
CC1CC1C1CCC2C3(C1)C1C45CNCC4CC4CC6C7CCC(CCC6C4C5C213)C7,0.5522,417.68,5.993,1,1
CCC(O)N1CC2C3C1C1CC4C(CCC5CCCCC5)C1(C4C1CNNN1)C23,0.5519,400.61,2.485,4,5
OC1C2CCCCCC3CCCC4C(CC31C2)C1CC2C3N5C(C6CNCNC6)C5C23C41,0.5516,437.67,3.208,3,4
CCCCC1CC2CC34CCC5CCCCC53CCC24C1C,0.5513,300.53,6.59,0,0
CC1C2CCCCC12C1(C)CC2CCC(C3CCC4CNC5CCCC5C43)C1C2,0.5504,395.68,6.67,1,1
C.CCC1(C)C2CN(C3CCCC4C5CCC56CCCCC46C4C5CNC(CC6CC6)C54N3)C21,0.5497,465.77,5.796,2,3
C.CCC1CC2CCCCC2C1CC1CCCCCCC(C(C)O)C(C)CN1,0.5495,393.7,6.811,2,2
CC1CC1(O)CCC1CCC2C(C1)C1C2C(O)C(CN)C2N3C4(O)CC4C123,0.5495,374.53,0.91,4,5
CC1CCCC2CC(CNCC3CC4CC5C(CC6(C)CC6)C5C4C3)CN12.CC1CCNC1,0.5495,455.78,5.553,2,3
CC(CCCCNC1C2CC(O)OCC2C2CC3C(C)C3CNC21)C(C)OF,0.549,398.56,2.886,3,5
CC1CCC(C2(N)CCC3CCCCCCNCCCC(O)N(C)C3N2)CC1,0.5487,394.65,3.378,4,5
CCC(O)CCC1N(C2NC3CCCCC3C2CO)C2OC13CCC23.CCN,0.5481,395.59,1.788,4,6
CCCC1CC2CC3CC4C(CCC45CCC(CNC4CN4)C5)C3CC23CCCC13,0.5475,410.69,5.971,2,2
CCC1CC2C(CC1OC)NCNC2N1CCN(C2CCC(CC3CCC(C)CC3)CN2)CC1,0.5472,475.77,3.442,3,6
CC.CCC1CC1C1CCCCC1C(F)CCCCCO.N,0.546,317.53,5.918,2,2
CN1CCC2CC3ON3C3CC4C5CC6CC6C5C3C43COCCC34CC3C5C3C54C2C1,0.5459,434.62,3.481,0,4
CNC1CC(C2CC3CN4C(CC5NC6(C7CC8C9CC9C9CC9CC8C76)C54)NCCCCCC32)C1,0.5458,490.78,4.069,3,4
CC1CCCCCCC2CCNCCC2NCC2CC(CC3C4CCCC3C4)C2C1,0.5458,414.72,6.403,2,2
C.CC1C2CCCC(NCC3C(CCC4NNCCCO4)C4NC34)C1C2,0.5445,364.58,2.244,4,5
CC.COC1CCCCC1NC1CC2CC2C2C(C1)C2C1CCC23C1C2C1C3N1N,0.5436,413.65,3.803,2,4
CCC1CCCCC1CN1C2CC(N)OC3C(CCC4CCC(Cl)C4)C321,0.5435,381.0,4.517,1,3
CC1CN2C(C13C1CCC(CCCCC(O)C3C)C1)C21C2CC3C4CC4C4CC(C43)C21,0.5434,421.67,5.201,1,2
CC1CCC(C(C)CCNCC2CC3CC4C(CN5CN4CC46CN4C56)N3C2)C1,0.5429,399.63,1.853,1,5
COC12CC13C(N)NC1(CC4CCCNCC41)OC(C)CCCCC(O)CC23,0.5424,393.57,1.712,4,6
CC.CCCCC1CCC2C(CC1O)CC1CCCCCCCCCC12,0.5422,364.66,7.757,1,1
CC1CC1(O)NC12CC1C1C(CCC3CCC4(O)CCCCN4CCCN3)C12,0.542,389.58,2.036,4,5
CC1CCC(C2CNCNC2)CC1C(O)NC1CCC(OC(F)(F)F)CC1,0.541,393.49,2.561,4,5
CC(C)C1CCCCCC2CCCCC2CNCC2C1CNC1NC12.CCC,0.5405,391.69,5.169,3,3
CCCC(O)NC1CCC(C2CCC(Cl)C(Cl)C2)N1,0.5404,309.28,2.788,3,3
CC1C2CC(C3C4NCC5CC6(CCCCC7CCCCCCC7)CC6C4N53)CC12,0.54,410.69,6.003,1,2
CCC(O)C1(C)CCN2N3CC(C4CCC(NC5CCCC6CC65C)CC4)C2(CN)C31CC,0.5399,458.74,3.903,3,5
CCC1CCCCC1C1C(C2CC3CC4CCCCC45C(CC4OC46CC65)C32)N1C,0.5397,409.66,5.895,0,2
CCCC1(CCCC(C)CN)N(C)C2C3NCNC3NCN21,0.5396,310.49,0.227,4,6
CCC1C(C)CCCCCC2CCC3C(CN4C(CCNC5NC5C)CC5C6CC6C5C34)C21,0.5392,453.76,5.508,2,3
C.C.ON(C1CCNC2CN2CC1)C1CC2CCCCC2N1,0.5391,312.5,2.222,3,5
CCC(O)N1CCC2C(CCCC2C2(C)CCC(C(N)O)C3NC(C)C(C)C32)C1,0.5389,407.64,2.759,4,5
Br.CCCC1CCC2(N3C(CNS(C)(C)O)CCC34C3CCC5C4C53C)CC12,0.5383,473.57,5.454,2,3
CC(CCC1CCCCC(CCN)C(C)C1)CC1CC2CCCC1C2,0.5381,347.63,6.801,1,1
CCCCCC1CCCC2C(C)C3CC(C3N3NC4C5CCCCC5C4CO3)C2N1CC,0.538,443.72,5.637,1,4
OC1NCC2CCC(OC(F)(F)F)CC2C2CC3C(CCCCC12)C1C2CC4CC2NCC431,0.5377,468.6,4.286,3,4
C.CC.FCCC1CCC(CC2CCC3C(C2)C2CNC4NCN5NNC3C5C42)CC1,0.5349,437.69,4.035,4,5
COC1CC2CCNC(CCCC3CCCCC4CCCCC4CC3)C2CC1C,0.5348,403.7,6.973,1,2
CCCC1C2CCNC34CC3CCCCNCCC43C4C5CCCC4C5CC4CC5NC51C423,0.5348,449.73,4.717,3,3
CCCC1CCCC(C2C3C2C24CC5CC67C8CCCC6C8C7CC5N2C34)C1C,0.5346,391.64,5.982,0,1
CC.CCCCC12CC13C(CCC1CCCCC1)C23,0.5344,262.48,6.199,0,0
CC1CCCCCCCCCCCCCCCC1NC1NC2C3CN4CNC3N2C4N1,0.5343,432.7,3.666,4,6
CC1CCC(C2C3C(CCN)CCCN32)C2C1CCNC2C1NC2C3NCCC132,0.5342,399.63,1.141,4,5
CC(CCCF)OC1CCC(C2CC3SCCC3CCCNC2C(C)C)CC1,0.5339,413.69,6.236,1,3
C.CCC.CCCC1CCC(C2NCC3NCNCN32)CN1.CN,0.5334,344.59,1.447,5,6
C.CCC12CCCCCCCC1CC2CCC1CC23OC(C)CCC2CCC13O,0.5333,404.68,7.278,1,2
C.CC12CCC1(C)C1CCCCCC3CC4C(CCC3C1C2)C1NC41,0.5327,343.6,6.032,1,1
CC1C2(O)C(C3NC45CCC(C6CCC(O)C6)NC4C315)C21C2C3CC3C3C2C2C3C21,0.5311,406.57,1.363,4,4
CCC1CCC2C(CC34CCCC5C(CC(C6NO6)NC3F)C54)CC2N1,0.5306,363.52,3.094,3,4
CC12CC34CCC(CCC5(C6C7CCCCC(N)CN76)OC5N)C3C14N2.CN,0.5306,389.59,0.88,4,6
CC(C)CCCCCCC(CN)C(C)C1CCCCCNCC1,0.5306,324.6,5.364,2,2
CC1C2CCCCCCC3CC4CC4C4CCC5CC5C4C3CCC1C2O,0.5304,370.62,6.298,1,1
CC.CC(O)CN1CCC2C(C1)C1C3C4NCCC4NCC3C34CC(CC5CC5C)CCCC3C4C21,0.5302,497.81,4.626,3,4
CC1NCCC2CC3CC3(C1C)C2CCCC1CC2N1C1CCCC23CC2CC2C2NCNCCC213,0.5298,492.8,4.748,3,4
CCCC1CCCC23C1C1CC4CCCCC4C45CC4CC4C5C1C2C43,0.5297,350.59,6.547,0,0
C.CC1CC1CCCC1CNC(CCN(C)C)C(C2CC3CCCCC3C2)C1,0.5297,390.7,6.211,1,2
CN1CCC2C(CCN3CCCC4C5CC(NCCCNC6CCCCC6)CC45C3)C2C1,0.5292,442.74,3.967,2,4
CC1CCCC23C4CCCCC4CCNC2C2C(CC2C24CCCCC2NC4)C13.N,0.529,413.69,5.537,3,3
OC12CCCCCC3C4C5CC(C(C6NNN7CNC8CCCC8C67)C41)N(C5)C32,0.5286,399.58,1.038,4,6
CC(C)CCC1CCCCCC(C2CCCCC2)C1C,0.5281,278.52,6.836,0,0
CC1C(C2C3CCCC4(CCC4O)C32)NC(C2CNN3CCCCC23)N2C1C21CCC2C3OC23C1,0.5281,480.7,2.471,3,6
CC(O)CCCCC(C)CCN(C)C1NCN(C(C)C)C2NCCC12,0.5262,354.58,2.418,3,5
C.CN1C2(F)CCCCCCC2C12CCCCCCC(N)CCCC2,0.5259,354.6,6.185,1,2
C.CCC1CCN(CCCNCC2C(CC3CC4CC34)CNC3CCCC32)N1,0.5257,390.66,3.642,3,4
C.CCCC1(CCN)CN2CCCCC(CCCC3CC3)CCCCCC2N1,0.5254,393.7,6.072,2,3
NC1NCCC23C(CCC12)CC(O)C1CN(NC2CCC(N4CC5CC5C4)CC2)N3C1,0.5252,430.64,0.71,4,7
C.CCC1CCCCCCCCN1C1OC(N)C1CNCCCC1OC(C)(O)O1,0.5249,415.62,3.113,3,7
CC1(CCN)C(CC2CC2F)C2C3NCCCCCCCCCC4CCCCC4NC3CCN21,0.5248,476.77,5.156,3,4
C.CC1C2C(N)NCC3CNC(C32)C23CC2C2C(C2N2CC(O)C24CCCCC4)C13,0.5247,414.64,1.611,4,5
CCCCC(O)C1CNC2(CO1)CC1C2CC2N(C)N1C2(CC)CCCC1COC2OC12,0.5235,449.64,2.278,2,7
CN1CC(C2CN3NCCC3C3C4CCCCCCCC5NNC54N23)CN1,0.5235,375.57,0.231,4,7
CN1CC(C2CCCC(N3CCC45C6CC(C)(C)C47C6CC5C37O)C2CO)CC1(N)CO,0.5233,445.65,1.439,4,6
C.C.CC(C)(O)CCCC1CN2C1CC1C3CCCC12N3C1CC2C(C1)N1C(CC3N4CC5(C)OC345)C21,0.5228,512.78,3.871,1,6
CCCC1OC1CCCC1C2N3NNC4C5C6(C)CCCCCCCCC6NC45N3CC12C,0.5225,457.71,4.092,3,6
CCC(O)N1CCCCCCC2C(CCCCC1)C1CC(OC3CCCCC3)CCC21,0.522,433.72,6.922,1,3
C.C.CCC(CC1C2CCCCC23CCC13)C1(CN)C(N)CC1F.CCCC,0.522,398.7,6.712,2,2
CCCCCCCNC(C)C1CC23C45CCCC46C5C1C1(CC)N(C)C4CC62C413.CN,0.5215,425.71,4.799,2,3
CCC(O)N1CNC2NC(CC3CC4C(C3)C4C3CCC(C)CC3)C34C(N)OC3CC24C1,0.5214,444.66,2.424,4,6
CCCCC(CC)NCCCCC1CCCCC1,0.5212,253.47,5.295,1,1
CCC12C3CC3C13CC23C1C2CNCC2N2C(N3CC4(N)CC34)[SH]12,0.5208,344.53,0.694,3,4
C.COC1CCC23CCCCCC2C2CC2CCC2CCCN(N3)C2CCCC1C,0.5208,418.71,6.572,1,3
CC1CNCCC2OC2C2CCC2CCC2CCNCCCCCCCCCC12,0.5208,404.68,5.536,2,3
CCC1C(C)CC2C3CCCCC4CCC5C6CCC7C(CC6CN4CC132)C57,0.5201,381.65,6.232,0,1
CNN(C)CCNC1CC1CCC1CC2CCCCC(O)CCCCCCCN2C1,0.5199,422.7,3.777,3,5
CCC(O)N1C2CCC1C(CC1CCC3C(COC3N)N1)C2.CN1CC(N)CO1,0.5195,411.59,0.2,4,8
CCCCC1CN2C3CCCCCCC3CCC3C4CC4C3C2CC1CC,0.5188,371.65,6.908,0,1
CCC(C)NC(O)C1CNN2CC3C4C(F)CNC(C)C4C4CCCN4C3CC12,0.5184,409.59,0.927,4,6
OC1CCC2CC2CCCC2C(C1)C1CCCCC3CCCCC3CC12,0.5179,358.61,6.587,1,1
CN1C(O)C(C2C(Cl)CCCC2Cl)CC2CNC(NC3CCC4CC4C3)NC21,0.5176,431.45,2.468,4,5
CCC1CCC12CC2NC1C2CC(O)NC1C2(C)NCCC1C2C3CCCCC3C12,0.5175,413.65,3.254,4,4
C.CC(C)C1CCC2C34CCCCCC3CCC3CC3CC3NCCC32C14.F,0.5168,391.66,6.822,1,1
CCCC1CC2CCC3C(O)C3CC2C1.COC1CCCCC1C(C)CCC(C)N,0.5162,421.71,6.175,2,3
CCCCNN1NN2CCCCC2C12CCCCOCC1CC3C(CC)SC3(C(C)O)C12,0.5159,466.74,3.717,3,7
CC.CCC1CCN2CNC3C2(NCC2C4CC45NC235)C1C1CCC2CC(COC1)CC2C1CC1F,0.5156,500.75,3.747,3,5
CC.CNC(O)CC1CC1CCC1CC2C3CC34C2C4N2CCCCC2CCCCCN1,0.5156,445.74,4.768,3,4
CCCC1C(CCC2CC3CC4OC4C23)CC2CCCCCC3C(C)C3C(O)C3NC3CC21,0.5155,455.73,5.796,2,3
CC(C)CC1C(C)C2C1CCNN1C3C4CC(CC5C6CCCC7CC7CC65)C4C231.CC1CO1,0.5153,466.75,5.996,1,3
C.CC(CCC1CNC(C2C3CC4C5CCOCC5C4CC32)NC2CC12)C(C)(O)O,0.5149,420.64,2.818,4,5
C.NC1CCNCCC(C2CCNCNCCN3CCCCC3C2)CC1CC1CC2CC2C1,0.5149,461.78,3.793,4,5
CCC1CCCCCCCC2CCC3C(CCC2C1)C1C2NC45CC4CC5C2C31,0.5139,395.68,6.812,1,1
CCCC1CC12CCCN(CCCCC1OC13C1N3CC34CC35CC145)C2,0.5138,354.54,3.632,0,3
C.CCC(O)N1CCC2C(NC3CCCNCCC(CC4CN5C6CC(C)C5C46)N3)C21,0.5125,433.69,1.8,4,6
CC1CC1CCCC1CCCC12C1CCC(CC3CC4CCCCC4N3)NC13CC32C,0.5124,424.72,6.441,2,2
CCCC1C(C)CC(C)C(C)C1CCC1CCN2CCC(F)(C2N)C2(C1)CC1C(CN2)C2C(F)C12,0.512,491.76,5.782,2,3
CC1CC1CCCC(C)C(O)(O)CC1CC(C(C)C2CC3CC4NCC3C42)C1,0.5115,389.62,4.426,3,3
CC1CC1NC(O)C1CNN2CCC(N3CCCC3C3CC(F)CCC3F)NC12,0.5104,413.56,1.325,4,6
C.ON1CCC2CCCC3C4CC5CCCCCC(C6CCCCC6)CC5CN4N3CC21,0.5097,445.74,6.343,1,4
COC1CCCC(N)C(C2C3C4CCC5C(C)N(C6CCCCC6)CC53C42C)C2C3OC32CCCCNC1,0.5095,525.82,4.971,2,5
OCC1CCC(CC2CCC(C3CC4CCNC4NCNCN3)CC2)C2CC12,0.5094,390.62,2.229,5,5
CCCCC1C(CC)C(NCCCN)N2C1(CO)CC1C3CN(C4CC4)C312,0.5088,376.59,1.954,3,5
CCC1CCCC1.CCCCCCCC1CC2NC(CC3CNC(C)C3)N12,0.5083,377.66,5.651,2,3
CC1CCCC(CC2C3CNCC24CCCCC34)C1CC12CCC1C(C1CC3NCNCC31)C2,0.5076,465.77,5.416,3,3
CNCNC1CCCC12CCC1NC(CCCN)C3(C1C2)C1CC2(CC4CC42)C13C,0.506,412.67,3.224,4,4
CCC(CC1NCC1CNC1NCC2C3C1CNN23)C12CCC3CC3C1C2,0.5058,371.57,1.133,4,5
CC(O)C1CCCCC23CC2C3CCCC2CCCCC3C4C(CCNCCC1C2)C34,0.5057,427.72,6.422,2,2
CN(CCC1CCC(F)CCCCS(O)(O)C1)C1NCNC2NCCC21,0.5056,392.59,2.389,5,6
C.CC12CC3(C4CCCCC5CCCC67CC6C7C54)C4C(CCC43F)C1CCC2N,0.5055,413.67,6.747,1,1
CCC1CCN(CNC2NC3CCCCC3CNC3CCCC(O)C32)CN1,0.5052,379.59,1.172,5,6
C.CCC(CC1C2NC3CC4CC43C2N1C)NC(O)C1CNC2CCCCN21,0.5052,391.6,0.916,4,6
CCC(CCCCC(C)O)C1CCC2C3CC(C4C5CCCCC54)C3C12,0.5049,358.61,6.298,1,1
CCCC1CCC2CNC3CC3CCC3C(CCC2C2CC12)CC1CCC2CN2CC13.S,0.5047,458.8,6.076,1,2
C.CCC(O)N1CCCC2C(CCC3CC3CCC3C4CC5CC6C7CCCC76C5N34)C21,0.5035,440.72,5.519,1,3
CCC(CCC1CC1CC1CC1C)C1CCCCNCCCC2CC2CC1,0.5033,373.67,7.061,1,1
CCC1CCC2CCC3C(CC4CNCC5CCC6C7C8CCCCC8C7C56CNC43)C2C1,0.5031,450.76,6.115,2,2
CC1CC23CCC45CCCC(O)CCC4NN(N)C5C2C3C1N,0.5025,320.48,1.122,4,5
CCCCC1C2CCCCCCCC3CC3CC1C2CCC,0.5024,304.56,7.226,0,0
C.CCCC(O)NC1CCCC2C3CC(CC(O)O)C4(CCCC4CC)C123,0.5024,381.6,4.033,4,4
C.CCC1C2CCC2C23CC(CCC4C5CCCCC4C5)CCC2C13,0.5015,342.61,7.328,0,0
CCC(O)N1CCC2C1C21C2C3NNCC4N1NC(C1CCC(OC5CCCCC5)CC1)C342,0.5012,457.66,1.729,4,7
CCC(O)C1CCCC2(CCCCC2C2CCC3CC32CCC2CC3CC3C2C)C1O,0.5012,428.7,6.584,2,2
CCC1C(C)C1COC1CNCC2C(C1)C1CCCCC1N1C(O)C3CCCCC3CCC34CNC2C3C14,0.4994,525.82,4.639,3,5
CCC(O)C1CC2C3C4OC45CCCCC(CCCCCCCC4CC4CC5)C23C1,0.4991,414.67,6.888,1,2
CCCCN(C)C1CC2CC3CNCC(N4C(C(C)C)CC5C6C7CCCCC7CC564)C3(C)CC21,0.4991,481.81,6.036,1,3
CC(O)CC1CCC2C(C1)C1CN3CC4NC(CC5C(Cl)CCC6CC65)C4CCCCC3CC21,0.4991,489.19,5.684,2,3
C.CCCC1CCCCCCCCCCC1CCC,0.499,268.53,7.37,0,0
C.CCC(O)C1CCCCCCCCCCCCCC2C(CCCC1)C1CC21,0.4988,392.71,8.537,1,1
CCC(O)CC1C(C2CC2)CCC2CC(C(CC)N(N)O)C21,0.4988,310.48,3.179,3,4
CCC1CCCNC(NC2CCC(C)CN2)C1CCC1OCCC(C23CC2C3)CCC1C,0.4985,445.74,5.285,3,4
CCCCCCCCC1CCC1NCC1C2CCC(C)C2C2C3C1C23.CN,0.498,374.66,5.464,2,2
CC1C2CCCC1C2C.CC1CCCCC2CC23CCC1CC3.N,0.4977,333.6,7.244,1,1
CCCC(F)NC1C2CCCCCCC3CCNNNNN3CCC21,0.4976,356.53,2.123,5,6
CCC1CC1C1CN(CC2NC3CCCC32)C1NCC1CC1C12C3C(CCN1O)CC32CC,0.4976,454.7,3.536,3,5
CC1CN2C3CNCCC3C2CC1CCC1C(O)NC2(CC(C(F)(F)F)CC3CN4CCC5CC5C4C32)C1C,0.4975,550.75,3.926,3,5
CNC(C)C(CCC1CC2CC2C1)CC1NC(C)NCCCCNCN1C(C)C,0.4972,407.69,3.33,4,5
C.C.CCCC(F)C1CCCCCCNNC1C1OC1C1CC23CC4C2C4(C)C13.N,0.4969,425.68,5.661,3,4
CCNN1CC12CCCCC21C2CC3NN(C)CC31C(OC(C)C1CNC(O)C1)C2,0.4968,419.61,1.056,4,7
CCCC1CCC2C3CCC4CCCNNCCC5CC5CCCC4C3C2C1(C)CC,0.4963,428.75,7.202,2,2
CCCC1CC2CC2C1OCC1C2CC3CC4(C5CCCC6C7C(CCCN5)C67)NC4C32C1(C)N,0.4963,479.75,4.326,3,4
CCC1CCC2(O)OC(OC)(CC1)C2C1CC2CC3OC3CC2CCC23CC(NC2C1)C3CC1CN1,0.4958,500.72,3.957,3,6
CC1C(C)C1CCC1C(CCCC2CCNCC2CCN)N2CN2N2CC3C4CC(C12)N3C4.O,0.4957,474.74,1.749,2,6
CCCC1C2CC3(C)CC3C2C2C3C4C5CC3(CC36C7C89C(C(N38)C23CC13CCC)C769)C12CC51C42,0.4955,463.71,5.982,0,1
CCC1CCCCC1NCNC(CC)C1C2C1C13NC1CCN23,0.4954,318.51,1.873,3,4
CCC12CC(C)C1CC13C(C2)NCCC1NC1C2CC2CC2(C4(O)ON4CCCC4CC4C)CC132,0.4949,481.73,4.267,3,5
C.COC1CC(OC)C23C4CNC2C2(NCCCC2C3C1)NCCC1CCC2CCCC3CC3CC2C14,0.4949,513.81,4.808,3,5
CC1CC1CCOCC1C(C2CCC3CC32)CN1C1CCCCCC1.N,0.4949,362.6,5.28,1,3
C.CCCC1(O)OC1CCCC1CCNCCCNONCCC2CCCC2C1,0.4948,413.65,3.902,4,6
CCN(CC1CCCCCCCCCCCC23C4CC4C2CN13)C1CCCCC1C,0.4945,414.72,6.881,0,2
CCCCCCCC1CCC(C2NNN3CNN4NCCC4C23)CC1.CCF,0.4942,398.62,3.246,4,6
C.CC1CCCCCCCCCCN2CC3CC(CC2CCC1)CC1(N)CC31,0.4942,390.7,6.771,1,2
CNC(O)CCCC1NCCC12CNC1C(C)C3C4C56C7CC5C7CCC6N3C4(C)CC12,0.4938,440.68,2.158,4,5
CCCC(CCCCCNC(C)C)N1CC2CC(F)CCC2N2C3CCCC3C12,0.4928,407.66,5.346,1,3
CCCCCC1NC12NC13C4CC(C)CC1C4N3N2CC1CC2C(N)CC12,0.4926,371.57,2.052,3,5
C1CCCCCC2C3CCCC2C(C3)C2CCC3C(CNCCCC1)C3C2,0.4926,371.65,6.815,1,1
C.CC(O)CCCCC1CCCN(CC2CCCCC2)C2CCCCC2C1,0.4913,379.67,6.805,1,2
CCCC1C(C)C1C1CCC1CCC1CCCC2CCCCC21,0.4908,316.57,7.082,0,0
CCCCC(CCCC)C(CCCl)C(N)C1CCCC2CC2CN1,0.4906,357.03,5.334,2,2
CC1CC1CCC1(C)C2C3C(CCC2C1(C)O)C1C2C(N)NCCN2C2(C4CCC5CCC(C)C5C42)C13.F,0.4905,527.81,4.864,3,4
CC1CC(O)N(NC2C3CC(C45CCCCC4C5)SC3NC3C4CCC(S4)N32)C1(C)CN,0.4904,479.76,2.689,4,8
COC(C)CC1CCN(CCN2CC34CC5CC5N3C24)C(C)CN2C(C)N(CC1)C1C3C4CN(C)CC41C32,0.4904,524.8,1.892,0,7
CCF.CNC(C)C1C2CCCC1C1(CCC3CCCCC3C)CCCC2C1.F,0.4903,413.68,7.552,1,1
CN(C1CC(CS(O)(O)C2CC3CCCCC32)C1)C1NCNC2NCCC21,0.4895,398.62,2.438,5,6
C.CCCCCCC1C2NC3CCC(CS(O)(O)NC)CC3C12,0.4893,346.58,4.481,4,4
C.C.CC.CC.CC.CC.CCNC12C3OC3N1CCCCCC1C3CC13CN2C,0.4885,429.78,6.809,1,4
CC1CC(CCCCN2CC(C(C)N)C(N3C4CCCNC43)N2)C1,0.4884,335.54,1.706,3,5
CCCCCCCC1CC2CNCCCC2CCC2CCC(O)CC2C1.N,0.4882,380.66,6.092,3,3
CC1(C)CC12CCCC1CCCCCCC3CCCCC3C1C2.N,0.4881,333.6,7.532,1,1
CCC1(CN)C2CC(N)CC2CCC1C1C[PH]12C1NC1C21CC12C1CCCCC12,0.4879,415.61,3.498,3,3
CCC1C2NCC3(C(C)C4C5CC3C4CC5CC(O)NCCC(N)CF)C12,0.4878,379.56,2.124,4,4
C.CCC(O)N1CCC2CCCC23C(CCC(CC2CCC2CCO)C2CN2C)CC13,0.4876,434.71,4.741,2,4
CCCCCCCC1NC23CC(N4CCCC(NC5CC5(C)F)C4)N(C4C(O)CC42)C13,0.4874,434.64,2.775,3,5
CC1CCCCC(C2CC3CC(CNC45CCC(CC6C7CC76)N4O5)CC34CC35NN3CC45N2)CC1,0.4872,493.74,3.949,3,6
C.CCCCC1(C)CC2CC(C2C2CCCCCCCCC3NCCC32)C1CC,0.4871,403.74,8.23,1,1
C.CCCC1CN2NCC3CCC2C1C3CCCCCCN1CC1C,0.4869,349.61,4.538,1,3
CCC(O)N1CCCC(CC2CC(C)NCCCC(C3CNCCN3)N2)C1,0.4868,381.61,0.867,5,6
CC1NCC2CCCC3(CCCC(NC(O)NC4CCCCNC4)CC3)C21,0.4859,378.61,2.311,5,5
CCCCC1CCCCCCC(C)CCCCC2CCCC2C1C,0.4857,334.63,8.396,0,0
C.CCC(O)N1CCCCCCCCC2CCCCC2CC2CC2CCCCCC1,0.4856,421.75,8.18,1,2
CCC(CCCCN1C(C)(C(C)O)CN2CN3C4CCSC4C231)C1CC1CCCN,0.4855,436.71,3.13,2,6
C.CCCCCCCCC(CC)N1C(C(C)O)NC2CNC3CCSC3C21,0.4852,399.69,3.978,3,5
CCC1CCNO[SH](O)N(C)C12CCN1C3C4C(CCCC12)C1OC143,0.4851,369.53,1.936,3,6
CCC1CC(C)CCC12CC1C3CC4CC1C(C43)C1CCCCC12C,0.4849,340.6,6.937,0,0
CCCC1C(CC)C(O)N(I)CCCC23C1C14C2C1(C1CCCC1)NN34,0.4848,471.43,3.693,2,4
CCCCCCC12CCC(CNCCCN)C1(CN)C2CC,0.4848,309.54,3.277,3,3
CC1CC23C(N1)N2C31CCC(NC2C3CN2NCCC3CC2C3CCCCCCCC32)C1.N,0.4845,456.72,3.584,4,6
C.CCN1CCC(C)C1C1CCCC23CCCC2C3NC1CCCNC1C2CCCC1C2,0.4842,443.76,5.838,2,3
CC1C2C3CCCC3CCC2C12CC1CCNC3(CCCCCCCC13)C2C,0.4841,383.66,6.814,1,1
C.CC1CCC2CC3C4CCCCC43C2C12C(CC1C3C(CN(C)C)N4CCCC134)CCC1NCCC12,0.4828,507.85,6.284,1,3
C.CCCCCCCCNC1CC2CC2CC1S,0.4828,271.51,4.67,2,2
CC1OCN2C(NC3C4C5NC46C34CC546)CC(NCCC(C)(N)F)C12,0.4828,349.45,-0.542,4,6
C.CC12CC3C4CC56CCCCCC5CCCC6CC34C1C2,0.4823,300.53,6.445,0,0
CC(CN(N)CS(C)(C)O)C1CC2CC(CCC23C2CCN4CC35CCC245)N1,0.4821,408.66,2.678,3,5
CCCCC1CC2CNC3CCC(CC(C)CC4CC5CCCCC5C4)ON3CCC12,0.4818,430.72,6.777,1,3
CC(F)(F)OC1CCC(NCN2C3C4CC(CNCN)C5CC6CC(CC27C(C4)C67)C53)CC1,0.4811,464.65,3.351,3,5
CC1CCCC23CC(CC4CCCCC4)C4CCCCCCC42C13C,0.4807,342.61,7.76,0,0
C.CCN1CC2CC3(CN4CCC(CC5CC5C)CCCCC(CC(C(N)N)NN3)C4)C21C,0.4807,462.77,3.13,4,6
CC1C(CCCO)C12C1CCC3(N)C(CNC(C4C5CCCC4O5)C12)P3CC1CC1CF.F,0.4805,484.61,3.854,3,4
CC(C)C(O)NCC1CC1CC1NC(CC23C(C)C4C5CCCCC52OC43)N1,0.4803,389.58,2.405,4,5
CCC12C3CCC(C1OC)C21C(CCC(C)C3)CC2C3CC45CCCC4C5CC3C21,0.4801,408.67,6.952,0,1
CC12C(CCC(CN3C4CC(C5NNN6CNC7NCCC7C56)CC43)C1F)CC(F)C1CC12,0.4799,462.63,1.756,4,6
CC1CCC(CCCCC2CCC2)C2C1CCC1C2NC2CCC3CC3C3C2N13,0.4797,396.66,5.611,1,2
CCC1CC(CC2C3CC2C2(CC4CC5C6C5C436)C3CCCCCN32)CC(O)C1CC1CC1C,0.4788,463.75,6.371,1,2
CCCC1ON1CC1CC(C)CCC2C3CCC(C4C5CC6CC7CC7C654)C2C3CCNC1C,0.4788,466.75,6.345,1,3
C.C.CCC1CCNC2NCCC12.CCCCC1OC1OCCC1C2C34CC35CC25C14C,0.4787,446.72,5.568,2,4
CCCN(CC)C1C2CC(C3(NC)C(NCO)CC4C3CC43CCC(CC)CC3)CC21,0.4781,431.71,4.236,3,4
C.CC1CC2CC3CC45CC(CCC6CCCCC6)C4C5CCCC3N2C12CC2,0.478,397.69,7.441,0,1
C1CC2CC(C1)N(CCCC1CCC34CCCCN3CC4C1)N2.NCCCCCCO,0.4779,434.71,4.05,3,5
C.CCC1CC(CCC2CCCC(C3NNN4CNC5NCCC5C34)C2C)N1.F,0.4777,412.64,2.306,5,6
CCCC1CCCCC1CC1C(NC(C)O)CCC2CCCN21.CS,0.4773,370.65,4.452,3,4
CC(C)CCCCOC1C2CCCC2C2CCC34CC3C4CC2CCNCC2(C)CC12,0.477,427.72,6.686,1,2
C.CC(C)C1CCC2CCCCC2CC2CC3NC4C5CC6CCCCC6C5C34C21,0.4769,411.72,7.304,1,1
C.OCC1CC2NCCCC3NCCCC3CCC2CC1CC1NC12CC1CCC3C1CC32,0.4766,457.75,4.324,4,4
CC1NC2CC3OOCCCCC(C3CNC34CC(N)C3C4)N2C12CCC(F)CC2.ClBr,0.4764,537.95,3.761,3,6
CC.CCCC1CCCC2C(CCCN1C1(C)C3C4C5CCCCC54N31)CC1CC12,0.4762,412.71,6.692,0,2
CCC1(C)NC12CC2CCC(C)C(C)CCCC1NCNC2NCCC12,0.4759,362.61,3.194,4,4
CCC12CC34C(C5CCC6CC6N53)C14CC1C3C4CCCC4C4CN(C)CCC4C4CC4CNC34CC4CC12,0.4757,527.84,5.646,1,3
CC1CO1.CNC1CCC(CCC(N)CCCC2CNC3CCCC3C2)C1N,0.4755,394.65,2.773,4,5
C.CC(CC1C(CN)C2NC3CCCC312)C(O)NC1CCC(OC(F)(F)F)CC1,0.4752,421.55,3.12,4,5
CC1CCC(CCCC2CCC(C3CNN4CNC5NCCC5C34)CC2)CC1.CCCC,0.4751,446.77,5.897,3,4
CC1OC(N)CC2C(CNC3CCC3)CC2C2CCCCC2CCCCC1C1CCCCC1,0.4748,458.78,7.038,2,3
C.CN1CCCCC2N3CC4C5CC6C(C7CCCCCCC8C7C4C586)C23CCC1,0.4747,410.69,5.67,0,2
CCC1CCCCCCCCC2CCCC3CC23CCC1C,0.4741,304.56,7.37,0,0
CC12CC(C3CC3C3CCC(C4CCCC5NC(NC(O)C6CC6)NN54)CC3)C3CC31C2,0.474,440.68,3.755,4,5
CCC1CCCCC(C2CCCCCC3C(CC4CC56CC5C46)CC23)CC1,0.4734,368.65,7.862,0,0
C.CCCCC1CC12CCCCNC1C3CCCCC3C3CC(CCCC31)CCC2C,0.4731,429.78,8.62,1,1
CC1CCC2C3CC4C5CCCCC5C4C3CC3C1CC(C1CC4CNC15CCCNC45)C(C)N32.CN,0.4727,508.84,4.877,3,4
CCC12C3CCCC4CC1C(C43)N2C(NC)NCCCC1C(C)C2CC3CC3C12,0.4724,397.65,4.296,2,3
CCC(O)N(C)CCC(C)CC1CC(C2CCC3C(C2)C3C2C3CCCCC32)CCN1,0.4722,430.72,5.53,2,3
C.CCC1CN1C1CCC2CC23C(CC2CC2C24C(C5CC6C7C(O)CCCCCCCC7C652)N34)C1,0.4722,492.79,6.094,1,3
CCCC(CCC1C(C)CC2(CNC1CN)CC1CC3CC3OC1C2)CC1CCCNC1C,0.4721,459.76,5.108,3,4
NC1CC2CC3CC3CCCC2CCC23C4C5NCCC46C54CC5CC7CCCC75C4NC26C3C1,0.4716,473.75,4.845,3,3
CCC(CCC1CC2CCCCCC2NCCN2NC2C1)CC1CCCC23C4CNCC2C4C13,0.4714,468.77,5.159,3,4
CCCNCC(CCCC1C2CCCCC2CN1NCC)C(C)CN,0.4714,352.61,3.382,3,4
CCC1C2(CCCCC3CCC4CCNCCCC(C)N(C)C5CCNCC5C34)C(C)C3CC312,0.4712,469.8,5.943,2,3
CCC(O)C(C)CNCCC1CC2CNCC12C1CN(C2CCCCCCCC2)C1C,0.4711,433.73,4.422,3,4
C.CC1NC2CCC1C1NC(O)C3CN4CC5(CCC6(C7CC8NC8C7)CC65)C4C3C1C2,0.4707,440.68,2.156,4,5
CCC(O)N1CCC2C(NC3C4CC4(F)CNC4NC5(C6C78CN9CCC97C658)N43)C21CC,0.4699,442.58,-0.212,4,7
CC.CCCC1CCNC1CCCC1CC2CCCCCCCC3CC3CCC21,0.4693,403.74,8.374,1,1
CCC1NC2CC(CCCCCCCCNN2CC2CCC(C)(F)C2)CCCCCC1C,0.469,451.76,7.366,2,3
C.CCC1CCC(C2CCC3CCCC(C(Cl)CCN)C32)CC2ON2CC1,0.4688,399.06,5.811,1,3
CCC1CCC2CCCC2CCC23C(CC4CCCC5CCCC5CCN42)C13,0.4686,383.66,7.052,0,1
CCCC1(CN(C)S(C)(O)O)N2CC3C4CCC5CC4C21C53CC1C2CC3CCCC(N)C321,0.4681,475.74,4.636,3,5
CCCCCC12NC1C(C1CC3(N)CCCC13)N1C3CC(C)CCC3C1C2C.N,0.4678,402.67,4.464,3,4
C.CC1CC2C3C4C(CCC123)C4C1CCCCCC2CCCCCC21,0.4678,342.61,7.328,0,0
CC(C)NCC12CC3C4NCCCCCCCC5C6CCC(C)C5(C6)C5C(C)CNCC5C4C3C1O2,0.4678,497.81,5.224,3,4
C.CCCC1C2CCC(CC(F)(F)F)C1C21CCCC(C2CCNC3OC(C)CC3NCN2)C1,0.4672,487.7,5.826,3,4
CC(CC(CCNN1CCCC2(C)CC12C)SC1C2C3CCCCC312)C1CC12CC2,0.4663,428.73,6.262,1,3
C1CC2NCN3NNC(C4CCNC5NC6C7CCC(C7)C6C54)C3C2C1,0.4662,358.53,0.348,5,6
CC1CC2C3C4C5CC6C7C(C5C3C24C1)C1CCC2CC3C(CC4CC5C(C)C45)C3C2C167,0.4661,426.69,6.607,0,0
CCC(CCF)CCNCC(NC1CC2(C)C3(F)C(F)C23N1)C1C2CCCC21,0.4656,399.55,3.494,3,3
CCC(O)NC1CCCC2C3(CCC1)CC(C(N)O)C14NC56CC(CC231)C4C5C6,0.4654,401.6,2.067,5,5
CCC1CCCCC(NCC2C3CC3NN3C(NC4CCC(N5CCN(C)CC5)CC4)CC23)CS1(C)C,0.4653,534.9,3.433,3,6
CCCCC(CC)CC1CCNC1NNC1CCC1C1CCC(C)CC1,0.4653,363.63,5.228,3,3
CCN(CN)C1C(C2CCC(C)CC2)NCC2CN3NC4(O)C(CCN3C21)CC4OC,0.4647,436.65,0.54,4,8
CC1NNCCC1C1(C)CCC2NC(NC(O)CCCF)SC2C1,0.4647,360.54,1.694,5,6
CC.NC1(O)C2C3CCC4CC4CCCC3C3C2NC12CCC(CCOC1CCCCC1)CC32,0.4647,472.76,5.618,3,4
CC1CCC2CN3CCC4C(CCCNCC5CC5C(C23)C2CN3CC15N(C)CC5(C3C)N2C)CC1CCCCC14,0.4637,563.92,4.626,1,5
CCC1CCC2CC1C2CCCC1C2CC3(CCC4CCCNC4C3)NC(C)C12C1CC1C,0.4634,452.77,6.79,2,2
CCC1CCC2CCCC3CC4CC4C3CCC3CC3CCCC2C1,0.4633,342.61,7.472,0,0
C.CCCC1C2C(CCC3C(CC)N4CC5CCCCC5C5C6C7CC7CC56C34)C12,0.4627,409.7,6.866,0,1
CN.CNCCC1CC1CCCCCCC1NCNC2CCCC12,0.4627,338.58,2.835,4,4
CC1CCC(C2NN2C2CCCCCCCCCCC3C4C5CC5C34C2)C2C1CCN1CCCNC21,0.4626,494.81,5.992,2,4
CC1CCCC2CC2CC(C2CCCC(N3CCN4C5CC(C)(C)C6C5CC4C63O)C2CO)CCNCCC1C.O,0.4617,573.91,4.53,3,5
CCC(O)N1CCCCCC2CC(N)CNC2NC(NC2CC3CCCCN3C2)C1,0.4616,422.66,0.986,5,7
CC1C(F)CNCCC2CC3C4CCCN(O)NC4(F)N4C(C2)C134,0.4616,342.43,1.646,3,5
C.C.CC.CC.CCCCNCCC1C2CCCCC2C1C(O)CC,0.4612,359.68,6.914,2,2
C.CCCCCCC1CC2CCCC3CCCC4CC4C3C12C,0.461,318.59,7.472,0,0
CCOC(O)NC(N)NC1CCC2C(CCC3CCNC2C3)C1,0.4609,326.49,0.667,5,6
CCC(O)N1C2CCC3C4CC5C6CCCC(NC(N)CCC7CC7)C6C5C3C41C2.N,0.4602,430.68,3.845,4,5
C.COCC1C(C)NCNC(N2CCC3C45NCC(CCC6CCCCN6)CN4C325)C1C,0.4602,448.7,1.572,4,7
CN(CCC1CCCCN2OS2(O)N1)C1NCNC2NCCC21,0.4595,346.5,0.132,5,8
CCCCC12CC1CC2CC(C)C1(C2CCC[SH]2O)N(C)C2C3CCNC3NCN21,0.4593,436.71,3.632,4,5
CCC(O)N1CCC2C(CCCCC(C)CCCC3CCCNC3)C21CC,0.4592,378.65,5.182,2,3
CCCC1CC1CCC(C)CCC1CCC2C(C1)C13C4CNC5CCCC5C4C1C23,0.4588,409.7,6.916,1,1
CCCCCC(C)C1CC2CC2CCCC2CC(C3CCC(C(C)C)C(N)C3C)N21,0.4587,416.74,6.87,1,2
C.CCC1C(C)CCCCCCCCCCCC23CCCC2C13,0.4587,320.61,8.006,0,0
C.CCCCC1CCC2NC34C5C6CC(C)NCCC(CCN)(C(C)CCC)C6C3C54C12,0.4585,443.76,5.585,3,3
CCCC(CCNC(O)CC)CC1NCCCCC2CCCCC2C2CN3CCC2C13,0.4585,433.73,4.77,3,4
CCC1CC2C(CCCC2C2C3C2C24C5CCCCC2C5C34)CCC2CC2C1C,0.4581,392.67,7.429,0,0
CCCC1CCN(CNC2CC3C4CC2C4C2CC3C3C4CCC3C24)C1CCN(C)N,0.4579,426.69,3.782,2,4
CC.CC.CNS(O)(O)CC1C2CCNC2C2C3CC1(C)C2CCCCC3O,0.4576,418.69,4.725,5,5
CC1CCC2NC2C1C1CCC2NC(NC(O)C3CC3F)SC2C1,0.4574,355.52,1.796,4,5
CC.CC(C)COCCCCCCC1NC(C2CNN3CCN2C3C)CC2CCCCC21,0.4572,450.76,5.023,2,5
CCCCC1C2CCNC(O)CC(C)N1CN1C2C2C3(C4CNNC4)CNC213,0.4571,390.58,-0.151,5,7
CC1CCCCCCCCCNC2NCC3CC(N4C5CC6(C)CCC5CC46)C3NNCCC12,0.4568,471.78,4.396,4,5
C.CC(C)C1CCCCCC2NCCCCC2NCCC2CC2CCCCCC1C,0.4568,420.77,7.572,2,2
CC(CCCCNC1C2C(CC3CC3)C1C1C2CN2CC12)CC1CCN(C)C1,0.4568,385.64,3.699,1,3
C.CC1CC1CC1NC2CCCCC3CCCCCCC3C2CC12C1CCC1CC1CC12,0.4567,439.77,8.228,1,1
CCCC1(C(C)(O)NCCF)CC2C3NNCCC4CN(CC)CCCCCC43CN21,0.4566,439.66,2.246,4,6
CCC1(O)NC12CC1CC3NC4CCC3C3C(CC5CCCCC6CC6CCC5)CC13C4C2C,0.4565,466.75,5.863,3,3
CCCC(CNC)CC1CC2CNCC2C2CN(CCNC3CCC4OC(F)(F)CC4O3)C12,0.4565,470.65,2.645,3,6
CC(C)CCCC1C2C3C4C(O)CC4C3N2N1CCC1CCC(CC2CCCCC2)CC1,0.4565,442.73,6.258,1,3
CC1NCN(C2CC34CN3C23CC43)C(O)CCCCCCCCCC1NC1CC12CC1CCCCC1S2,0.4564,528.85,4.831,3,6
CC.CC(C)CCCCN1CC1C1CNCNCCCCCCC2C3CN1C21NC31,0.4559,419.7,3.222,3,5
CCC1CCCCOC2CCC3CC(C)C(C2NC1CCN)C31C2C34C(CC5CCCCC5)CC3C214,0.4557,494.81,6.546,2,3
CC1CC1(O)NCCC1CNC23C(CCCC1S)CN2C1CCCC13,0.4556,365.59,2.193,4,5
C.CCCC1C(O)NC2CC(CC3CCC4CC5NC5CC34)C(S)C21,0.4554,366.61,3.43,4,4
CC(C)CCNC1CN2C3C(C1CCCC1CC1C1C(C)NC4CCCCCCCCC41)N32,0.4551,456.76,5.395,2,4
CC.CCCCC1CC1CCCC1CCCC(C2CC2CCC)N1,0.4549,335.62,6.956,1,1
NC1CCCCCCCC2CC2CCC1C1C2CCC2C1C1CC2CCNCC1CCCC2O,0.4542,470.79,6.14,3,3
NCCC1(N2NCC(C3CC(C4CCCCC4)CC4NCCCC43)N2)CC(CN)C1,0.4538,418.67,2.111,5,6
CCC(O)N(CC)CCC1CC2C1CC1CCC2C1CC(C)CC1CCC(OC)CN1,0.4537,434.71,4.909,2,4
CCCCC1CC2(C3CC(O)N4C(CCC5CC(C)O5)CC34)CC2C1C1CCCN(C(O)CC)C1,0.4533,488.76,4.998,2,5
C.C.CC1CC2CCC3CC4C5C4C5C4CC56C(CC24C13)C5C1C2CC2CCCN16,0.4532,407.69,6.332,0,1
CCCC1CC23C(CCCN1C(O)CC)C2CC1(CC2CCCCC2CNNC)CC13,0.453,431.71,4.932,3,4
CC1CCCC(C2CC3CCNC(N4CC(CCC5CC6CC6C5)C5NC5C4)C3C2)CC1,0.4529,439.73,5.263,2,3
CCC(O)CCCCC(C)C12C(CC)C1C13C2N2C4CCCCC4CC2C12C1CN1C23,0.4527,424.67,4.678,1,3
CCCCC1C2CC3(C)CC4(CNCC5CCNC54CCNC(O)CC)C(C)CC123,0.4526,417.68,3.895,4,4
COC(C)C(O)CCC1CC(C2CCC3NCC(C4CNN(C)C4)NC3C2)CCCC2CC1C2,0.4526,476.75,3.16,4,6
CCCC(C)NN(CCC(C)N)C1NC1C1CCCCC1,0.4519,296.5,2.597,3,4
CCC(O)CC1C2CNCCC(Cl)C2C12CCCNCCCN2N,0.4518,358.96,1.298,4,5
CCCCN1CCC(C2NC(C3CCC(OC4CCCC(OC)C4F)CC3)C3CCCC(C)C32)C1,0.4518,492.76,5.982,1,4
CCCNN1NC(C)C2(CC)C3CCCCN3C12.CCNN,0.4513,312.51,1.17,4,6
CC12NCN1N2.CCC(CC)COC1CC2C34CC(C5OC56CCCC5C7C8CCCCC8C5C7C6)C23C14,0.4512,521.79,5.515,2,5
CC1CC1CCC1CC1CC1CC2CC2CC1NC1CC2CC3CCCCC3C2C1.N,0.4512,426.73,7.22,2,2
C.CCC(CCC1CC(C)(C2CCCCCC2)C(C)N1)C1CCCCNCCC1,0.4512,406.74,7.326,2,2
CCC12C(CCCO)CCCC13NCCC1CNC4C(CCC5CCCCC5)CC4C1NC32,0.4508,457.75,4.613,4,4
CC.CCC1CC(OC)CC(N2CCCCCCCCC23CCC24C(C3)CC23CN4C32CCCNC2)C1,0.4505,513.86,6.772,1,4
CCCC(O)N1CCCC1C1(C)NC2OC(N)C23C(N1)C31CCC(OCC2CCC3CC23)CC1,0.4505,474.69,2.48,4,7
CCCCNC(CC)C1CC2CCCNC3NC3CCN3C4CC(C)CC4CC23C1,0.4504,416.7,4.112,3,4
C.COCC(C)N1CCCCC12CC2CCCCCC1C2C3CCCC2C2(CC2)NCN1C3,0.4501,459.76,5.663,1,4
CCC(C1CCC(CNC2C3C(O)NCCC34C(C3CCCC35CC5)N24)C1)C1(O)C2CN21,0.45,442.65,1.676,4,6
CC1CCC(C)C(CC2COC23CCC(C2CNN4CNC5NCCC5C24)CC3)NC1N,0.4498,446.68,1.562,5,7
CC(N)CC1NC(CC(C)N2CC3NONCCCCCCC3C2C)C12CCCC2N,0.4494,436.69,2.019,5,7
CC1(C)CC(OCC2CC3(CC4NCC(C5CCCC(NC6CCCCCCC6)N5)CC43)C2(C)F)O1,0.4494,505.76,5.431,3,5
CC1NCC1CCCNC1NNCCCCC2C3C(CCN)C2C13,0.4494,335.54,1.025,5,5
CCC(O)N1C2CCC3CCC4C5CC5CC45C4C6(CC78C9CCC%10C(CC9C7C86)C6C7CC%1076)C45C3(C)C21,0.4491,509.78,6.184,1,2
C.CC1C(CC2CCC3NCNCC4CCCCCC5CCCCC5CCC4N23)CCNC1O,0.4491,476.79,5.053,4,5
C.CC1C2C3CCC4OC(CN5C6CCC7(CC8C7COC7C9CCCCC9N87)C(C)C6C5CC3CNN12)N1CC41,0.4491,565.85,3.743,1,7
CCC1(O)C(C)C1CCCC12CC1C1NNC(O)CC(CCN2)C1C1C2CC3CC3C21,0.4488,429.65,2.635,5,5
CCC(CCC1NCCC2CCCCC3CC4(C)C5(CC6CC67CC745)C3C21)C1CCCCC1,0.4483,449.77,7.984,1,1
CCCC1OC1CCC1CC2CCCC3C4CCCC5C6C5C65CC5C4C3C2C1C,0.4483,408.67,6.951,0,1
NC1CCC(CC2OC23CCC2CCC(CC4C5CC(CC6CCCCC6)CC54)C2C3)C1,0.4482,439.73,7.101,1,2
CN.NCCC1C(CC2CCC3CCC(O)N3C34CCCCC3C4CC2)C2C3C(CCC4CCCC43)CCN12,0.4482,540.88,5.347,3,5
C.CCC(O)NCCC1CCCC2NCC(C3CN3)C2CC1,0.4479,311.51,2.087,4,4
CNC1CCC(C2CPC3C4NC(N5C6CC(O)C(C78CCCCCC7C8)C65)C4C23)CC1,0.4475,457.64,3.389,3,4
C.CCCC(C)CCCCCCNC1NC2CCC3C4CCOCC4C3C2N1CC,0.4475,421.71,5.237,2,4
CCCCNCC(C)CC(C1CCC2CC(CN)CC(CN)CN21)N1CCCCC1,0.4474,421.72,3.033,3,5
CCCCC1C(CCC)C23CC(C4CCCC5C4C4C(CC6CC6(C)O)C54)CCC2OC13,0.4473,440.71,6.846,1,2
CCC(O)N1CCCC2NC3(CC21C)NC12NC4(CC5C6CCCCC6CC54)C14C3CN1C3N1C324,0.4472,478.69,1.356,4,7
CCC.CCC(O)NCC1CC1C1C2CC3CCC(O)CCC4CN3C2C(C(C)O)CC41C,0.4471,464.74,4.004,4,5
C.C.CCCC1CN2CCC3CC4(C5CCC6NCC(C7CNN(C)C7)NC6C5)CC5CCC5C3(C1)C4CC2,0.4461,541.91,5.378,3,5
CCCCC1CCC1C(O)C1CC2C3(CC3)C2(CNC2CCCCC2CC)C1C.S,0.446,435.76,6.287,2,2
C.CCCCCCNC1CCCCCCCNCC1CC1CCCCC1C,0.4457,380.71,6.937,2,2
CCCC1CC23CC4(CCCCCCCCCC4)CC2CCCC3CC2CC21,0.4454,384.69,8.93,0,0
CN(C1CC(NS2(O)OC3C(C4C5CC54)CN32)C1)C1NCNC2NCCC21,0.4452,396.56,0.027,5,8
CCC1CC(C2CCC3C(CCCC4CCCCCC4C)C3CC3NCNCCC32)C1,0.4451,428.75,6.997,2,2
C.CCC(O)N1C23CC2C2C(C3)C21C1NC(C2CCC(OC3CCCCC3)CC2)C2C(N)NCCN21,0.4451,501.76,2.578,4,7
CC1CC1COCC1CNNNN2CC3CC(OS4(C)CC4C)CC3C3CNCC2C3C1,0.4448,467.72,1.875,4,7
CC.CCC1CNC23CC(C4CCN(CC5CCC6C(C)C6C5)CC4)NCC2C3NCNN(C)C1CC,0.4448,516.86,3.897,4,6
CCC1CC1CCNC.CCCCC1CCCCCCCCC(CC)C1.N,0.4446,382.72,8.148,2,2
CC1NCC2CCC3CCC4CC2C3CC2C1C1C(CC42C)C23C1NC2C1(CCCCC1)C3C,0.4441,462.77,6.256,2,2
CC(N)C1CC(NC2CCC(C3C4C5CCCCC534)CC2)C1C(C)C(C)C1CCCCCCO1,0.4437,470.79,6.544,2,3
CC.CCC(O)NCCC1CCC23CC24C2C5C(CCCC6CCCCC65)CC24CC3C1,0.4436,441.74,7.16,2,2
CCCCCC1C2C(CCCNC(O)CCC)N1C1C3CCCC3N21,0.4434,349.56,3.3,2,4
C.CCCC1NC2CC3C(CCCCC4NCNC5CCCC45)CC3CC2C1CC,0.4434,417.73,5.7,3,3
C.CC(C)(C)C12OC13C2C(O)C31CCCCCCCCCCCNCCCCCNC1,0.4431,436.73,5.431,3,4
CC1CCCCC(CC2CC23CCC2C(CCNC45C(NC(C)C)CCN4C4COC5C4)CC23)C1,0.443,483.79,5.565,2,4
C.CCC(O)N1CCC23C(CCC45C6CC7C8C9C84C94C(CC8CCCC9CC%10C(C%11C%12CC%13C%14C%13C%12%11%14)C%10C97C824)C653)O1,0.4427,563.83,6.22,1,3
CCC1CCC2CNCCC3C(CCCCCCCCCCNCCCNC2C1)C12CC1C32,0.4427,457.79,6.137,3,3
CC1CCC2(OC2NC2CCC(CN3CCN(O)CC3)C(C(F)(F)F)C2)C2CC3C4CC56C7C(OC4NC12)C3C5C76,0.4426,578.72,3.286,3,7
CC1CCC(NCCC2CCCC(C3(C)CC3)N2)C2C1CC1NCCCC3CC4CC4C3CCC12,0.4418,481.81,6.132,3,3
CCC(O)N1CC2(C)CC(N3CC(C(N)O)C(C4CCC(OC5CCCCC5)CC4)N3)C12,0.4417,450.67,2.168,4,7
CC(C)C(O)NC1CC2C(CC1C)C1CNC3N4CC5(CCNCC5)C34C12,0.4417,374.57,1.194,4,5
CC.CCCNC1(O)C(C)CCNC2CC(NC3CCC(Cl)CC3)C21,0.4412,374.01,3.227,4,4
CN(O)C1CCCCCCC2CCCCC2CCCCC23CC45CC4C25C3CC2CC21,0.441,425.7,7.449,1,2
CC(C)NCCCC1NCCCCCOCC2CC3CC2(C)C(O)C3C2NC3(CCC4(F)CC43)C12,0.4409,491.74,3.795,4,5
CN1CCC2NC34NCCCOCCCCCCCCC3C4CCCC2CCCNCCN1,0.4401,463.76,3.638,4,6
CN1CC2C(C1)C1C2CN2NCNC(N3CCN(C4NCC(C56CC5C65CCCCCC5)CN4)CC3)C12,0.4396,510.78,0.557,4,8
COC1CC2C3CCC4CC(C5NCN5C(CCCCCCN)C5CC56CC6C)NC4C3C12,0.4391,456.72,3.537,3,5
CC1N(C23CC4C(C4C45CC6CC64C5)N4C5C(C2)C(C)C543)C2(C)C3C4CC5CC(Cl)CC4N2C513,0.4385,476.11,4.147,0,3
CC1CCC(C2CC3C4CN5NCNC6N7CC(C(O)NCC8CCC(C)C(C)C8)C7C65C4C23)CC1,0.4382,497.77,3.051,4,6
CC.CCCC1CCCCNCCC(C2CCCCC3NN32)CCNCCCN1CSCC,0.4379,483.86,5.432,3,6
CC(C)CCCCC1(N)CC2CN2C2[SH]3CCCCC3C3C(C1)N1CC321,0.4378,377.64,3.325,2,3
CCN1CNCCCCCC1CC1CC2C1CC21CCCC(I)CC1,0.4377,458.47,5.598,1,2
CC(C)CC1NCC2CC(NC3CCCOCN23)SC2C3CNC4CCCC5CC6C5CCCC6C4C3C2CO1,0.4374,572.9,4.851,3,7
C.CNC12CCC3CC3CCCCC1CC1(CC1C)C2CCCCC1CCC2CC12,0.4372,413.73,7.84,1,1
CCC1(C)CC2C3CCCC4CC4CCCC4C(NCNC5CN5CNC)C4C2C31,0.4371,414.68,3.845,3,4
CCCNC(C)C12CC(C)C(CC3CC4CCCCCOC3C4)CCC1C1CCN(C1C)C(O)C2C,0.437,502.83,6.467,2,4
CC12CC3CCC(C(C3)C1)C21CC2NCCC34C2C1NC(O)N3CCN1CC12C1CCCCCC1CC24,0.4369,506.78,3.774,3,5
CCC(O)N1CCC2C(CNC(C3CNC4CCCCC43)N3CC4CC(OC5CCCCC5)C4C3)C2C1,0.4368,514.8,3.646,3,6
COCC1CCCC2(CCCC3CC45CC4C5CC2C3C)NCCCCCCCCCCC1C,0.4364,471.81,8.391,1,2
CNC(O)C1CCC2C3CNC4C5CC6CCC6CC6CCCC7C6CCCC7(C5)C4CC3C12C,0.4362,480.78,5.824,3,3
CCCCCCCC1C(CCC2OC(C)(CCCC)O2)C2C3CN4C5CC4C12N35.N,0.4361,419.65,5.281,1,5
CC1CC(NC2CC(C3CC(N)C4CC43)C3CCNC(O)C23)CCC2C(C)CC2CCCC2OC2C1,0.4359,499.78,4.281,4,5
CCC1CCC2CCC13CC23.CCCC.CCCCCCC,0.4358,308.59,8.006,0,0
CCCC1C(CCC)C1CCCC1CCC(CC2C3CCNC3NCN2NC)CC1,0.4356,418.71,5.117,3,4
C.CC(N)CCCC(N)C1CC2C3C1C21CC31C.CCN(C)CC1CC2CCN(CC(C)O)CN21,0.4354,491.81,3.184,3,6
CCC1CCCCCCCC2C34CC(CCCC5CCC5C)C3C24N2C(CC1)C1CC12,0.4353,423.73,7.831,0,1
C.CCC.NCCCC1C2CC3(C4C5C6CCCCC6N54)C4CC3C(CC24)C1NCO,0.4352,431.71,4.219,3,4
CCC(CCC1NC2C1C1CC13NC1C4C(C)C4N1C23)C1CCC2C(C1)NC(CCOC)C2N,0.4351,469.72,1.89,4,6
C.CC(CCC(C)NCC1CCCC2CC12)NCCC1CN2CC(C1C)C1CCC(N)CC12,0.4349,460.8,4.879,3,4
CC1CCCC(Br)C1C1C(O)COC2CC3OC34C3CC3C3C(C5NCCCN53)C4C21,0.4347,493.49,2.605,2,5
C.CC1C2CC1C1CCC3CCCCCC3CCCCCCC21,0.4342,318.59,7.472,0,0
CC1CCC2C3C4CC4CCC(C4CC56C7C(N75)C65CC6CCC(F)CC6C45)C4C3C2C14C,0.4341,447.68,6.176,0,1
C.CC(C)CCC1C2CCC(CC3CCCCCCCCCC4CC45CC5C(C)CN3)CC12,0.4334,457.83,9.256,1,1
C.OCC1CC(C2C3C4(CCCCC4)N4CCC234)C2CC12C1CCC2OC2C2CC3CCCCC3CC21,0.4332,507.8,6.674,1,3
C.CCCC1CCCC2CC3NC4CCCCC(C)(C)CC4C3CC2CC(C)CCCC1C,0.4331,459.85,9.645,1,1
C.CCC1CCC(N)(CC2OC2C2CN2C2CC3CCCC2C3CCC2CCCCC2)C1,0.4323,444.75,6.537,1,3
CCN1C2C(C(C)(O)CC3CCC3CNCC3C4OS34C)C3N2C31NC1CCC(C)CC1,0.4322,464.72,2.629,3,6
C.CC1CCC2CCCCC2C2C1CCC13NCCC4(C5CC6CC78C(CO)C7(C65)C8C5CC6C7C6C57)C1C234,0.432,527.84,6.626,2,2
CCC(O)C(C)CCC1CC1C1CC1N1C2NCC3C(C21)C1C2C4CCCC31C4C1C3CCCCC3C12,0.432,504.8,5.772,2,3
CCC1CCCCC1CCC1CC1CCCC1CCCCC1C,0.4316,318.59,7.616,0,0
CCC1CCCCC2CCC3C4NCC5CCC6(CCCCCCCC6)C5C34CC2CC1,0.4315,439.77,8.518,1,1
CC(C1CC(C2CC3CC4C5C4C5C32)CC1C1CC1N)C1CC1C1CCCCC2CCCCC21C,0.4314,475.81,7.783,1,1
CCC1C(NCC(C(N)O)C(CC)N2CC3CCC4C3N4C2)CCC2OC21,0.4311,378.56,0.94,3,6
CC(C)CSC1OCC2CC3CCC4C5CCCCC54C(C4CCCCCCCC4)C321,0.4308,444.77,8.321,0,2
CCC1NCC2C(C1CCCCC1CC13NC3C)C1CC3CC3CC13CCCCC23,0.4308,410.69,5.764,2,2
C.CC1C(C2CC(C34C5N6CC7CC53C4N76)NC3C(CCCCN4CCOC4)C23C)CC2NC21C,0.4306,481.73,2.508,2,6
CC1CC2N(CCCCCC3CC4C5CCCCC5CCC4C13)C1CC3(C)CC213,0.4306,395.68,6.908,0,1
CS(C)(O)N1C2CN3C4C5CCNC6C7CNNCCCCC7N6C(C6CC7CC7C6)CC5C43C21,0.4302,502.77,1.877,4,7
CCCCC1CC(C2CCN(C3CC34CN4CCCC3(C)CC3)C(C)C2)CCCCC1N,0.4301,443.76,6.208,1,3
CC.CCC1CCCCC1.CCNC1CCC(NCN)CC1.CNCNC,0.4297,387.7,3.799,5,5
CCCC1CCC1NCC1C2CC1C1C2NCOC[SH]1C1CC2C3CC21N3C(O)CC,0.4294,449.71,2.637,4,5
C.CCCCCC(CC)C1CCCCC2CCCCCC3CC3C21,0.4288,334.63,8.252,0,0
C.COCCCCCCC1CC2CC34C(NC2CCCCN1)NC3C1C2CC3C(CC35CC5)C1C24,0.4286,483.79,5.326,3,4
CC1CC1CC1CCC2C(C1C)C1C(CCCC3CCC4N(C)C3C4(N)NC3CCCCC3)C21,0.4285,467.79,6.027,2,3
C.C.CCC.CN(CCCCS1(C)CN1)C1NCNN2NCCC12,0.4283,364.65,2.267,4,6
C.CC1CC1CCCCCC1CC1C1CCC2NCCC3CC3CCCCC2C1,0.4283,401.72,7.84,1,1
CC1CCC2CC1C(N1C(CC(C)(N)CN)C3CCC4C(C(O)NC56CCCCC5C6)C4C31)C2,0.4283,470.75,3.443,4,5
CC(C)C1CCC(C(CCNC2CCC3C(C2)CC32OC2C)CC2CNC3CC3C2)CC1(C)O,0.4283,472.76,5.14,3,4
C.CCCCCCCC1C2C(CC(C3CCCCC3)N1C)CC1C3C(C)C123,0.428,373.67,7.154,0,1
CCNC1CCC2CCC3C(CCCCC21)C12C3C1C1C3CC4CC45CCCCCCCC5C1N32.N,0.4278,493.82,7.191,2,3
CCCNC12C3CCCCC3CC1C2C1CC1(C)C1CCCCC1NCCC(O)CC,0.4277,430.72,5.517,3,3
CC(C)(C)CNCC12CC3CC3C(C)(CC1CC1CCCNC3C(C1)CC1C3C13CCCCC3)C2,0.4274,480.83,7.429,2,2
C.CC(C)C1C2C3CC4CCC5CC5C4N2CC31CCCC1CCCCCCCC1C,0.4273,427.76,8.18,0,1
CCC(C)S12OC1N1C3CCCN(C4NCC(C(C)O)C56C7CC8C9(CCN%10CC9C(C)C%10O)C78CCN5N46)C3C12,0.4271,586.85,1.736,3,9
CC.CS1(NCCCNC(C2C3C4C5C6C7CCCC76C3C245)C23CCCC(C2)O3)CO1,0.427,446.7,4.452,2,4
CCCC1CC(CC2CCC3C(C2)C2CNC4NCN5NNC3C5C42)CC1CCCN,0.4269,430.69,2.388,5,6
CC1CCC2CC3(CC12)CN(C)CC3C(N)O.CCCCCC1CC1CC1CC1N,0.4268,419.7,4.208,3,4
C.C.CCC(CC)C1(C)CCCC2CN2CC1.CCCCC1C2CC3CC312,0.4267,377.7,7.792,0,1
CCC12CCCC1C21CCCC(CC(C)CCCN(C)OC(C)C)C23CCCNC2C31,0.4266,430.72,6.429,1,3
CCC12CCC1CC1CC1N(C1(CC3C(O)NC4C5CC(C(F)N(F)Cl)C5C34)C3C4CC4C31)C2,0.4264,494.07,4.336,2,4
C.CCC(O)C12CCCCCC3CC4CCC5CC5CC4C34CCCCCC14CCCCC2C,0.4257,470.83,9.563,1,1
C.C.COC1CC2C3CCN4C(C3)C(C3CCCCCCC5CCCCCC5C3)CCC124,0.4256,445.78,8.094,0,2
CCC1CCC(C(O)NC2CC(CN3CCN(C)CC3)CC(C(F)(F)F)O2)C2C3NC4CN5CC4CC3CCC125,0.4256,569.76,2.703,3,7
CCCC(C)CC(C)CCC1C(C2CC2CC2CCCCC2)CC2NC21,0.425,359.64,6.812,1,1
CC1CC(C)CC(CCNCCC(N)C2CC3C4C(CCC5CCCC5)ONC34C2)C1,0.4249,431.71,5.024,3,4
CC(C)C1CCCCCC2CCCCC(CCC1)C1C3CC4CCC3CC1C24,0.4248,384.69,8.498,0,0
CC1C(O)C2CCC3CC4NC5CCCCCCCCCC5CC4C3C3NC3CCCC12,0.4245,442.73,5.657,3,3
CCNCCC1CC2CC(CC(F)(F)F)CCC2CC2CNC(CCC3CC3C)CC12,0.4244,442.65,6.411,2,2
CCCC1CC1CC.CCCC1CC2CCCC3NC4CC(F)CC4C3C3CC3C3CC3C2C1,0.4241,471.79,8.422,1,1
CC.CCNC1C2C(CCCC3CCC4CC3C4CCN)NNCC12CN,0.4239,379.64,2.223,5,5
CC1CC1C1C2C3CCC4C56NC(C7C(N)N7C)C45C36C1N2CCCCCCN,0.4238,397.61,1.18,3,5
CC1CC(ON)CCC2C1CCCC1C3CNC45CCC6CCC(C7CCCCC7)NC64C5CC3C21,0.4236,495.8,5.803,3,4
CCC1CCC2CC1CNC1CCC3CC4C5C6CCC6CCCC5C4C3C1CCCCC2CNC,0.4235,494.85,7.531,2,2
C.CC1CCN2CCCC3CCCCC3CC(C3CC4CN5CCC(C6(C)CO6)C45C3)CC2C1,0.4233,470.79,6.609,0,3
C.CCCN1CC2C(CC3CC4C3CC4C3CC(C(CC)CNCCCN)O3)C21N,0.4232,420.69,3.034,3,5
CC1CC2CCCCC2C12C1CC3CC4CCCCCCCC4C3C2C1,0.423,354.62,7.472,0,0
CC.CN1CC1CCCCCC1NCC23C(N(C)C4C5C(C6CCNC6)C54)C1N2C3(C)C,0.4229,443.72,2.618,2,5
CC(CC1CCC(C23CC2C3)CNCCN1)CC(C(C)C)C1CCCCCCCCCC1,0.4228,444.79,7.574,2,2
CC(NC1CC1(N)O)C1CCCCC1CCC12CN1C13CCNC1C23,0.4223,346.52,0.769,4,5
CCC[SH]1COC1CCC1CCCCCCCNC2NC23OC3CCCN1,0.4222,399.65,3.198,4,5
CC.CC(C)CCNCCCCC1C(CC2CC2(C)C)CCC2CC21,0.4221,349.65,6.917,1,1
CC1(C)CN2CC3NCC4C5CC6CCC7CCCCC7C7CC7C6C45C32CNCCC1(C)C1C2CC3CC3C21,0.4219,543.88,6.045,2,3
C.CCN1NCC(NC2NC3C(CCC4CCCCC4CCCN)CC23)N1,0.4219,380.63,2.142,5,6
C.CC1CC2CCCCC2C1C1CC2CCCCC2C1CC1CC1C12CCCCC1C2,0.4218,424.76,9.134,0,0
CCOCN(C)CCCCC1CNC2CCCCCC3NC(CCC1C)CCN(C)C3C2,0.4216,450.76,4.472,2,5
CCC(CCC1CCCCC2CN2CC1)C(C)CC1CCCCOC2CCC2C1,0.4214,403.7,7.069,0,2
CCC1CNCC2C(CO)C(CCCN3OC34CC4C)N2C1CC1CCC(OC2CCCCC2)CC1,0.4213,503.77,4.707,2,6
C.CC1CC2CC2C1CCC1CC1CC1CCCCC2CC3C(CC1)C21CN(C)CCC31,0.4206,439.77,7.895,0,1
C.CC1CCCN2CN3C4(CC5CCCCC5(F)O4)CC34C3(C1C)C1C5C(C6CCC7CC765)C1C234,0.4204,480.71,6.039,0,3
CCCC1(C2C3CC(C4NC45C(C)C4CCC(F)C45)CC32)CC(C)N2C3C(CC21)C1CCCCCCCN13,0.4201,523.83,6.617,1,3
C.CCC(CCNF)NCC1CCC(CC)C1CCN1CC(C2C3CCC4CC432)C1,0.4201,421.69,5.275,2,3
CC1CCCC(CCNC(F)CC(C)C2C3CC3N3C(CN4C5OC54C)C23C)CCC1,0.4201,433.66,4.744,1,4
CCC(CC1CCCCC1C)CN1CC(C)C12C1CC3C(C)N(C(O)CC)C312.CNN,0.4199,434.71,3.82,3,5
CC1CCCCCCC2C3CC12CC31CC2(CC3CCC4C5CCCCC5C4C3C2CN)NC1C,0.4192,478.81,7.167,2,2
CCC(O)N(C)CCCC1(C)CCCCNCNC2(CC3CCCC4CCCC43)CC2N1,0.4191,448.74,4.213,4,5
CC1C2CC12.CCCC1CCC2CCC(C)CCC2CCCC2C(CCN[SH]2C)C1,0.4186,435.81,7.996,2,1
CC12CC3NCCC(N)C(C4CCC5C4NC4OC45)C1CCC2C3CCCCN,0.4182,402.63,2.196,4,5
C.CC1CCC2CCCC3CCCC(C)C(C4C5n6on6C6CC7CCC6CC745)CC3CC12,0.4179,454.74,8.346,0,1
C.CCC(O)CCCC1CCCCC2CC3CCC4CCCC5CCCCCCN5C4C23CCC1,0.4176,487.86,9.144,1,2
CCC1C2CCC3C(C)C4CCCCC4C4CCCCC4CCC(C1C2)C1CC31,0.4175,396.7,8.354,0,0
CCCCC1CCC2C3(CCC)C4C5CC(N(C)CC6CCCC(CC)C6)C(C54)C123.CN,0.4173,442.78,6.977,1,2
CCCCC(C)CC(O)CCC1CC2CC(CCC3CCNCC3)CC3C(C1)C23,0.4169,403.7,6.422,2,2
CC.CCC(F)CCC(NC(CC)CC1NC2CCCNCCCC2N1)C(C)C,0.4168,414.7,4.744,4,4
CC(O)(C1CCC2CC2C1F)C1CCC2(C3CC(C4CCC5CCN(O)N5C4)N4CCNC(N)C34)OC12,0.4168,519.71,1.707,4,8
C.CCCC1CN1C1CCCC2NC3C(C4NN4CCC21)C31CC2C(C3CC34CCC3C(CC3(C)C)C4)CC21,0.4168,534.88,6.277,2,4
CC12CC3(CN(N)C34CC3CC5CCN6CNC7C8CCCC87C6C5C34)C1C1(C)C3CCCC2N31,0.4167,475.73,3.012,2,5
CCN(C)CCCCC1CCC2NCC3C(C4CCC5CCCC5C4)NC4(C2C1)C1NC314,0.4167,440.72,3.764,3,4
CCCCOCC(Br)CCCCCC1CCNC1NC,0.4166,349.36,3.672,2,3
C.CCC1CCC(CC)C(CCCC(C)CC2CCC(C)CC2)C1,0.4165,336.65,8.498,0,0
CC(F)CC(N)CC1N2NCC(C3NC4CCNCCCCC4C4NCCCC43)N12,0.4164,423.63,0.686,5,7
CC(O)CC1CCC2CC1CC1CCCNC1C1CCCCCNC3OC3C1NCC2O,0.4162,449.68,2.386,5,6
CCCCCCCC1CC1C1CC2CC3C4C5CCC4C5CC3C21CCCO,0.416,384.65,6.69,1,1
CCC(O)N1CCC(C23NN(C4CCC(CCCC5CC6CCC56)CC4)C4CNOC42N3)C1,0.4154,459.68,2.531,4,7
NC1CC2C3C(CC3C34CCCCCC3C4)CC1C21CCC2CNCC3C(CCCC4(F)CC4)C3C2C1,0.415,508.81,7.117,2,2
CCC(CCCC1(C)CN1C)CC1CC(CCC2CC2CCN)C2CCNC(O)C12,0.4145,419.7,4.222,3,4
C.CC1CCCCC1CCCCCC1C2C3C(CCC45CCCCC4C15)C32,0.4141,370.67,8.108,0,0
CCCCN1CC2(C)C1C1C3C(CCC4CCNN5NC5CCCCNC(N)C5CCCCC45)CC312,0.4141,498.8,4.045,4,6
CC(CCCCN)C1CC2C(CC1N)NN2C1NC2CC34C5CCCCC5C3C4C2N1,0.4139,428.67,1.716,5,6
CC(C)C(C)CCC1C2CCCCCC2C1CCCC1CCCC23C4C5C(C12CN)C543,0.4137,423.73,7.293,1,1
C.CC1CCCCCCCCC2C(CCC1C)CC1C3CCCCCCCCNN1C23,0.4134,432.78,8.363,1,2
C.CCC1CCC(CC23CC2C2COCCC(C4C5CCCCC6CC6CCCC54)CC23)C1,0.4123,454.78,8.76,0,1
CC(F)CC1CNC23NC(CC(C)CC(O)NC4CCCC5CC54)CCC(C)C2C13.Cl,0.4121,458.11,4.219,4,4
CCCC1NC(C2CCCN2C(O)CC)CC1CCC1CC2C(CC3CCCCC3)CC12,0.412,444.75,6.349,2,3
CCC1(C)CC23C(CCC45CC4CCC52)CNC3C2C1C1CC1C1CC3C4NC4NCCCNC3N2C1,0.4119,505.8,3.37,4,5
C.CCC(O)N1CCCC(CC2CCNC3NN3C3C(C4CCC(O)NC4)N23)C1,0.4118,410.61,0.247,5,8
CC1CC23CC24CN4C2CNC4CCC5CC5CCCCC5C6CCC6C5C4CC2CC32C(C)C12,0.4114,474.78,6.352,1,2
CC1CCCC1C1N2C(C(CI)C(N)O)C13C1CC4C5C4C5C123,0.4113,426.34,2.068,2,3
CCC1CCC1C1CC1N(CC)CNC1CCCCNCCNN1N,0.4109,352.57,1.46,4,6
C.C.CCCC1NC1CCN1CCNCCCC2C(C)CCCCC3CC3C2C12CCCCC2,0.4109,475.85,7.256,2,3
C.CCCCCCC1C(C)C1CCCN(C)CC1C2C(C)CC13NC23,0.4108,348.62,5.183,1,2
C.CCC1CCCC2C(C1)C1C(CCC3CCC4C5CCCC5CCC4C31)C1O[SH]2O1,0.4106,448.76,7.92,1,2
CCC(O)NCCCCCC1CC1CC1C(N)C2CC3C4CC2(C4C)C13,0.4106,360.59,3.756,3,3
CC1(F)CCCCCCCCC23NCC4C5C67CCCC56C7C45C4CNCCC(C2C13)C45.CC1C2OC12,0.4105,508.77,5.729,2,3
C.CCS(O)(O)NC(C)CCCC1CN2C3CC3C3(CCCNCNCC3)CCN12,0.4104,445.72,3.457,5,7
CC1(C)CCCC2CC2CCCC2N3C4C(C23CC1)C1(CCCCO)N4C12CCCC2CCN,0.4104,469.76,5.28,2,4
C.CCCCCS(O)(O)CC1CC(N(C)C2NCNC3NCCC32)C1C,0.4102,390.64,2.932,5,6
C.CCCCCCCCC(O)C(CC)C1CCC1CC(O)CC,0.4102,328.58,5.947,2,2
CCC1(N)CC(OC)CC(N2CC(C3OC3C)CCC23CCN2C(C3)NN3C4C(CN)C3(C)C42)C1.N,0.4096,505.75,1.402,4,9
CCC(CCCC1C2CC3CC34C2C(C2OC12)C1C(O)NCCCCN(C)[SH]14)C1CC1C,0.4094,462.74,4.179,3,4
CC1CCC2(CN3CCCNCCCCC(CN4C5CC6CC6C54)CC3)CC34CCCC(CCC3)C4CCN2C1,0.4088,550.92,6.402,1,4
CC(O)CONC1CCCC2(C1)C1CC(N3C4CCC(C5CCC6CC65)CC43)C3C(N)CC3C12,0.4088,469.71,3.698,3,5
CCC1(O)NC12CCC1C(C2)C2NC12C(F)C1NCNC2CC34C(CCC5C2C3C54)OC1C,0.4086,458.62,1.243,5,6
CCC.CCCC1CCC2CC3CC23CCCCCCCCOCCC2CC(CCCC1N)C21CC1,0.4085,501.88,9.69,1,2
CC1NCNC(N2CC3CC34C(C3CCCC(NC5CC(O)CC(Cl)C5)C3O)C24)C1F,0.4084,457.03,1.15,5,6
CCC(O)N1CCCCN1C1CNC(C)(C)C2C(CCCCC3NC4(CC2O3)CC2C3CCC5(CC3C5)C2CO4)N1,0.408,571.85,3.758,4,8
CCC(O)N1CCC(C(O)C(C)C23CCC2CN3NCCCCC2CC3CC34CC4C2)CC1,0.4079,459.72,3.999,3,5
CC1COC2OC2CC2CCC3NCCCNC3C2CNCCC(N)CCCCCCCO1,0.4078,466.71,2.531,4,7
CC1C(O)NC2CCCC3CC1C1CCC4CC4C1C(C)C21CC2(CCCCCCC31)CC2,0.4077,453.76,7.158,2,2
CCC(CNC)C1CC(CC)(CCNCCC2CCC3(CC3)C2)CC1CC,0.4072,376.67,6.015,2,2
NC(O)C1CNCC2CCNCC2C2CNC3CCCCC3CN12,0.4068,337.51,-0.706,5,6
C.CCCCC1CCCCC(CN2C3NCCC4CC(C5CC6CC6C5)CC432)C1,0.4066,400.7,6.455,1,2
CCCC(C1C(C)CCC1CCC1NCNC2NCCC12)C1CS1(O)NC,0.4066,398.66,3.094,5,5
CC.CCC(O)NC12CC(CCC(C)CS3(N)CC3C13NC3CC(C)C)C2F,0.4064,417.68,3.675,4,4
OCCCC1CCCNC1C1CCC(C2NNN3CNC4NCCC4C23)CC1,0.4063,392.59,0.492,6,7
CCCCCCC1(NC2C(C)C3CCC4C(CCC(CCF)C4O)CC32)CC1.N,0.406,410.66,6.039,3,3
CC(C1NC(O)N2CCCC3CC34C3CCCC4C3CC23C24CNC(C2)C143)C1(O)NC2CCC1CC2,0.4057,494.72,2.36,5,6
C.CCS(O)(O)C(C)CC1C2CN2N2CC(C3CCNC4NCCC43)C(NC)N12,0.4044,430.66,1.392,5,8
CC(CN)CCCCCNN1CC2C1NCCC21CN2CCC3CC3CC21.NC1CCCCC1,0.4043,474.78,3.276,4,6
C.CCC1C(CCNC2CCCC3CCCC(C)C3(C)CCC2)CC2C3CCCC4CCN4CC132.F,0.4038,504.86,8.457,1,2
C.CCC1CC2C3CCC3C2C2C(C)C(CC3CCNC3CC34CCCCNCCC3CCCC4)C12,0.4037,496.87,7.921,2,2
CCCCC(CC)CCCC1CC2CCCC(C)C3CC3CCCCCCCCC2N1,0.4034,431.79,9.297,1,1
NCCCCC(O)C1CC2C3CC1N3NN2C1NC2CC3C4CCCCC4C3CC2N1,0.4034,430.64,1.103,5,7
C.CC1C2CCNS3(C)NC3CCCCCCCC2CCCCC2OS21O,0.4032,420.73,6.284,3,4
C.CCC1(CCCCC2CCC(C3NNN4CNC5NCCC5C34)CC2)CC1N.F,0.4031,426.67,2.828,5,6
CCNC1CC1CCCC1CCCC(CC)C2(CCC1)CCCC2CC1C2CNC(C)C1O2,0.403,458.78,6.703,2,3
CC(CC1CCCCCCC2CC2C1)CC1NC2CN3C4CC5C6C7OC7CCCCC(C)C(C)C56C4C123,0.4029,520.85,7.042,1,3
C.CC1CCC2CCC3CCCCC3CCCC3CC45CCCCC4C35C12,0.4024,370.67,8.252,0,0
CCCCCCCC1CCCCC1N(C)NNC1CC2CC3CC3C2N1,0.4024,362.61,4.191,3,4
CC(C)CCCC(C)C(C)CC1CN1C1C2CC3C(CC4C5C6CCCC5C6C34)C21,0.402,409.7,6.722,0,1
CN1CCC2C3CC3C3CC4C5CCNCC6(CC7CC8CCC(CCCC9(C)CC9)CC87C6)CC5C34C2C1,0.4019,530.89,7.629,1,2
CCCCC1CC23C4C(C45CCCCCCC5)C24OC34CC1CCNC1CCN(C(O)CC)C1C,0.4018,484.77,5.872,2,4
CNCCC1C2CN1CC1CCCC12.CSCCC(O)COCCCCCN,0.4017,415.69,2.572,3,6
CC1CCCCNC(O)C2CN3C(NCNC4CC56C7C8C9CCCCC97C85C46)C23CC1,0.4013,438.66,2.466,4,5
C.CC1CCCCCCCCCCC2CC3C4C(NCC4C2C1)NCN3NN,0.4009,393.66,3.971,4,5
CCC(CC1CCC2CC2C1)CC1NC1CCCC1CC12C1CC(C)(CC)C3COC45C(N6C7C6N4C75)N3C12,0.4008,532.82,5.009,1,5
CCCC1CCC23C4CCC1C2(C4CC)C1NC2NC45CC6CCC7CC8CC89CCC(C9)C7C6CC4C25C13,0.4007,526.85,7.384,2,2
CCC(C)CCCCC1CCCNC12NC1C3(CC4CC5CCCCC5C5OC5C413)C2C,0.3999,440.72,5.881,2,3
C.CNC1CCCCCC(CCC2CC(C3CCC45CCC4C5N3)C3C45CC4NC(O)C235)CCCC1,0.3997,497.81,5.595,4,4
CC1CCC23CN4CC4CC2CCCNCCCCCC3C(C(O)NC2CCC3C(C)CC23)C1,0.3997,471.77,5.016,3,4
CCCCC12CC(C)CCCCCC3CC3CC1C2CCC1CC1CCC,0.3996,372.68,8.642,0,0
CCC1C2C(C3C4CCCC5C6CCC(C56)C423)C1C12C(CC13CCCC1(C3)OC1C(C)C)C2C1CO1,0.3994,488.76,6.966,0,2
NCC1CCCC2C1CC1C(NC3C(C4CCNC4)CNC4NCCC43)CCNC12,0.3992,416.66,0.451,6,6
NC1CC(N2CC3C(C4CN43)N2NC2CCC(Cl)CC2)N1C1CCC(CC(F)(F)F)C(O)C1,0.3992,493.02,1.807,3,7
CCCNC(N)CC1(C2CCC3(F)OC3C2)NC1CCCC1CCCCO1,0.3991,383.55,2.976,3,5
CC1C(CCCCCCC(F)F)CCC2NC3CC4CCCC(C4CN)C4CCC3(C21)N4CO,0.3991,481.72,5.143,3,4
CCC1(C(C)(C)C)CC1CC(N)CC1CNC2C3C4CCC5CCC6CC7CCCCC76C2(C1)C3C5C4,0.399,506.86,7.803,2,2
C.CCCCCC1CC1CC1C(CC2C3C45CC6CC6C34C25)CCC2CC21,0.3989,366.63,7.183,0,0
CC1CCCCC1C1CCCCC1CCC1CCCCCC2C3CCCCCCCCC3CCC2(N)C1,0.3988,511.92,10.844,1,1
CC1C(O)N2CCC3C4CCCCCC5CCC6CC6CCCC5CCC5(CCC4C3C12C)CNO5,0.3986,498.8,6.528,2,4
CCC(O)NN1CCC(C2CCC3(C2)C2CC4CC(N4)NC24CC2CN2CC34)OC1,0.3986,417.6,0.808,4,7
CCCCCCCCCC1CCC2C3C4CC(C(C)C)CC4C123,0.3985,316.57,7.082,0,0
C.C.C.C.C.CC.CCC1CN1CCC1CCCCCCCCC1C(C)N.CCCN,0.3983,449.9,8.747,2,3
CCC(CCNC)CC1CC2C3CNCC2C3CCCCCC2CCCC2CCCCCCN1,0.3981,473.83,6.773,3,3
C.CCCC1ON2C(C)NC(CC)C(CCNC(O)(O)CC)CC3C1CNC32,0.3981,400.61,1.962,5,7
CCCC(O)N1CCCCC1CN1OC12CCCC(OC1CCCCN1)OCC2.CN1OC1CCN,0.3977,513.72,2.474,3,10
CC1CCCCCCCC2CC3C(C)CCC4C(CC5CCCCC5CC34)NCC2CC1,0.3965,441.79,8.62,1,1
CC1CNC2(O)C(C1)C(O)C21CNC2(C1)NCNC1CC3C(CC4CCCCC4)C3C12,0.3965,430.64,1.343,6,6
NC1CCC2C1C21CCCC2CCC3C4C5NCC6NC64C35NCNCCC1C2,0.3962,397.61,1.148,5,5
CCCC1(C2C(N)C3CC32)NC1CC1CC1CNCC1C2CCN(C(O)CC)C21,0.3959,402.63,1.755,4,5
CC1CCC1(O)N1CCC(OC2CCCCC(C3NCC(CC4CCC(N5CCN6C7C8OCC86C75)CC4)CN3)CC2)C(F)C1,0.3958,629.91,3.477,3,8
C.CC1CCNCCCC2C(CCC3CC45CCCCCCCCCCCCCCCC4CCC35)C2C1,0.3954,513.94,10.962,1,1
CC.CCC1(O)NC1CCCCNC12CCCNC3C4C(C)C3C4C1CCC2,0.3951,391.64,3.646,4,4
CC1NCC23CC4CCC2(CC(CCC2CCC5CC6C7CCC7C6C5C2)C13)CN(O[SH](C)O)C4,0.3951,502.81,6.142,3,4
CCCCCCCC1CC2CCNNC2C(NCC2CCCCCCCCC2)N1,0.3951,406.7,5.248,4,4
C.CCCCCCC1OC1C1NC2C3NC4C5C(CN34)C25N1C1CC2C3CCNC3C21.O,0.3951,445.65,0.701,3,6
CC.CC1CC1CCCC1CCCC23CC4CCC2CC4C3CCC1CCCCO,0.3948,416.73,8.25,1,1
CC1CCCNCC2CCCC2C2CC3C4CCCOCCC5CC5CC4C3CCC2CC1C,0.3948,469.8,7.57,1,2
CCC1CC1CNCCCC(N)C12CC(CCC1OC)C21CCC2CNCCCCNC1O2,0.3946,462.72,3.009,4,6
C.CC.CCC(C)C1CCCCCCCC2C3CC4CC4C3CCC2C2CC23NC2C(CCC1OC)CC23,0.3944,527.92,9.516,1,2
CC(C)CCC(C)CC1CC2CCC1CC2CCCC1CCCCC1,0.394,346.64,8.252,0,0
CCC(CCOC)CC(C)CC1OC1C1CCC2NC34CCC5CC3C5CC4CC3CC3CC21,0.3939,469.75,6.452,1,3
CCCCCCCCC(NC(C)CCCCC)N1CCC2CC2C1,0.3935,336.61,5.963,1,2
CCCNCC(N)CCC1CCC(N2CCC3NC4C(C5CCOCC5)CC34C(CC)C2)CCOC1,0.3934,504.8,3.784,3,6
C.CC1OC1C1CCC2CC3CC34C3CCC56C7C8CCCCC85C76CC3CC4C34CC23C14,0.3931,444.7,7.095,0,1
CCCC1CCCCC1CCC12CCC1CC(C1CC13CC3C13CCC(C)C1C3)S2,0.393,426.75,8.49,0,1
C.C.C.CCCCCC1CCC(NCC2CCC(F)CC2)CCN1CCC(C)O,0.3929,418.73,6.587,2,3
NCCC1(N2CC(NC3CCCCC3)C(C(N)O)C2)CCC2CCCCC2OCCCN1,0.3924,451.7,1.88,5,7
C.CC(O)C(CNC1CCCCCC1)CN1C(CCCC2OC2C)C2NCC21,0.3922,395.63,2.914,3,5
CCC1CCCCCCCCC12CCOC(C)(CCC1CC3CCCCC3C1)C1C3CNN(S3)C12,0.392,502.85,8.144,1,4
CCCC1CCC2(CN1)CC(C1CCC34CNC5CCC5C3[SH]14)NN2,0.3916,364.6,1.81,5,4
CCC(O)NC1(C)CC(CC2CCCCC3NC(NC4C5NC(C)C54)N23)C1CF,0.3912,409.59,1.465,5,6
CCC1CCC(CNC(CCC(O)OCN)CC2C(CC)CC3CC32)CN1,0.391,381.61,2.827,4,5
CCCC1C2(CCNC(O)CC)C3CC34CCCC3CC3CCC3CCC5CC5C5CC35CC142,0.391,465.77,7.16,2,2
CN1CCCC2CCCC3C4CC5CCCCCCCCC6CC6CC6CC56CN4C3C2C1,0.3909,452.77,6.984,0,2
CCC12C(CCCNCCNC3C4N3CC3CCC5C6CCNCC6CC354)CC1C2C,0.3908,426.69,3.294,3,4
C.C.CCC1NC(C)CC1NC12CC13CC1C4C56CCCN(C(O)C7CC78CCC7(C)CC78)CC5NCC6C14N32,0.3907,551.86,3.749,4,6
C.CC(C)N(C)C1CCC2CCOCCC3CC3(C)C34C5CCC6C7CCC8C9COC9C8C7C63C5CNCCC3NC(NCN21)C34,0.3907,650.01,4.974,3,7
CCC(CCCCCCC1CCC2CC2C2CC3C4CC5CC5C3C4C12)OC,0.3907,384.65,6.952,0,1
C.C.CC1CCCCC1CC(O)NC1CCCC(C2CCCN(C3NCNC4CCCC43)C2)C1,0.3904,478.81,5.299,4,5
CCC(CCCC(C)(C)C)C1NC1C1CC2CC(CCC3CC4CCCCC43)CC2N1,0.3903,428.75,6.933,2,2
C.CCC(O)CC1C2CCC3CCCCCCCCNCC4CCCCC4C3C1C2CCC(C)C,0.3903,489.87,8.865,2,2
CC.CCC1CCCCCCCC2CC(CN3C(C)CCCCCCCC3C)CCCC2CCNCC1.O,0.3901,536.97,9.574,1,2
CC12CC3C4(C5CCC(N6NN7C89CCC(C(O)C68)C6CCN(NCN)C679)CC54)C31C2,0.39,424.59,0.583,4,7
CCC1CCCCCCCCN1C1CCCC2(C1C)C1CC(C(N)O)C3NC(C4CC5OC5O4)CN3C12,0.39,516.77,3.395,3,7
CCC(O)N1CCC2C(CCCCC3CCC4CCC(CC5CC5)CCC34)CC2C1C,0.39,429.73,7.254,1,2
CC(CCN)CCC1C2CC34CC5C6N7C8NC86C6CC(NC(O)C6C)C76C7NC7C56C3C124,0.3897,449.64,0.415,5,6
CCCCC1CCCC2CCC3NNCCCCCCCCC4CCCCCCCC4C3C2CC1CC,0.3897,514.93,10.219,2,2
C.CC(N)C1CCCCC1C1CC2NC3CCC4CC5CCCC5CCCCC4C3C2C1CCN1CO1,0.3892,513.86,6.986,2,4
C.CCC(O)N1CCC2CC34CCCCCC5C(CC3C2CC1C)CN1CCC(C2CCCCC2)SC1C54,0.3891,544.93,8.018,1,4
C.CCCNCCCCC(C)CCCC12C3C4CCC1(CC)C(C4)C32,0.3886,347.63,6.671,1,1
CCCCCN1CNCNC(O)CC(C2CCC34CN5OC5C5(COC)C(CC)C35C24)C1,0.3883,448.65,2.183,3,7
C.CC(C)CCC1CN1S(O)(O)CC1CC(N(C)C2NCNC3NCCC32)C1,0.3883,417.66,2.531,5,7
CC(O)N1C2CC34C(CC5NCNC6NC78CCC9C%10%11CC%10C%11C97C8C563)C(CN2)N14,0.3878,408.55,-0.833,5,7
NCC1CCC(CNCC2CCC(C3NNN4CNC5NCCC5C34)CC2)CC1,0.3878,405.64,0.706,6,7
CCC(CC1C(N)C2N3CC4CC4CCCC123)NCCCCN(C)CCC1CC1,0.3876,402.67,3.457,2,4
CC1CC2C3CC45CCCC6CC6C67C8C9CCC6(C94C3C2N1CBr)C857.Cl,0.3874,448.88,5.322,0,1
C.CCCCCCCCCCCCCC(C)C1NCNC2NCCC21,0.3872,353.64,5.414,3,3
CCCC1NC2CCCC3CC4C5CCCCCCCNC4C5C3CC2N1.CCCCCC,0.3868,459.81,7.014,3,3
CC1CCNC2CCC3C4CCCCC5CCCCC(CC6CCCC6)CCC5CCCCC3C4CN2C1,0.3868,524.92,9.434,1,2
CCC(CC1N2CNCN(N3C(CC)C3CCC3CC3C(C)O)N12)C1CN1CCCC1CC1,0.3865,460.71,3.046,2,7
C.CCC(O)C1CC1C1CCCCCC2CCCCCCC3CC3CCCCCCC23CCCCC3CC1,0.3859,528.95,11.514,1,1
CCC12C3C(CC4CCC5C(C4)C4CC54C)CN1C14CCC5(C(O)OC(C)(C)C)C(C)C1(CN)C5C24NC3N,0.3856,538.82,3.663,4,6
C.CCCC1CC1CCC12CCC(CC3CCC4NC4CCN4C5CCCCCC5C4C3)C1C2,0.3854,468.81,7.809,1,2
C.COC1CC(OC)CC(N2CCC3C(CCC24CC2C5C6CC(CC25C4)C2CNC6(C)C2)C2C4CCCCC2C34)C1,0.3853,578.93,7.162,1,4
CC1C2C3C4CC56C7CCC(C5C5CCC8CC9C%10C%11CC%11C9%10C8C5)C6(CCC43C3OC3C12C)C7,0.3853,468.73,6.807,0,1
CC1CC(C(N)O)C2NC3C4C(C(C)(C)O)C5CC53C24C1C1C(C)C2CC2(N2COC3C4CC5CC5C3C43CC23)C1C,0.3851,575.84,3.263,4,6
CC1CCC2(C)C(CN)CNC3CCC(N)C(CCCCCCC12O)C3.CCCO.N,0.385,442.73,3.719,6,6
CC1C2CC(CCCC3CC3CCCN)(CC3CCC4CCC4CCC4CCCC4CCC32)C1C,0.385,481.85,9.243,1,1
CCN(CCCNN1CC2C3CCC4(CCC(N)C4C)C2C31)C1CCCC1CCCCCO,0.3842,460.75,4.008,3,5
CCCCCCCCCC1CCCC2C(COCO)C3CN4CC5C(CC4C12)OC53,0.3842,419.65,4.844,1,4
CCC1CCC2CC3C2C(CCCC2CC4CCCCCCC4C2C)C3(OCCC(C)N)C1.O,0.3842,475.8,7.16,1,2
CCC(O)N1CCC(C2CCNC(CC3NO3)N2NCC2CCCOC3CCCCC3CC2)CC1,0.3836,493.74,2.938,4,8
CCC1CC2(C)CC2CCCC1CN(C(C)CC1CC1CC1CCCCC1)C1CCNC1C,0.3828,456.8,7.667,1,2
CC(CCCCC1CC2CCOCCC2CNNCC1C)NC(O)C(C)C,0.3826,383.62,3.292,4,5
CC1CC(N)C2C3CC(C4CCCCC4)NC2N3CCCCC1C1CC2CCCCCC2CCCCC1C,0.3823,525.91,8.122,2,3
CC(CCC1C2CC3NC4CCCCCC5CC4CC12N53)N[SH](O)C(C)Cl,0.3821,416.08,4.45,4,4
CC(CC1CC1CCC1CCCCC1)NCCCCC(C)N1C2CCCC1C2,0.382,388.68,6.537,1,2
OC1NC2CCCNC2C12CCCCCC1C2NC2ON2C2C3CCC4C5CCCCC5C42C13.S,0.3819,502.77,3.042,4,6
CC(N)CC1ON1CC1CC2CCC(CC3OC3C)CCC3CCC(CC21)C12C4CCCNC1(CC3)CC41CC12,0.3815,551.86,6.262,2,5
C.C.C.CCCCC1CC1C1C(CC)C2CCC3C4CCCCC4CCC3N3CC3CCCNCN21,0.3814,503.9,8.19,1,3
CCCCCC(CC)CCC1C2CC3NC4CCC5CCCC6C(CC7CC76)CC5C43C12,0.3813,437.76,7.838,1,1
CN1CCCCCCCCCCC2C(CCCCC3CC1N3)C1CC3CCCC(CCCC21)C3,0.3813,470.83,8.55,1,2
CCC(CC1CCC(C2CCC(NC3C4C5CC(N6CCCC7CC76)N3N(C5)NC4N)CC2)CC1)C(C)O,0.3811,528.83,3.847,4,7
CCC(CCN)C1C2C(CCCCC3CC45C(CC6CN64)C35)C3(CCCCC3)C12.N,0.3808,413.69,5.619,2,3
CC.CCC(O)NCCCCC1C2CC2C1C1CC2C1CCCC1CC3CC3C12,0.3808,401.68,6.091,2,2
CCCCCCCCNCCCCCC.NC1NC23CCCC4CC4CC2C13,0.3803,391.69,5.586,3,3
CCCNCC1CCN2CCCC3CC32NC2NC3NCC(N4C5CC(C)(F)C54)CC32C1,0.3802,446.66,1.586,4,6
NCN1CC(N2NC(C3CCC(CC4C5CC6CC6C45)CC3)C(C(N)O)C2N)CCO1,0.3798,434.63,0.374,5,8
CCCNCCC1C2NC34CCC5OC53C14C21C(N)C2C3C(CCC4CC(CC5C67CC56C7C)C43)C21,0.3797,487.73,3.546,3,4
CCCCCC1C2C1C2C1C(CC)CC2CC3CC4CCCCC5(CCCCC5)C4C2N31,0.3796,437.76,8.077,0,1
CCCC1C2C3C4(CC5C6C(CCCNC56C5CCC6CC7C8C79C(C65)C89C5CCC6(C)CN56)CCC4CC)C123,0.3796,538.86,6.988,1,2
CN1CC(N)NCCC2(CCCCC3NC3C1)C1CC3(COC12O)C1CCCCC12CCN1OC123,0.3794,487.69,1.346,4,8
CNC(N)CCCC1C(C)C2CCC12.CNCC1OC12CCCC1CC(C3CO3)C13CC2C3,0.379,459.72,3.912,3,5
CCCCCCC(CC)CCNCC1CC2(OC23CCCCNC3)C1(C)C,0.3787,378.65,5.29,2,3
CCCCC1CC2C(CC1C)C1CCCCNCC(F)CCCCCC3CC4CC5OC5(F)C4C3(C)C12,0.3781,519.81,8.49,1,2
CCC12CCCCCC3C4C(CC5CCCCC6CCCC7CC7CC6C5)C34CCCCC1CC2,0.3781,478.85,10.592,0,0
CC1(C)CCC2CC3CCNCC4C5CCCCCCCC5C4C4C5CC5CCC34CCC2C1,0.378,465.81,8.478,1,1
C.CCCCCCCCCC1C2CCCCC3CCCCC4CCNCC4CC3CC12,0.3779,431.79,9.012,1,1
C.CCCCC(CC)OC1C2CC3CCCCC(CCCC(C(C)C)C21)CCC1CC1C3,0.3779,446.8,9.681,0,1
C.CCCCCCCCC1CC1C1CCCCCNC2C3CCCCCCCC3C2C1,0.3776,431.79,9.154,1,1
C.CCCOCCCNCC1CCC(C2NNN3CNC4NCCC4C23)CC1,0.3773,396.62,1.394,5,7
CCC1CCC(C2CC3NCCCC3C3C(CN4CC5C(NC6CC7C[SH]7C6)CC54)CC23)CC1,0.3773,485.83,4.661,3,3
CCC(O)C1CC12C1(C)C3CC4C56C(CCCCC7C5C5CC8CC8CCCCC8CC875)C5C7C5C25C3C65C741.N,0.3771,539.85,7.733,2,2
CCC1CCCCCCCCCCCCCCC1CCCC1CC1CCC(C)C,0.3771,404.77,10.346,0,0
C.CCC1C(CCCCC(O)CC(C)CC2CC3C4C2C2N5C6CCNCC65C342)CC2OC21,0.3765,456.72,4.454,2,4
C.C.CCCCCCC.CCNC(CC)C1CCC23CCC(C)C4CC4CCNC2C13,0.3758,436.81,8.064,2,2
CCCCCCCCN1CNC2OC(F)C2C(NC2CC3CN(C(O)CC)CC32)N1,0.3758,427.61,1.947,4,7
CCC1CC(CCC2CC3CCSC4NCNC5CC6(CC)NC6C5CCCCC3CC4C2)C1N,0.3752,502.86,5.472,4,5
CCC(O)N1CCCC(NN2NCC3CCOC4(CCC5CC5CC4)CC3C3N4NC4C32N)C1,0.3749,475.68,0.679,5,9
C.CC1CCCCC1C1C2C(CCCC3CCCCCC4CC4C[SH]3C3CCCCC3)C12,0.3748,460.86,9.414,1,0
C.CCCCCCC1CCCCCCCCCCCCC(CCCC)C1,0.3746,366.72,10.1,0,0
CCCCC12C(C)C3C1C32.CCCCCCCCCC(O)NC,0.3745,323.56,5.353,2,2
C.CC1C2CCCC3C4CC5CNCCCC5C4C3C(C3CCNCC3)C(C)C1CCCCCCN2,0.3742,499.87,6.731,3,3
CCC1CCC2C(CCCCCC1CCCNCCCC(C)(C)O)C1CCCCCC12.O,0.3739,451.78,6.912,2,2
CCCC1CCCCC1CCCC1CC2NC3NN(C(CCC)C4CC4)C4C(CNC(O)C34)C12,0.3738,472.76,4.619,4,5
CCC(O)NC1CCCC(C2NC3CCNC2C3C(C)CCC(C)OC2CCCCC2)C1,0.3738,449.72,4.336,4,5
CCCCCCCC1C2C13C1C(C)C1C1C24C2CCC5CC6C78C9CCCCC9C67C58C2C134,0.3735,440.72,7.574,0,0
CC12CCCC(NCCl)N1C1CN3CCCCC3C12CCCNCC(F)(F)F,0.3732,422.97,3.512,2,4
CC1CC12CNC1C3CC(NCNC4OC(O)CC43)C3CCC(CC4CNC4)CN3CN1CO2,0.3728,476.67,-0.162,5,9
CC(C)C(O)NC1CC2(CCNC3C(NC4CCCCC4)C(C(O)O)CC32)C1C,0.3727,409.62,1.545,6,6
CC(C)C1CCCC2CC2C2C3C4CC5CCCCCCCCCCCC56CC6C4C23CC1,0.3727,450.8,9.668,0,0
C.CCC(O)N1CCCC(NCC2CC2CCCC(C)C2C3CC4NC5CCCCC5C4CC32)C1,0.3726,487.82,5.65,3,4
C.CCC1CC1CCC1CCCNCC(C(CC)C2CCC(OC3CCCCC3)CC2)C(N)O1,0.3725,478.81,7.053,2,4
CC(C)(C)C12CC3C4C5C6C7CCCC7CCC(CC3(C)C41N2)C6CCC51C2C3C4C5CNC67CNCC6N7C4C53C21,0.3721,566.88,4.705,3,4
C.CCC12C(CCC3CCCC4C3CCC3CCCCC341)CC(CC1CCC(CC3OCC4C5CC5N34)C1)C2O,0.3721,551.9,8.438,1,3
CCCCCC1C2CCCC3(CC3CCC34CC3(NCCC3(C)CO3)C4)C12,0.372,371.61,5.701,1,2
CCCC1CC2C(CNCCCC1CC1CCCCCCC1)C(C)C2CNCC1CCCCC1,0.3717,472.85,8.211,2,2
CCC(O)NC1CCC2CNC3C4CCN(OC5CCCCO5)CC4C3C(O)NCCCC2(C)C1,0.3712,494.72,2.166,5,8
CCCCCCCCC1CC2CN3CC4NC(NN(C)CCC)NN4C3C2C1,0.3712,392.64,2.901,3,6
CCCCCC12C3C(CCC(CCC45CCC4N4CC6CCCNC6CC45)CC14CN42)C1CC13OC,0.3711,493.78,5.21,1,4
CCCC1CC1CCCC1NC(CCC2CCCCCC2)NC2CCCCC1C2.S,0.3707,436.79,7.293,2,2
CCC(CCCC(N)C(C)(CCF)C(N)NC12CN3CC1CCCC32)C(C)(C)O,0.3703,412.64,2.758,4,5
CNCCC1CC23CCNCCCCC4CCCC56C(C4CCCCCC4CC42C(CC1C)C3)C51C2CCCC261,0.3702,546.93,8.601,2,2
CCNC(CCCOC(C)(C)F)C(C)N1CC(C2CCCCNC2)CC23CC(N)C(C2)C3N1,0.37,467.72,3.178,4,6
CC1C2CC(CCC3C(N)NNC4NNC2C43)NC1N(C)C(C)SC(F)(F)F,0.3697,423.55,0.679,6,8
C.CC1NCC2CC3C4CC(CC4C4CCC5C(C4)C5CC4C5CCCCC54)NC4C5C6CC6C5C34C1C2O.Cl,0.3696,569.32,6.387,3,3
C.CCC(O)N1CCCCC(C2CC3C2CC(C2CCC(CC4CCCCC4)CC2)C2C(O)NCC32)C1,0.3696,516.86,6.656,3,4
C.CCCCCCCCNCC(CC1OC2(C)C1C21CNC2C(C)C21)C1(C)CCNCC1,0.3693,447.75,4.98,3,4
CCC1C2CCCC12CCC1C(CCCN)NC2CCC(CCCC3CCCC3)CC21,0.3693,428.75,7.065,2,2
CCC(O)COCCCC1C(C)CCC2CCCC34CC5CCCCC5C3C4CC(N)CCCC21,0.3692,487.81,7.347,2,3
CC(CCC(CCCF)CNCCCN)CC(C)CC1CCCCC1,0.3691,356.61,5.704,2,2
C.CC(CCCN1C23CCCNC2[SH]2C(CCC4C5CC6NC6C45)C123)C1C(C)CC2CC21,0.369,457.77,4.575,3,3
CCNCCCCC1CC1CCCC1NC23CC4CCCCC5CC5(C)C5(C4)C(C12)C1CC135,0.369,450.76,6.546,2,2
C.CCN1CC(CCC23CCC4C(C5CCC56CCC46)C2C3C2CCCCCC2)CC2CC2C1,0.3682,465.81,8.43,0,1
CN1C(CCN2CN3CNC4NCCC4C23)C2C(N)NC(CN)CCCN21,0.3681,379.56,-2.331,5,9
CC1C2CCCC13NCCC1CCCC4C(CCCNCCC123)C1CCC41.CCC1CCC2CC2(CC)CC1,0.3678,536.93,8.99,2,2
CCN(CC)C(C)C1CCCC2C3C4C56CC5CCC46C2N13.CCNOCCCC(F)(F)F,0.3678,471.65,5.238,1,4
CCC1CC23CC(CCC1CCC14CCC(CCC5CO5)CC1C4CC)CCC2C3,0.3676,412.7,8.021,0,1
CC1C2CC(CCC(C)(C)C)CCCCC(C)(CNC3NC4CCC(C5C6CCC78CCCC7C8C65)CC4C31)C2,0.3675,548.94,9.048,2,2
CCCCCC1(N)CC2C(CCC3CC4CC4C32)NN(O)C2C(NC3CCC(O)CC32)N1,0.3674,447.67,2.289,6,7
C.CCC1C(C)NCN2OC12.CCCCCCCCCNCCCC,0.3672,357.63,5.298,2,4
CC.CCCCCCC1CCC2CC(CC(C)F)CCC2NCCCN2C3CCC4CC4N3C12.F,0.3672,497.8,7.51,1,3
CCC1CCC2(CCCCCCC3CC3C1)NNC1CC(C3CC34C(O)NC3CCC(OC)CC34)CCC12,0.3671,527.84,5.916,4,5
CCC(O)N1C(CCCNCCCN)C12N1C(C3CCC34C3CC5CC54C3)C12C.O,0.3668,418.63,1.272,3,5
C.CCC1CC2CCCCCCC3C(CC4CCC1(CC4)C(O)CCC2)C1CC2C4C56CCC7C5C7C46C312,0.3666,518.87,9.275,1,1
CN1C2CCC(CC(F)(F)F)C21CC1CC2(CC2C2CCC(S3(O)CN3C3CCCCC3)CC2)C(O)N1,0.3666,545.76,5.836,3,5
C.CC1CCC2C3CCC4NC4C4CC5CCCCCCNCCC6CC6CCC5C4C3C2C1,0.3661,468.81,7.284,2,2
CC1C(O)NCNCCCNC1CC1CS(O)(O)C2(C)NCCC3CC3CC12,0.366,416.63,1.562,7,7
C.CC(C)(C)CCC1OC1CC1CCC2NC(C3CCC(OC4CCCCC4)CC3)C3C4NN4CNC23C1,0.366,530.84,5.717,3,6
C.CCCCC1CCC2C3C4CCCC5CC4C4C6(CC(C)CC78C9CCCCNC%10C%11CCC%11C%10C97C68)C34C2C15,0.3659,555.94,9.214,1,1
CCC(C)C12CCCC(C1C)C2NCCC(O)CCC1CCCCC2CCCNC2CC1C,0.3658,460.79,6.543,3,3
CCC1CCCCC1NC1CC(NC(C)CCC2CCOCC2C)NCC1C(N)N,0.3657,423.69,2.523,5,6
CC1C2C(CCCCCNC3CC4CCCCCC4CC4C5CN6CC6C4C35)CC3C4C3C4C12,0.365,462.77,6.066,1,2
CCCCCCC1C(NCC(C)C)CC(C(N)O)C2NC3CCCCC3C12,0.3646,379.63,3.631,4,4
CCC(O)NC1CCCCCCCCCCCCCCNCCCCCCCCCCCC1,0.3646,466.84,8.639,3,3
C.CCCC1CCCCCC2C3CCCC4CC4CCCCC3C2C2C3CCC(CCNC1CN(C)C)ON32,0.3645,543.93,7.918,1,4
CCCC1CCCCCNCCCC1CCCNC1CCCCC2(C)CC2C1CCC,0.3644,432.78,7.718,2,2
CCCCNCCC12CC3C(CCCC3N3C4CC5C(CC(N)CC)N3C53CC4CC4C5C6CC6C453)C1C2N,0.3642,533.85,4.36,3,5
C.CCCCCCCCCCC1CCCC(CC2NC3C4CC4CCC23)C1,0.3641,375.69,7.736,1,1
CC.CCC(O)C1CC2C3CCNCC3C23CC32CCCC2CCC1CCC(C)CCC1CC1C,0.364,485.84,8.084,2,2
C.CCCCC1CC1C1CCCCC2CC34CC3C43CC3CCC3C4CC4C4CC34CCCCCCCC21CN,0.3638,547.96,10.413,1,1
CCC1CCC(C2CCCC2CCCCCCC2CCC3NC23)CC1,0.3638,345.62,6.71,1,1
CCC(O)N1CCCC(CCC2ON(NCNC3CCC(C)NC3)CC2C)C1.N,0.3638,414.64,1.813,5,8
CCC1CCC2(CCC3CCCCC3C2C)C(C)C23C1CCNC2C1C3CCC2CC21CC1C2C3CC(C)CCN3C12,0.3635,572.97,8.795,1,2
CCC(O)N1CCCC(CCCCC2C(F)CC(C(N)O)C3NC(C)C(C)C23)C1,0.3634,413.62,2.851,4,5
CC1C2CN3CNCCC3CCCCCCCCCCCCCCCCCCC2CCC1C1(C)CO1,0.3633,502.87,8.711,1,3
CCCCNC1C2CC23C(NCCCCCC2CC2CCCCCN)C13,0.3633,361.62,4.068,3,3
CC12CCCC(CCCCC3CC3C34CC5CC6CCN7CCCCC7CCC6C5C3C14)C2,0.3627,449.77,7.936,0,1
C.CCCCC1CN2C1CC13NC1CCCC31C(C)C(CCCCCC3CC3)NCC21,0.3627,429.74,5.735,2,3
CCNCCCON1CC2C3NCCC2N2CCN(C4CCC(OC5CCCCC5)CN4)CC2C3C1OC,0.3626,534.79,1.596,3,9
CCNCCC12C3CC4NCC(C5CCN(C)C5)NC4CC3N1C2C1COC1CC(C)CC,0.3618,459.72,1.903,3,6
C.CC1CCCCCCCCCCCCCN(CC2CCC3C(CCC4CCC(C)C4)C3CC2)CC1,0.3618,501.93,10.914,0,1
CCC1CC2CCCCCC3C4CC(CC5CCCCC5)C4C3C3C(F)CCCC3CCC2C1CC,0.3614,498.86,10.642,0,0
CCC1CCC1C1CC12CCCCC1CC1C2CC1C23CC4C(C5C6CC(F)CCCCC645)C12N3C,0.3614,491.78,7.882,0,1
CC.CC.CCC1CCC2CC2CC2C(CCC1O)C1C2CC2C(CCCCC3CCC4CC4C3)C21,0.3612,498.88,9.767,1,1
CCCC1C2CCCC(CCCCCOC)CC3C4CCC4CCC3C(C)C1C2C,0.361,416.73,8.37,0,1
CCC(CC1CCCCC1)NCC(CNC1CCCCC1CN)C(N)O,0.3607,368.61,2.325,5,5
C.CCC(O)NC1CCCCCCNC2C3CCCC4CC(C)C4CC(CCC1C)C1(CC3)CC21,0.3598,488.85,7.526,3,3
CC.CCCC(CN)CCCC1C2N3C45C6C(CNC(O)CC)C16C1(C6CC6C41)C235,0.3596,413.65,3.193,3,4
CC(C)CCC1CC2C(CCC3NC4NC(C3C)N3CC(C(O)NCC5CC6C7C(C5)C67)C43)C2C1,0.3595,482.76,3.449,4,5
CCCCCC1CCCCC2CC3CCCC4OC4CCCCCC3C2C1,0.3594,374.65,7.917,0,1
C.CC1CC1CCC1C2CCCCNC3CCC2C12CC1C(CC4(CC56CCCCN7CC7C5C6)CCC14)C32,0.3593,532.9,8.16,1,2
CCCC1CC2CC3C(N(CC)CCCC4C5CCCC4C5)C4CN5CC5CC34C2C1CC,0.3592,452.77,6.696,0,2
C.CCCC1CCCCC1CC1CCC(CCCCC2CC2C)C(C)C1,0.3591,362.69,8.888,0,0
CCN(CC1CC2N3C4C(N)C(NCNC5CC56CC6)CCN4C23C1)CC1CC12OC2C,0.3588,442.65,0.707,3,7
COC1CCOCCCCCCCCCC2CC3CCC(C4CC5C6CCCCN6C45)CC3(C)CCC2C1,0.3586,527.88,8.644,0,3
CCCCC1C2C(C3CCC(C)CC3)C(CC3NC4CC5NC6(CCCC(C)CC)CC6C345)N12,0.3584,467.79,6.122,2,3
CC1CCCCCCCCCCCCCCC2CC2CC2CC(C(C)(C)C)CC2CC1,0.3582,430.81,10.592,0,0
CCC1CC2CC2C1COC1CCCCCCC23CC24CCC2CCCC5CC25CC34CCCCCC1C,0.3581,520.89,10.361,0,1
CNCCCCCC12C3NCNC4CCCCCCCCCC5C6C(CCC4CC3CC13C(C)C32)C56,0.3576,495.84,6.729,3,3
CCCCCC1C(C)CCCC1NCCCCCCC1CCC(C)C1CN,0.3574,378.69,6.533,2,2
CCCC1C(C)C1C(CC)NCNCCC1CC1CCC(C)N,0.3574,323.57,3.738,3,3
CCCCCCCCCC12C3CC14C1CC3C(C3C5CC(C)(C)N(C(C)O)CCCCCC53N1)C42,0.3573,482.8,6.739,2,3
CCCC1CC1CC1C2[IH]C(C)C3NCCCC4C5CN4C5CC34C3C(CC5CCCNC53)C4C12,0.3571,591.67,4.978,2,3
C.CCCC(CC1OC1CCC1CC12CC13CC1CCCCC3C2CC)C1CC1,0.3569,400.69,8.019,0,1
Br.CN(C1CC(CS(O)(O)C2CCCC(C(F)CF)C2)C1)C1NCNC2NCCC21,0.3569,517.53,3.304,5,6
CCCCC1CC2NC3CC4C5(CCCCCCCCCCN)CC45C3C2C1C,0.3567,400.7,6.285,2,2
CCCC12CC1CCCC2(CC)CCNC1CC2CCCCC2C1CC1CC2CCCCC2C1,0.3562,467.83,9.154,1,1
CC.CC.CCC1CC(CCN(C)CC2CCC(F)CC2)CC1CCNC.CCN.CCN,0.3561,476.85,6.481,3,4
CC1CC(CC2NC3NCCNCCN(C)CCCC3C23CC3C)CC(CO)C(N2CCC3CC4C(C5CC52C)C42CC32)C1,0.356,607.97,4.391,4,6
C.CCCC1CCCC1CC1C(CCC)C2CCCNCCC(C3CCCCC3C)C(CC)OCC21,0.3559,503.9,9.519,1,2
CCCCCCC1C2C(CCC3NCN4C5CCCCCC5C4C4C(C)CCCC34)C12CCN,0.3559,469.8,6.563,2,3
CC1CCCC2CC1CCC2CNC(C1CCC(CC2CCCCC2)CC1)C1C(C)NCNC1N,0.3556,486.83,6.014,4,4
CCC(NCN1C2C3CN4C5CCCCN6N(CC(C)NC)C6(C)CC5NC34C21)C(C)C1CN1C1CC2CC2C1,0.3556,552.86,1.897,3,8
CCC1CCCCCCCCCCC2CCCC3CCC2C3CCC2C3CCCC(CCO1)C3C1NC21,0.3555,511.88,9.312,1,2
CCC(CCN(F)C(O)CC)CN1C23CCC(C(N)O)C14NC(C2)C(C)C34,0.3551,384.54,1.383,4,6
CCN(CC)COC1C2CCCC(N3C4CC(CC(CN)OC)NC43)CCCCNC21,0.3549,437.67,1.718,3,7
CN1CC23C4C5C6CCC42N3CC1C1(CC(C2CCC3N4CCC7CCCCCC7C234)C5[SH]2CC(O)C21)N6,0.3549,536.83,2.424,3,5
CCC(O)N(C)CCCCC1C2C3CC4C2CCCC4N(CCCSN1C)C(C)C3,0.3547,437.74,4.684,1,5
CCCCCCC1C(N)N1CNC1C2CCCCNC(NC)CC23CCN1C3,0.3546,392.64,1.83,4,6
CCCCNC1NCC(C2CCCC3(CCCC3)CN2)C(NC2CCC(O)CC2)N1,0.3545,421.67,2.39,6,6
CCCC1OC2(CCCC3(C2)NCC(C(CC)CCCCC2CCC4CC24)C2CNNCC2N3)O1,0.3541,488.76,4.66,4,6
CC(C)CC1CCC(NCNN(O)C2CC2F)C(N)C1.CCCC(C)(C)F,0.3536,392.58,3.916,4,5
CCCCC1(CON2CCCC2CN2NC(C3CCC(OC4CC56CC5C46)CC3)C3C2NCCN3N)CC1,0.3535,528.79,2.999,3,8
CC.CCC1CC12COC2CNCC(CCO)N1CC2C(CC3CNN4CCCC4C32)N1.CN,0.3532,480.74,1.167,5,8
C.CC12CN3CC4CC4CCCNNCC(C3C1N)C2CCC(N)CCCN1CC2CCCCC2C1O,0.3531,518.84,2.739,5,7
CCC(CCCCCOC)CCCCC1CCCCCCCCNCCC1,0.3531,381.69,7.51,1,2
CCC(C1CC1)C1N2CCC(C3CCC4C(C3C)C3C5CC6(CC5NCN43)C3CCC(CC4CCCCC4)CC36)C1(O)C2,0.353,589.95,6.915,2,4
CCC(O)N1CCC(CC2CCCCCCCCCCCNCCCCC(CC3C4CCCC5C3N45)C2)C1,0.3529,529.9,7.349,2,4
CC1CCC2(NC1CCN1CNC3CC31)C(C)N2CCC1CC2C1CCNCCNC1CC13NCC23,0.3527,497.78,1.124,5,7
CC1CCCCCCCCCCCN2C3C(C(C)C1)C32CCC1CCC2C(C1)C13C4CC4CCC1C23.O,0.3524,509.86,8.28,0,1
CCC(O)N1CN2C3CC1C1CC3C34CC(C(C)C23)C2CCCCCCCCCCOCOC3CCCC(CCC1C24)C3,0.3523,596.94,7.808,1,5
CC.CCCC1C23CC2CCC24CCCCCCC(C)CCC2N4C3C12C1C3N(CC4C5C6CCC645)CC312,0.3522,516.86,7.761,0,2
C.CCC1(C)CCC(CC2CNCC2C)N1.CCCCC.CCCCCC1CC1N,0.3521,425.79,6.899,3,3
CCC(O)N1CCCCNC(CC(N)CN)CNCNC2CC3CCCCN3C2C1,0.3519,425.67,-0.423,6,8
CCCCC1CC(NN2NC(C)CN3CC3CC(CCCCC3CCCCC3)N2)C1,0.3519,419.7,4.757,3,5
CCCCN1CCC2CC3CCNC(F)C(C3)C1(NC(CCC)CC1CC1CC1CC1C)C2,0.3516,461.75,6.341,2,3
CC.CC1CCC2CCNC(N3CCN(C4CCC(CC5CCCCC5)CC4)CC3)C2CNCCCCC1C1CC1,0.3514,571.0,7.927,2,4
CC(C)C1NC(O)C2CC(C34SC5C3C54)CCC23CC(CCNC2CC4C(C)CCC4CCC4C2C2CC5CN5C42)C13,0.3514,591.95,5.598,3,5
CCCCN1NC2CCC(N3NC(C4CCC(CC5CCCCC5)CC4)C4C(N)NCCC43CC2)C1(C)O,0.3513,530.85,4.225,5,7
CCC1C(O)NCCC1C12CN3C1C(CN)C3(CNCCCCCN)C2,0.3512,365.57,0.061,5,6
C1CC2C(NC3CCC(N4CCOCC4)CO3)NC3C(C2N1)C31CC2NSC3C2NC31,0.3508,448.64,-0.962,5,9
CCCC1CC2(CCC2CCCC23CC2O3)NCCCCCCCCCCC2CC(C)C34CCCC1C3C24,0.3506,523.89,9.456,1,2
CNC1CCCC2C(CC1)CC1C3CCCCCN4CCC5CC6C7CC7C6C(F)C5C4CCCCC3C3NN3C21,0.3503,566.89,6.617,2,4
C.CCC(O)NCCC1CCC(O)CCC2(CCC3CC34CC4NCCOC3CC4CC4C3C2)C1CC,0.3502,518.83,5.488,4,5
CC.CCCC1OC1CCCN1CCCNCCC2C(NCC3C4C5(O)CC5CC5CC5CCCCCC234)N1,0.3502,544.87,5.07,4,6
CCC(O)N1CCC2NC1C21CCNC2C(C(N)O)C3C4CC(OC)C5CCCC5C4N3N21,0.3502,462.64,-0.595,5,9
CCCCNC1CCC(C2(O)CCCN2)C(NC2CCC(Cl)CC2)N1,0.3501,372.99,2.239,5,5
CCC(O)N(C)C1(CCCC2NCNC3C4C5(CC5COC5CC6C7CCCCC7C56C)C234)CC1CC,0.35,511.8,4.741,3,5
CNN1CCN1CCCNC1C2CCC(NCC3C4CC(OC)C5C(C)C4N5C3O)C1C2,0.3499,448.66,0.062,4,8
CCCCC1(CN)CCCCC1NC(C)C1CC2NC1C(C(N)O)C2N,0.3498,367.58,0.623,6,6
CCC.CCCC1OC1CCCCC1C2CCNN(CCC3CNC4CC5CCCC4C35)N12,0.3497,460.75,5.123,2,5
CC1CCC(C(C)CCCCCCC2CC3C(CC4COCC56CC5C46)C23C)C1,0.3496,398.68,7.344,0,1
C.CC.CC(F)CC1OC1CC(N)C(C)N.CCCCCCCCC,0.3496,364.63,5.986,2,3
CCCCCOCC1CCCCCCCCC1(CC)C12CC3C(CC4C5CC(C)(O)CC345)CC1C2,0.3496,484.81,8.554,1,2
C.CCC(O)N1CCCC(CNC2CC2CC(C)CC2CC23CC3COC2OC23CCC2CC2C3)C1,0.3493,502.78,5.415,2,5
CCCCNC1NCC(C2CCCCCCCCNO2)C(NC2CCC(O)CC2)N1,0.349,425.66,2.322,6,7
CCC12CCCC3CCCCNCC(CN4CCCC5(CCN)C(N)C45C)C31N2.CCCCC(C)C,0.3489,503.86,5.03,4,5
CCCCCCC1C2NCCCCCCCCC2CC2C(C)C34C(CC56CC5(C)CCCCC(O)N63)C43CC123,0.3489,536.89,8.053,2,3
CC1CCCC(CCCCCCN)C(C2NC(N3CC4C3C4(C)F)N3CN(CCNC(C)C)C23)CC1,0.3489,506.8,3.925,3,6
CN1CC(NCCC2C3C4CC2(C3NCN)C2C3C4C24CC2C(C5CCCCC5)NC5C(C4)C253)CN1,0.3487,492.76,1.734,5,6
C.CCC(O)C1CC1CCC1C2CCC3CCCC45CCC6CC6C6C7CC8CC87C6C4C5C3C(C3CC3)C12.N,0.3485,547.91,9.005,2,2
CN1C2N1NCC1C3C(CCCNCN4CC4C4NC5(CC6CCC7CCCCC6C7)CC45)CC132,0.3484,480.75,2.984,3,6
CCCCCC1C(C)C2NC3C(C(CC(C)CN4C5C(N)C54)C2C1N)C3(N)CC,0.3484,403.66,1.89,4,5
CC1CCCCCCCCCC2(CCCCCCCCC3CCCCCCC32)CCCC1,0.3482,444.83,11.415,0,0
CCC1CCC2C(C1)NCCC1CC34CC56CN5CCCCC(C5CC5)CCCC36C4CCC3CCCCC3C12,0.348,546.93,8.838,1,2
C.CC1CCCCC(CC2CCCC3(C(C)NC4CCCCCCCC43)C2C)CCCCCCOCCC2CCCC12,0.3479,586.05,11.756,1,2
CC(O)C(CCCC1OC1C)C1CNC2CCCCC3CCC4CC34CCCC(C3NC3(C)O)C2C1.F,0.3477,522.79,5.145,4,5
CCCC12CC(C)NCCC1CC2CCCCCCC1CN1CCC1CCNCO1,0.3472,419.7,4.932,2,4
CCC(O)NCCC1C2C3CC4C5CCC6C(CCC78CCCC7C8)C6C5C4CNC4C(C1(C)C)C2(C)N3CN4C,0.3471,564.9,5.353,3,5
C.CCCCOC1CCCCC2CC2C(C)C1C1CCCC(C2CCC3NCCC4CCCCC4C3C2)C1,0.3471,527.92,9.661,1,2
CCN(CCNC)C1NCC(C(O)NC2CCC(OC(F)(F)F)CC2)CC1C1CCCSC1,0.3469,496.68,2.978,4,7
CCCCCCC1CCNCNCCCCC2CC(C3CCC(C(O)CC)C3C)N2NNC1,0.3467,465.77,4.169,5,6
CC1CCCC(C2CC3CCCC4C3C4C2C)C(C)(C)CC1CCC1C(CCC2CO2)CNCNC1C,0.3467,512.87,7.504,2,3
CCCCCCCC1CCCC(N)CCCN2C3CC4CC56CCC5C46CC3CC(C(C)C1)C2C(C)C,0.3466,510.9,8.822,1,2
CN1CC(C2CC3NCCCC3C(C3CCN(C(CCN)CC4(C)CN4)N3)C2)N2CC1N2,0.3461,446.69,-0.111,5,8
C.CCCCCCCCCCC12C3CCCC(OC)CCCCCC1C2C3,0.3458,378.69,8.555,0,1
CCCCC1C2CC(CCC(CCC)C3CC3C3CC4C5CC3(C)C43CC53)CC1C2.O,0.3456,426.73,7.529,0,0
CCC(O)NCCC1CC2C3CCCNC(O)C4C5C(CC6C7CCCC(O)CC7N65)C1C324.CCCC,0.3456,517.8,3.693,5,6
CCN(C)CCNC1CCC(N2C3CCNC2C(C)C(C2CCCC4CS(O)(O)C(C)(C)CC42)C3)CC1,0.3456,538.89,5.45,4,6
CC1CC2OC3CN4CCCCNC5(C6CCCC(NC(O)C7CCC(C(C)(C)C)CC7)C6C)CC35C4C3CC2CC13,0.3455,581.93,6.198,3,5
C.C.CCC.CCCCCC1CCCCC1C1CCC2CC3(CCC3C3CCCCC3)C21C,0.3455,460.88,11.474,0,0
CC.CC1C2CC3CC34CC13CCCC1CCCC5C6CCC(CC7C8C9C7%10CC89%10)CC6C5CC1C3CC24,0.3453,512.87,9.626,0,0
CCCCCCOCCCC1CCCNC(C2C(CC)C2CN2CCCC2C)CC1.CN,0.3452,451.78,5.843,2,4
C.C.CC1C2CCCC2C(O)N1CCC1N(C)C2C3NC34NCNC(C24)C12CCN(CCCN)C2,0.345,491.77,0.628,5,8
CCC(CCC(C)C1CCNC(NC2CCN(C)C2)N1)CNC1CC12NCC1C2CC1(C)C,0.3449,460.76,2.324,5,6
CCC1CCCNCCCC1CCCN(NCC(C)O)C1CCC(CC2OC2C)C1,0.3449,423.69,4.106,3,5
CC1C2(CCCCCCC2)C2CC(C(O)NC3CCC(OC(F)(F)F)CC3)CNC12C1CCC2OC21,0.3449,514.67,5.264,3,5
C.CCC(CCC12C3CC4CC(CC5C6CCC(C)N65)SC5NCCC1(C45)C32)CC1CCCCC1,0.3448,498.87,7.718,1,3
C.CCC1C2NC34OC5(C3CC(C)CC45)C23C2C4SCNCCC3N1C(O)N2CCCCCCNC4O,0.344,535.8,1.679,5,9
CC.CCC.CCC(O)NCCCCCCC1CCCCC1C1OC2CC21,0.3439,383.66,6.291,2,3
CCCCC1CN1C1CC2(C(C)C3CCCCC3CCC(O)CCCCCC1C1CC1)C(C)C1C3CCCC1C32,0.3439,551.94,9.492,1,2
C.CCC1(C(C(C)C)C2CC2C2CCNCCC34CC(C3CC2)C2CC3CCCCCCCC324)C2CC3CC32C1(C)C,0.3437,576.01,10.776,1,1
CCC.CCCCC(N)CC1CCCN1CCCC1CC1CCCC1CC(CN)C1,0.3436,421.76,6.346,2,3
C.CC.CCC.CCCC1CCCCN2CCC3(C)CC(CCCCN4OC4CCCCCCC1NCC)CC23,0.3435,566.02,10.218,1,4
CN(C)C12OC13CC1CC4CCC(C5CCCC(N6CCC7CC(C8CC8)CC(F)C7C6O)C5CO)N1C3C2(F)N4,0.3435,576.77,2.852,3,7
CCC(O)N1CCN(C(O)C2CC(SC3CNC45NC(O)C6CCC4C365)C(C)CC2OC)CC1,0.3435,496.72,0.43,5,9
C.C.CCCC1C2(NCCCCC2CC2CC2C(C)CC)C2C34CCC5C6C7CC8C(C9(F)CC9)C8C76C53C124,0.3431,535.88,8.916,1,1
CC1CCC2CC23CC3CCCC2CCCC2CC1CCCCCCCCC1C(C)C1(C)O,0.3428,456.8,9.173,1,1
CNCCCCC1CC12CC1CC(NCC3C4C(CCC45CC5NCC4C5C4C54C5C(C)C54)N3C2CN)C1C,0.3428,533.85,3.297,4,5
CC1CN1CCCCC1C2CCCC1C2CCCC1CCC2CN2C1.CCC,0.3422,388.68,6.204,0,2
CCCCCCCCCCCCC1C(C)CC2C3C(CN12)NC(O)C3CCCC,0.342,406.7,6.103,2,3
CC1CCC(CCCCCC2CC3NC4NC(CC5C6CCC(C78CCC79CC98)CC65)CC234)CC1,0.3416,476.79,7.282,2,2
CC12CC1C1CCCC(O)C12.CCC(O)C1CCCCC1C1C2CC23CCC24OC2CSC(NC)C3C14.N,0.3416,546.86,5.621,4,6
CCCCNC(CC(CC1CCC(O)CC1)CC1CNCCCCC2CC2C1)C(C)C,0.3415,434.75,6.154,3,3
CCCCCNCCC1CCCC2CCCCC3CC2CC3CC1CCCCC,0.3415,403.74,8.376,1,1
CC.CCCCCS(O)(O)CC1CC(N2CC23NCNC2NCCC23)C1,0.3409,388.62,2.83,5,6
C.CCC1CCC1C1NCC2C3C4NC5C6C(O)NC7CC(CNC76O4)SC4NCCC3(C45)C21,0.3405,489.73,0.854,6,8
CCC1CC2NC(C)N3C4CCC(C5CNCNC5NNC)C(CC4)C23C(Cl)O1,0.3405,427.04,1.114,5,7
CCCC1CNCN1CNC1CCCC23CCCC(OCC)C2C3N1NCCCCCOC,0.3404,465.73,3.272,3,7
CCC(CC)C12CC(C3C4CC56CC(CC7CCCCC8CCC8C7)C5(C)C65C6N5CCC436)CC1C2,0.3403,487.82,8.325,0,1
C.CCC1CCC(F)CC1.CCCCCCC1C(CCC)CCC2CCC(C)CC21,0.3398,424.77,10.396,0,0
CNCC(CCCO)C(N)CC1NCCCC1C1CCN2C3CCCCC(CN)C3N2C1,0.3398,450.72,1.119,5,7
CC1CCC2CC3C1CC1NC21C1C3C2C3CCC4CCCCC5C(NCCC6C3C6C21)[SH]45,0.3397,466.78,5.179,3,2
CC.CC1CCCCC2CCCCCNC2CCCC12CC1CCC(CCOC3C(O)CC4(O)CC34)(C1)C2C,0.3396,545.89,7.645,3,4
C.CCCC1CCCCCC2C3CCC3C2(C)C(CCC2CC2CCC)NCCCCCC2C3CC(CC1)C23,0.339,539.98,11.062,1,1
CCCC1CCN2CNCCCCC2CCC1CCCCCC1CC1C1CC1CCC,0.3389,430.77,7.627,1,2
C.CC(C)(C)C1CC23C4C5C6CCCCCCC(CCCC7C8CC9CCCCC9C78)CCCC6(C6CC642)C513,0.3389,530.93,10.94,0,0
C.C.CCCCCCCCCCCCCC1C2N(CC)C13C1CCCNCC213,0.3383,392.72,7.032,1,2
C.CCC(O)NCCC1CCC(C2C3N4C(CC5CC6C7C(F)N7C564)NCC23F)CC1,0.3383,438.61,2.805,3,5
C.CC1NCCCC1CCCCCCCCC1CCCCC2CCCC3CCCCC3C2C1,0.3381,459.85,9.934,1,1
CCCC12C(C)C(C34CCCC5CCCC(C5C)N3C4)CCC3NC3CCC1C1C3C4CCC4C3CC34CC3C43CC3C12,0.3374,582.96,8.547,1,2
C.CCCCCC1C2C3CC4C5CCCCC4C52C13CCCCCC(C)C,0.3371,372.68,8.498,0,0
CC1C2CC(C3CCCC(N)NCC(C(O)NC4CCC(OC(F)(F)Cl)CC4)CC3)C1C2,0.3371,478.07,4.374,4,5
CC.CCNC1CCC2NCC(CCCCC34NC3C3C5(C)CC354)C2C1.F.P,0.337,413.61,3.9,3,3
CCC1CCC2CC2CCCCCCCCCCC2CC2CC2CCCCC2CCCCCCC1C,0.3369,498.92,12.153,0,0
C.C.CCC(O)NCCCCCCCCC1CCCC1N1CNC2C(C)C21,0.3368,383.67,4.726,3,4
CCCCNCCC(NC1CCC(C)CC1)C1C(C)NC1CCCC(N)CF,0.3366,398.66,3.747,4,4
CC.CCCCCCCC1C(CC2CC3CCCCC32)C1C1CCCCCCC1,0.3365,402.75,9.812,0,0
CCCCCC(CC)CCCC(CC)CC1CCCCCNCN1NCC,0.3364,381.69,6.496,2,3
CCCCNC1CC2C(C(NC3CCC(O)CC3)N1)C21NCCC(NC2CC2)C1C,0.336,419.66,1.65,6,6
CCCCC1CCC2(CC2NC2(C(C)CC)CC23CNCC(CCC24CC2O4)C3NCC)N1,0.3359,458.74,3.723,4,5
C.CCCCCCC1NC2CC3CC3C3N(C2C2CC4(CNC2NN4)CC1C)C31CN2CCC3(CC3)C21,0.3359,510.82,3.441,4,6
CCC1C2NC3CC31C13CC1C31C2C12C1CCC3C(C)C24C2CC5(CC54)C3(C1)[SH]1CC(C3CC4CN4C3)CCC21,0.3359,554.89,5.708,2,2
CCC1CCCC2CCCCCCCCC(C)CCC3CC45C6CC7C89C%10C8C%109C74C65C3CCCC12C,0.3358,500.86,10.058,0,0
CC12C3CC4CCC5CCC6(CC6)C5CCCC4CCCC3C1C13CCCCCCCCC1C23,0.3358,462.81,9.812,0,0
C.CC1CCC2CC2(CCCCC23C(C)CCC2C3C)CCCC2CCOC3CC4C5CC5CC4C23C1,0.3357,508.88,9.929,0,1
C.CCCCCC12CC3CC(C4CNN(C5CCCCN5C(O)CC)C5CC6NC6CC45)CC3C1O2,0.3357,502.79,4.482,3,6
CCCC(C)CCCC1NCCC(C2CCCC(CC3CC3CC3CCCCC3)C2)C1C,0.3357,443.8,9.01,1,1
CC1CC1CCC1CC2OC23CCC2C(C3C1)N2CN1CCCCCC1C(C)CC1CCCC2CC12,0.3355,494.81,7.098,0,3
C.C.CCC(F)CCCC1CC1N1CCNCCC2OC2NC2(CC1)C(C)CCCCCCC1C2C2CC12C,0.3353,549.9,7.567,2,4
CCC1C2CCCCCC1CC2.CCCCCCCCCCCCCC.N,0.3352,381.73,9.872,1,1
CCCCC1OC12CC(F)C(OC1CCC3(CC4CC(CN5CCC6(N7CCN(C8COC8)CC7)CC6C5)CN4)CCC3C1)C2,0.3352,628.92,4.629,1,7
C.CCCCC(C)CC1CCC2CC3CC3CCCC3CC34CCCCCCC3CC34CCCCCC2C1,0.3352,524.96,12.399,0,0
CC(C)(O)CCCCCCC1NC(C2CCC3CCNC3C2)C2C1CCC1CC3OC3C12.Cl,0.3351,481.17,5.068,3,4
CC.CCNCCC1C(OC)C2CCC3CCNCOCCCC4CC5CC5C4CCCC4CCCCCC43C12,0.335,558.94,8.056,2,4
CC.CCCCCCCC1C(C)N2C(CC3CCCCCC3)CC12,0.3348,335.62,7.195,0,1
CCCCCC(CCCCC1CCCNCCCNCNO1)CC1CCC2CC2CNC1,0.3346,450.76,4.98,4,5
C.CC(C)CSCCCC1C2CC3CC4C5CNCCCCCC4C(CC4CCCCCC4CCC3C12)C5,0.3344,543.99,10.093,1,2
CC(C)C1CCCC2CCCCC2C2C(CCCCC3CCCCCCCC3)CC1SCC(N)NC2C,0.3344,532.97,9.561,2,3
CCCCNCCC1CC2(NC1CCCC1CC1C)C1CCCC(CC3CC3C)CC12,0.3343,428.75,6.792,2,2
CC.CCC1C(CC2CC2CCC2CCCCC2C)CC2CCCCC34CCCCCCCCC3C4C23NC13,0.3343,537.96,10.959,1,1
CC(CF)NC(O)C1CCC(C2CC3(CCN)C2N2CC(C4CC5NC6NCCC564)CN23)CC1,0.3341,476.69,0.995,5,7
CCS(O)(O)CC(CCCCCC1CCCNCNNN1)C(C)C,0.3335,364.6,3.288,6,6
CCC(O)N1C(C2NC(C(C)CCCC(N)CN3CCCCC3C)C3C4NN4CCN23)C23CCC2C13,0.3332,501.76,1.314,4,8
C.C.CC1CC1CCC1CC2C(C)C3C(O)C1C2C3CCCN1CCCCNCCCC2C(CCC1)C1(F)CC21,0.3332,560.93,7.82,2,3
CC1CCCC(OC2CCC(N3C(C)CCNC[SH]4C(CNC3C)C(O)NC3CC5C6C7C8C7C34C568)C(C)C2)C1,0.333,572.9,3.64,5,6
C.CCCNCC1C2CCCC3CC4CCCCC4C3C2C1CNC1CCCCC2CCCCC2CC1,0.3329,512.91,8.846,2,2
C.CCCC(C)NCC1CCC23C(CCN4C2CNN43)CN1.CN[SH](O)O,0.3329,406.64,1.399,7,8
C.CCCCCCC12C3CC(CC)C4CC3C4NC13NCCC1CC4CC56CC5C6CCCCCC1C4CC32,0.3327,534.92,8.802,2,2
CC1C(C2CC3CC(N)C32)N2CCCNC2C1(C(N)S)C1OC2CC23CCC(O)C13,0.3321,434.65,0.739,5,7
CCC(C)CC1CC2CCCC3C(CNC4NCC(C5CCCCC(CCC67CC6O7)CC5)C4CCC23)C1,0.332,524.88,7.935,2,3
CC1CCC2CN(C3CC45C(CCC6CC7CC7C64)CC35)CC2C1CCC1CC2C1CC1C(C)C(C(C)(C)O)CC1C1ON21,0.3317,602.95,7.463,1,4
CC(C)CCCC1CN1CCC1CNCNN(C2CCC(OC3CCCCC3)CC2)C23C(N)NCC2C13,0.3316,516.82,3.404,4,7
C.CC1CCCCCC2C(CCCC1)C1CC(C3C4CCCC(C)C5CC6C7CCCC6C7C543)CCC21,0.3315,506.9,10.796,0,0
CCCC1CNC2CC(CN)C(N3CC(C(N)O)C(NC4CCC(F)CC4)N3)CC12,0.3314,426.63,0.638,6,7
C.CC12C3CCCCCCCCCC4CCCCCCCC4CCCCC14C1(CCCC124)CC3,0.3313,468.85,11.271,0,0
CC1C2CC3NCCC(C(CCO)CCCCN4CC5OC4C4CC6C(CC7(C)CC67)N54)CNCCCC3N2CCN1C1CCC1,0.331,638.99,3.69,3,8
C.CCCC12NCC1C1NC(CCCCCCCC3CCC4CCCCC34)NN1CNC2C,0.331,461.78,5.339,4,5
CC.CCCCCCC1N2C(C)CC3CC4CC5CCCC5CCCCCC4C312,0.331,401.72,8.221,0,1
C.CCC1(O)C2CC(CCCC(CCN)CC3CCC(CC4CCCCC4)CC3)C(C)N21,0.3309,448.78,7.116,2,3
C.CCC1C(CCCCC2CCC3C4CC(CC56CCNCCC5C6)CC(C4)C3C2C)CCC2CC21,0.3306,495.88,9.36,1,1
CCCC(O)NC(C)CCCNC(CC)C1CCNC1CC,0.3304,313.53,2.62,4,4
C.CNCC1CCCCCNCC2CC3NCC(CN3)C3C4CN5C(CCN5C)NC4C(NC23)C1C,0.3304,504.81,0.836,6,8
CC1C(C)C12CC2CC1CC1CC(C)(CCN)N1CC(C(N)O)C(NC2CCCCC2)N1,0.3303,447.71,2.764,5,6
C.CCCCCCCCCNC1NC2C(CCCC)C3C4CCCCC4C34C1CC24,0.3303,416.74,7.139,2,2
C.CCOCCC1CC2CC3CCCCC4CCC4CCCC4CCCCC(CC2C12C1(C)CCCCC312)O4,0.3302,540.92,10.376,0,2
C.CCC1CC2C3C(C4CCC1C21CCCCCC(CCCC2CCC5CC(C)CC25)CC2CC2CNCCC41)C31CC1C,0.3295,604.06,11.412,1,1
C.CCCC12CCC3CCC(NC(O)CC)CC3C1CN2CCC1CCC2CC3CCC3(F)CC2C1F,0.3291,522.81,7.273,2,3
CC1C(C)C23CC2C(C(O)N2CCC(N4CC(CCO)(N5CC(C6NCNC7CCCC76)CN5)C4)CC2)C13C,0.3289,542.81,1.258,5,8
CCC(C)(O)CC1NNC(C2C3CC4NC3NCN42)CN1CCCN,0.3288,353.52,-1.503,6,8
C.CCC1CCC2CCCCC2CCC2C3CCCCCC4CCCCC4CC32C2CCCCC2CC1,0.3288,510.94,12.009,0,0
C.CC12OC1NC1CC3CCCCCCCCC4C5C3CC(C2C1)N4CCCCCC1CC1C1CC15.N,0.3282,513.86,7.553,2,4
CCCC(C)CCCC1NC(C23CNN4C2CCCC43)N2C(NC3CCC2N(C(O)CO)C3)C1F,0.3281,494.7,1.303,5,8
CCN(C)CCCCC(CN)CC(CC(C)N)C1CCC(CC2CCCCC2)CC1,0.3281,421.76,6.204,2,3
CCCC1C2CC2(C(C)C)C12CC2CC(C)C1(C)CC1CN1CC2C(S)C3C(C21)C1C2CCCCC231,0.328,507.87,7.802,1,2
CCCCCCCCCC1CC2C3CCCCCCC4CC(C)C(C)CCC4CC3C2C1,0.3278,442.82,10.448,0,0
CC(CC1CCC2CCC(C3CC4CC5NS(O)(O4)C(C)(C)CC53)C2N1)C1CC1NCCCN(C)C,0.3275,522.84,4.762,4,6
CC(C)C1CC1(C1C2CC(CC3NN(CCCCC4CN4)C4C5ON6OC56C34)CC21)C(O)(F)F,0.3274,480.6,2.483,3,7
CC.CC(C)CC(CCN)CCCCCC1CNC2C3NN4NCCC4C123.P,0.3274,413.63,3.086,4,5
CCC(O)N1CC1CCC1NNCC(CCCC2CC3CCC23)C2C3CNN4NC24C13.O,0.3274,448.66,0.56,5,7
C.CNC(O)CC1CCOC2C3CC4C5C6NC27CNC(CC5(CCCC1(C)CC1CCNC2CC5(CC5)C2N16)C3)C47,0.327,581.89,3.423,5,7
CCC1(O)NC12CCCC(CCCC1CCCCNCCCCC3C(CC4CC43)OC3C4CCCC3C4N1)C2,0.3263,541.87,5.898,4,5
C.CC1C2CC34CC5C6CCCCCCC5C(CCCCCCCN5C(C3NCCC2CCN1C)C54)CC6,0.3263,525.91,7.741,1,3
CCCCCC1CC12CC2C1C(C)C23C(CC)C(C2CCCNC(O)CC)C13,0.3253,387.65,5.845,2,2
C.CCCCC(O)CC1CCC2(CC1)C13NCNC4(N)C1C(C1CCC(OC5CCCCC5)CC1)NC423,0.3252,516.82,4.547,5,6
CN1OC1CCNC1CCCC1CCCCCC(CCF)CN1CCCCNCC1,0.3252,426.67,3.95,2,5
C.CCC1CCC2CCCC3CC3CCCCCCCCCCCCCCCCCCCCCCC2C1,0.3248,516.98,13.467,0,0
C.CC.CCC1CCCC2C3C2C32CCCCCCC(NN3CCCCCCCCC3C3NC3(C)CC)C34CC23C14,0.3248,567.99,9.51,2,3
CNCCN1N2CC(C3C4CC4CNC32NCO)C12CCC(OCCC(C)C)CC2N,0.3248,436.65,0.098,5,8
C.CCC(O)CC1CC1CCCCCC1CCCCC1CC1CC2CC2C1CC,0.3245,404.72,8.249,1,1
OC(NC1CCCCCC1)N1C2CC(C3CCCN(C4NCNC5NCCC54)C3)CC1C2,0.3241,446.68,1.552,5,7
CCN(CCC1C2CNCCNCNC3(NC12)C1CCCCCOC2C(C)CCC2(C)C13)S(C)(O)O,0.324,527.82,3.276,6,8
CCCNC1C(C)C1CCC(C)NC1CCCC1C1CC1CCC1CCC1.CN1CCCCC1,0.3239,473.83,6.866,2,3
C.CCCC(O)N1CCCC(CC)NC(C2CCC(CCC3C4CC45CCC35F)CC2)CC2C(O)NCCN2C1,0.3234,564.88,5.238,4,6
CCCCCCC(CCNCCCCC)C(CC)CC1C2CC12,0.3231,321.59,6.425,1,1
C.CCC(O)NC1CCC2(CC1)CC1CCNC(C)CC3CC4C5OC5(C)N4CCCC3NCCCC12,0.323,518.83,4.615,4,6
CC.CCC1CC1CC1C(CCCCNCC2CC2C)CC2C1N(C)N2CC1NC1O,0.323,434.71,3.691,3,5
CCCC1OC2CCCC(C34NC(C5CCC(CC6CC7CCCCC76)CC5)C(C(N)O)C3N4)N12,0.3224,486.75,3.879,4,6
CCC1CC(CCNCC2CCC3C(CC2)C3CCC2CCCC3C(C)CCC3N2)CC1CO,0.3223,472.8,6.4,3,3
CC1CC(C)CC2C(CCCCCOCCCCCCCCCCCC(CCCCC3CC3C)C1)C1CC21,0.3223,528.95,11.635,0,1
CCC(C)C1CCCCC1CC1CCC2C3CCCC(C4CC4CCCCC3CO)C2CCNCNN1,0.322,515.87,6.89,4,4
C.CC.CCS.CCS(O)(NCC1CC2CC12CC1CC2CC(O)CCCC21)OC,0.3219,465.81,6.552,4,5
CCC.CCCC1CCCC2C1CCC(CCC)C2CC1(C)CCCCCCCCOCCNCCNOCCCC1,0.3219,593.04,10.5,2,4
CCC(O)N1CC23CCC(CCCCCCCOCNCCCCCNCNCCCCCC2CC1C)C3CN,0.3218,565.93,5.182,5,7
C.CCCCCC1CCC(CCC2CCCCC3CCCCC3CCCCCCCC(C)C2)C1,0.3217,474.9,12.153,0,0
C.CNCCCC1CC(C2CC3(C)CC3CO2)C2CC3C4CC5CC67OC6C7CCCCC5C4CC3C12,0.3217,509.82,6.946,1,3
C.CCCCOCCCCCCC1C2C3(CCC4CC4C3)C12CC1CC1C,0.3215,374.65,7.488,0,1
CNC(CC1C2CC3(CC3F)NC12)NCC1CCCCC1CNCCC(C)C,0.3214,394.62,3.042,4,4
CCCCC1CCCN2C(CCC(C)N3C(C)C(O)CC4CC(C(F)(F)F)CCCCCC5CC5CCC43)C12,0.3214,554.83,8.197,1,3
CC1CC(OCC2CCC34CC3C24)CCC1N1C(N)C2(C(O)C3CC4CC(C(O)N5CCOCC5)CCC4N3)CN12,0.3213,571.81,1.334,4,9
C.CCC(O)N1C(O)CC1CN.CCCCN1C2CC3CCC2N(C2CCC4OC5CCCCC5C2C34)C1O.CN,0.3213,581.89,2.861,5,9
NCCCCC1OC1NCC1C(N)CC1CC1CCC(CC2CCNCC2)C1,0.3206,392.63,2.589,4,5
CC1CC2C(CCCC1CCCC1NCNN1C13C4CC1C1NCC(CC4C4CN4C)C(N)C13)N2CCC1CC1C,0.3206,565.9,3.029,4,7
CC(C)(C)CCCC1CCC(CCNCCC2CCCCCN2CCCCCN)C1,0.3205,421.76,6.363,2,3
CCCCC(CCN)C(N)CCCN1CCNC12CNNCN2,0.3203,327.52,-0.537,6,7
COC1CCC(CCCNCC2C(N)OC2CC23C4C(C)C2(O)C32CN42)CN1,0.32,392.54,-0.164,4,7
CCC(O)N1CCC(C2CC(C3CC4C(CCCC5CC(CF)C5)NC4CC3F)C3C(N)NCNC23)C1,0.3196,523.76,2.963,5,6
CN1NC2C(N)C1C2C1CNNCCC2CC3(C1)C2C31NC23CC4(NN21)C1CCC1C43C,0.3195,438.62,-0.724,6,8
CC1CCCC2CC(C1CC1CC3C(C)(CCC4(CC4)C3(C)C3C4CC4N4CC34)C3CC13)C1C3CC(C)C2C31.F,0.3195,547.89,8.681,0,1
CC1CC2C(O)C3CCCC4OC5(CC3(C4C)C2C1)C1CNC1CCNC1N(C(C)NC2CCC(N3CCC(C4CCC4)CC3)CC2)CN15,0.3193,679.05,5.13,4,8
C.CCCCCCCCCCC1C2C3CCCCCCC4CC1(C)C2C4CCCCC3,0.3189,430.81,10.592,0,0
CCCCCC(CC12CC1C2)NC1CC(C2CCC3C4NC5CC54C23)C(C)(C)CCNC1CCN,0.3188,482.8,4.823,4,4
CCOC(O)CC1CC(NC2NCC3CCC(NC4CCCC56CC5C46)C3N2)CN1,0.3186,419.61,0.453,6,7
CCC(O)C1CCC(F)C1C1NCC2CCCCC2C(C)S2(CC2)CN1CCC1(C(C)C(C)C)CC2CC21,0.3185,550.91,7.032,2,3
CCCC(O)N1CCCC(N2NNCNCC3C45CC(OC6CCCC7CC76)CCC4C35N2)C1.CN,0.3179,505.75,1.263,6,9
C.CC1CCCC2CC2CC(C)(NN2NC2CCC2CCC2CCC2CCCC3CCCCCCC32)C1,0.3175,513.9,9.242,2,3
C.CC(C)CCCCCC1NC1CC1CC12CC1C3CCCCC3C1CC1CC12C,0.3175,413.73,7.838,1,1
C.CCCCC1CC2C3CC13C2NCC1C2OC2C23C(CC)CCN2C13.CCCCC1CCCCC1,0.3173,498.84,7.434,1,3
CCC(C)CC1CN1CCC1CC2NC(C)(CCCCCC34CC3CC3CC34)NC2N1,0.317,428.71,4.459,3,4
COC(F)CC(CC1CC2CC3NC4C(CC3CC2N1NC1CSC(C)S1)C4C1CN1N)OC,0.317,515.77,2.384,3,9
CCCC(O)NC1CC2NCCC(CCCCC34CCCCN3CCCC(C)C4N)C2C1,0.317,448.74,3.994,4,5
CC12OC1C21CC1NC1OC1CCC1CC2CC(CCCC3CCCCC3CC3CCCC3)C2C1,0.3163,481.77,7.23,1,3
CCCCCCCCN1CC(NC(CC)CCCC2CC2C(C)(C)C)C23C(O)NC2CC13,0.3162,447.75,5.301,3,4
CCC(O)CNCC(CC)CC(C)CC1CN(C)CCC2NC(CCC3CCCCCN3)CC12,0.3161,478.81,4.4,4,5
C.CC1C(CF)C1CCCC(C)(O)C1CCC(C2NC(C3CCC4CCC(O)N4C3)N3CCNC(N)C23)CC1,0.316,551.84,3.251,5,7
CCCNCCN1CCC(CC2CC(C)(F)C2)NN2NC2CCNCC(C)C1O,0.3159,414.61,1.174,5,7
C.CC1C2CC(C3NCNC(NC45CCC(C6CCN(C7COC7)CC6)C4C5)N3)CCC2OC23CN4C1C2CC41ONCC31,0.3158,611.88,1.596,5,10
CNC(O)C1CNC2NCCC2C1NC1CCNC2CC3CC4C5CC4C5C34C2C14.N,0.3158,430.64,0.068,7,7
CCC1CCCN(N)C1C1(C2CCCCN2)NC12CCC1CCCCCC1CCCCNCN2,0.3157,474.78,3.828,5,6
C.CCCCCCCCCCCCCC1CCCCC2CC2C1,0.3156,322.62,8.54,0,0
CCCCC12C(C)CCCC1CC2CC1CC23CCC1C2CCCCCC(CC(C)C)C(C)CCN3C.F,0.3156,531.93,10.531,0,1
CC.CC.CCC1C(CNCCCCCCF)CCC2CCC(C(C)N)C3(CCCC21)CC3,0.3152,468.83,8.535,2,2
CN1CC(C2CC34C5C(NCO)C6(C(N)CC7CCCCCC8CC8CC8CC8C7F)C5C5N3C54C26)CN1,0.3152,525.76,2.33,4,6
CC.CCC(O)NC1CCCNCCC(O)CNCN2CN2CC12CC13CC4CC4CC1CC32,0.3152,477.74,2.313,5,7
C.C.CCCC(C)C.CCCCCCC1C(C)C2C3CCCCCC4CCC4CCCC2C1C3.O,0.315,494.93,11.142,0,0
CCC(O)NC1C(CCC2CC(C)C3C4CC5CCCCC54N3C3C(CC(N)N)N23)CC1(F)F,0.3149,481.68,2.794,4,6
C.CC1CC(CCCCCC2C(C)C3CC23)(CC2CCC3(C4OC45CCOCC5)CC23)C(N)O1,0.3149,473.74,6.309,1,4
CC.CCCCCCC1CC2CCC(CC)CC3CNCCC3CCCCC3CC3CCCCC2(CC)C1C,0.3148,544.01,11.844,1,1
CC(C)CCCC1C(O)N1CC(C)CC1CCNC(CC2CCCCCC2)C23CC2CNN3C1,0.3148,474.78,4.759,3,5
C.CC(C)C1CC(O)CC1CCC1CN1CNCCCCC1CCC2CCCC2C1,0.3147,420.73,6.064,2,3
CCCCC12CC1CCC(C)CC1CC3CCCCC3C3(C1C)C1C4CC(C15CC45C)C31OC1CCCC2(C)C.O,0.3147,564.94,9.637,0,1
CC.CN(C1CCN(C(O)CNCC(F)(F)F)CC1)C1C(CCN)N2CCCCCCCCCNCNC12,0.3145,551.79,2.488,5,8
CCC1(CCCCC(C)O)C2C(CC3CC4CCC5CC6CCCCC6C5C43)CCC3C1N32,0.3143,453.76,7.048,1,2
CCCC1(C(CCCCC2CCCC3C4CC4C23)C(C)O)C23CCCC4C5CC6C7C(CC(C45)C21C3)C67,0.3141,502.83,8.351,1,1
CC.CCS(O)(O)CCCCCCCC1C(C)CNC(N)C2C1CC1C2C2CC23CC13,0.314,454.77,6.172,4,4
C.CC1CC1CCCNCCC1CCCC1NCCCC1CC1NC1CCCC1C,0.314,419.74,5.744,3,3
CCCN1CCCC2C3CN1CC(CC)(CCNC(O)CC)C3C1(O)NC2C1CC12CCCCCC1C2F,0.3139,534.81,4.275,4,6
C.CCCCCC1(C)C2OS21CCC1C2CCCCCC1C13CC14CC4C23.F,0.3136,410.68,7.446,0,1
C.C1CNCNC1.CC1NN(C23C4CC4CC2C3C2CCCC2)C(O)OCCCC1CCCCC1CC1O,0.3129,534.83,4.203,5,7
C.CCC1CC2CCCCCCCCC2CC2C3CC(CCCC1CCCCC1CC14CC4C)C1C2C31,0.3128,508.92,11.33,0,0
C.CC(C)CC1C2CCCCOC3C4CC5CCC(O)C6CC67CC(C)CCC7C(CCC6C(C)C3N6C24)C5CC2(O)CCCCC12,0.3128,652.06,9.112,2,4
CC.CC.CCC(O)CC1CCCCC1CCCNCC(CC)C(N)O,0.3127,374.65,4.679,4,4
CCC(O)NC(CC)CC(C)NC1CC(C2C3C4CC(OC5CCCCC5)C4C32)C12CCCCC2,0.3126,486.79,6.02,3,4
C.C.CC.CC(C)COCCCCCCCC1CCCCCCCCCCCN2CNCCC12,0.3124,484.9,9.45,1,3
CCONC1CC12CCC1C34CC3C3CCCC35CC53CCCCCC5OC5CCCCC3CC14C2C,0.3121,507.8,7.827,1,3
C.CCC1C(CCC2CC2CCOCC2CC2C2C(C)C2C)C2CC3CCCCOCC3C12,0.3121,458.77,7.709,0,2
C.C1CC1.CCCCC(O)N1CCC(N2CC(CCN)(N3CC4C5NCN(C6NCCC56)C4N3)C2)CC1.F,0.312,540.82,1.265,5,9
C.C.CCC(CCCCCN1OC1C(C)C)C1C2CCC(O)C2C1C1C2CCCC1NC2,0.312,450.75,6.096,2,4
CC1CCCCCC1CCCCCC1CCNC23NCCCCCCCC4CC4CC2C13C,0.3118,456.8,8.065,2,2
CC1CCCCC1C.CCCCC1OC1CC1CN1CCC1CC2C3CCC4CCCCC4C3C2C1,0.3115,497.85,8.73,0,2
CCCC(O)C1CCC2NC3C(CC21)CC1(OC1C)C1C3C(Br)C2CN21.CI,0.3114,567.35,3.579,2,4
CCCCCC1CC2CCCCC2C1CCCCCC1CC1CCC,0.3111,346.64,8.396,0,0
CCCCCCCCC1CCC2CC(C3CCC4CC4C3)CC2C1CCCC,0.3106,386.71,9.032,0,0
CC(C)CCC1CC1CCCCNCC(CCC1CCC1C1CCC23CC2C13)C1C2CNN1C2.O,0.3103,485.8,5.281,2,3
CCC(O)CCNC1C2CCN1C2NNC(C)CC1CC1C1CCCCC1Cl,0.3102,413.05,3.031,4,5
CC.OCCCCC1CC2NC2C2CCCCCC3CC3CCC3CCC4CCC(CC34)C1CC2,0.31,485.84,8.371,2,2
CCC1(O)NC1(C)CC1C(C)NC1CCCCC1C(C)OC12CCC(OC(F)(F)F)CN2,0.3099,463.59,3.394,4,6
CCCCCC(O)C1CCCCC2C(C(C)C1)C1C(C3CC3C)C3CC(CCCCC)C45CC34C215,0.3095,480.82,8.885,1,1
CCCCCCNCCCCCCCCCC1CC1CC1CC12CC2N,0.3095,362.65,6.041,2,2
CCC1C(CCNCCCC(C)CCCCCC(C)C)C2C1CC13C45CC21C43C5,0.3093,397.69,7.061,1,1
CC.CCCC1CNNCCC1C(N)N1CCC2C(CCC3CC3(C)O)C2C1.CCCCCC,0.3093,480.83,5.533,4,5
CC1CNC(C)C(C2OC2(C)CNCNC2OC2CC(C)C2CCC3OC3C2)C1,0.3092,407.6,2.233,3,6
C.CCCCCC1C2CC2C2C3CCCC(CCCCCCCC4C5CC45)CC3NC12,0.3092,427.76,8.228,1,1
C.CCC1OC(CC(C)C(C)C)CC2CC2CCCCN1C(C)NC(CCCC(O)F)NC,0.3092,473.76,5.877,3,5
C.CCCCCC1CC2C3CCC1C1CCCCC1C1CC4CCCC1C1CCN5NCC(C(CC)CC6CC6C4)N5C(C1)C32,0.309,620.07,10.364,1,3
CCC(O)N1CCCC(N2CC(C3CCC(COCCCCCCF)CC3)C3C(N)NCNC32)C1,0.3086,497.74,2.841,4,7
NC1CC12CCCC21C(N)C2NCNNC3C(C4CCC(C5NC5C5CCOCC5)CC4)N3N21,0.3084,472.68,-0.251,6,9
CCCC(NCCCCNC1C2C3C(CC14CC(C)C41OC21)C1NC13)OF,0.3082,379.52,2.125,3,5
C.CCC1CC12CC21CCCC23C(CCC4C5CC4C5CC4CC5CC4C(C4CCCC6CCCC64)C5)C2C31,0.3081,528.91,10.406,0,0
CCC(O)N(C)C1C(CNC2NC(CC3CC3F)CCN(C)OC2O)C(CC)C1(N)CC,0.3081,459.65,0.986,5,8
C.C.CCC.CCC(O)CC1CCCC2C(C)C(CCCCCCCCF)CC12.N.O,0.308,451.8,8.562,2,2
C.CC1CC2NC2C1CCCCCCCCCCCNCC(C)(C)C,0.3075,352.65,6.156,2,2
CCC(O)NCCCC1(C)CCC(CCCC(C)C)C1C1CNCC2C(N)CC21,0.307,407.69,4.126,4,4
CC1CC1CC(NN)NCC1CCC2C(CC3CCCCN3)CC2O1,0.3066,350.55,2.127,4,5
C.CCCCCCC1CCCC(CCCCC)C(CC2CCCC2C)CCC1,0.3066,392.76,10.202,0,0
CCCCCC1CCCCCCC(O)CCC2C(CCCC3CCCCCC3CCCCN3OC23)C1,0.3064,503.86,9.425,1,3
CC1CC(C)C1(O)CCCCC(O)OCC1CCC2C3C4CCCCCC4CC3C12N.N,0.3064,450.71,5.021,4,5
COC1CC(OC)CC2(C1)NCC1CC13C1C4NC(CCC5CCCC(C)CCNNCC5)C(N)NC4CC2C13,0.306,558.86,2.489,6,8
CCCC12C(C)OC(SC1CCOC)C2CCCCC12NC(CC3CC45CCC6NC4CC6C35)NC3C1C32,0.3058,541.85,4.899,3,6
CCC(O)N1CCCCCCC2C(CC2NC(CCC(C)C(C)C)N(C)CCC2(C)CC2CN)C1,0.3053,492.84,5.28,3,5
CCCC(CCCC1C2C(C3CC4CC43)C(CC3CCCC4CCCCC43)N12)CC(O)CC.F.O,0.3052,493.79,6.766,1,2
C.CC1C2(CCCCCC3CS31O)CC1C([SH](C)O)CCCCCCCC12,0.3051,418.75,7.474,3,2
CCCC1CCC(CCCC2C3CC4CCCC3CC2P4CCC2CC3C(C)C3C2CC)NC1,0.3051,485.78,8.702,1,1
CC1OC1CC1CCC(C2CCC(C34CCCC35OC3CCC(CC3)C5C4)CCC2C2CCCCN2)C1,0.305,509.82,7.663,1,3
CCCCCCC1CC1C12CCCCCCCCCCCCC(CC)C(C)CCCC1CCCCC2,0.3048,500.94,12.687,0,0
CC1CC1CCCCCC1C(C)CC1CCCCC1CCCC2C(C1)CC1CC12,0.3047,398.72,8.888,0,0
C.CCC(CCC1CCC1C(C)CCC(C)C(O)NC)CC1CC12CC1CC3CC3C1C2,0.3046,445.78,7.508,2,2
CCC.CCCCC1C(CN)C2NN1CC2C1NCNC2NCCC21.CNCO,0.3042,413.66,-0.035,7,8
CC1(C)CC12OC21CCC23CC(CC2NCNC2CC4C5C(C2)C42OS52O)C3C1.CCC1NC1CC.O,0.304,535.8,3.671,4,6
C.CCCCC1CC1CCCC1CC1CCC1CC12CC2CCC1CC1C,0.3038,372.68,8.498,0,0
C.CCCCC1CCCC2CCCCC3CC4CCCCC5CCCC(C6CC6(C)C)CCC54CCCCCCC3C2C1,0.3036,595.1,14.205,0,0
C.CCCCCCCCCCCC1CCC2CCC3CC3C2C1CCC,0.3036,362.69,9.032,0,0
CCC(O)NCCC(CC)C1CCCCC2C(CC3CCCC3C)CCC2NCCCNCC1,0.3035,477.82,6.091,4,4
CCOCCCCCCS(O)(O)CC1CC(C)(N(C)C2NCNC3NCCC32)C1,0.3031,432.68,2.846,5,7
CCC(CC)C1NO1.CCC1C(O)N1C(CCCCC1CN2C1C1C2C12C1C3OC312)CNC,0.303,460.66,1.911,3,7
CCC1C2C3C(NC)C(CC2N(C(CCCO)C2CCC2C)C1CCOC)N3CCCN(C)NC,0.3029,493.78,2.406,3,7
C.CCC(CC)NCCC1NC2C3CN(C4CNC4CCCO)C3C2N(C2CN2)C1C,0.3025,436.69,0.547,5,7
CC1C2CCCCC2NC(O)NC2CCCC3C(CCC21)NC1CC2CC4CCCCCC4NC2C(C)C13,0.3025,526.85,5.139,5,5
CC.CCCCCCCC1CCCC2CC3CCCCC3C3C4CC4CCC23C2OC2O1,0.3023,444.74,8.526,0,2
CCC1CC2NCCC(C1)N(CCN(O)CC1(C)CC1)C1NCC3C(NC4(CN3F)C3CN(C)N4C3)C21,0.302,520.74,0.891,4,9
CCCC1CCNCNC(CC(CC)CNC(O)C2CCNCC2)C(C)CCCC1C(C)C,0.3016,466.8,4.714,5,5
CCCC1CCC2C3C4CCC5CN5C4C4C(C5OC5CCN2CCCCCCC2C5C6C7CC(C7)C6C6C5(C)C26CC1)C34,0.3015,598.96,7.878,0,3
CC(C)C1C2C3CCC(C(NCCCNC4C(CCN)C5CC(C6C7CNC8NC7CC86)CC54)C3)C12,0.3014,495.8,3.015,5,5
CCCCC1NC2CCCCNC(N3CC4C(C5C(CC(C)N)N5C)CC43)C12C1CC1NCl,0.3014,479.16,2.475,4,6
CC.CCCCCC12CC1CCCC2CC1NCC(C(N)O)N2NC3C(CC4C3C4C3(F)CC3)C12,0.3008,490.75,4.349,4,5
CC1OC1C1CCCC1CCCNCCCCCCCC1CC2C(C)C13CC23,0.3008,387.65,6.193,1,2
CC.CCC1C2C3C4CNC5C6CC(NCCC(C)CCCF)C6C53N4C12CCCCCCOC,0.3003,491.78,5.413,2,4
C.CCCC1CC1CC1CCC1CCCC1CC12CN2CCCC(C)CC,0.3003,375.69,7.546,0,1
CCC(CC1CCCC(C2CC3C(C4CC5CC5C4)N3C2)C1)N(CC1CC1)C1CC(OC)CC(OC)C1,0.3002,512.82,6.375,0,4
C.CCCCCOCCC1C(C2CC3CCNCCCCC45CCCC4C5CCCCC32CC)CC1(C)C,0.3,529.94,10.054,1,2
C.CCC1CCCCCC23C(C1CC)C1CC1C1CC4NC1C4CNCCC1CC1C(C)C[SH]1C2CCCC13,0.2997,556.99,8.056,3,2
CCCCCCCCCCCC1CCCCCCCCCCCCCCCCCC1C,0.2997,434.84,11.805,0,0
CCN1CC(NC2NC3N4NCCCCCCCCC3(C(N)O)C4N2)CN1,0.2996,382.56,-1.259,7,9
CCCC(CCC(N)N)C(CCCCC(O)CC)C1CCC(C)NC1,0.2993,355.61,3.762,4,4
C.CCCC1CNN2CCC3(C4NC(C5CCC(C6(O)NC67CC(C(F)(F)F)CCN7)CC5)C5C6CN6CCN54)CC1(C)C23,0.2992,623.85,3.05,5,8
CCCCCCCNC(O)COC1CC(O)C2C(O)CC(C3CCCCC3)OC2C1,0.2992,427.63,3.12,4,6
CCC(C)CCCC1C2C(C3CCC(CC4NC5NC(C4N)C5NC4CC5C6SCC(O)C6C45)C3C)C12,0.299,528.85,3.413,5,6
C.COC1CC23C4CC5C6CCC1C2CC3CNCCNCCCCCCC(C)C1CC1CCC(C)N(C)C5C6C4.N,0.2988,586.99,7.393,3,5
CCC(C)CCCCC1C(CCC2CCC34CCCC3C4C2)NC2C(CCCNCC3OC31)C1OC21,0.2987,498.8,6.081,2,4
C.CCC(CCC1COC2NCNCC12)NC(CC)CC1CCC2CCCCNCCNCCCC2C1,0.2987,521.88,4.854,5,6
C.CCCCCCCC12CC1CCN2CC1C2CCCC3(CC3CCCCC)C21,0.2987,401.72,8.08,0,1
C.CCC(O)NC1CC(C)C12CCN1NC(C3CCC(OC4CCCCC4)CC3)C(C(N)O)C1N2,0.2985,495.75,2.397,6,8
CCN1NNC2CCCC2C1CC1CCC12CCCC21CC1N[SH]1(O)(O)CC1C,0.2983,426.67,3.523,6,6
CC.CC1CC1CCCCC1NCC2CCC3CC(CCC4CC56CCC(C)C5C46)NCCC3CC2N1,0.2979,511.88,7.363,3,3
C.CN1CCC(C2CCC(N3CCC3C3CCC34CCC(CCCCCC(O)C3CO3)NC4)CC2)CC1,0.2978,517.84,5.456,2,5
CCCCCCCCCC1C(CCCCC)C2CCCCCCC(C)CC12,0.2973,376.71,9.566,0,0
COCCCCCCCN1CCCC2CCC2CCC1CC1CC1CC1CCCCC1C.N,0.2969,462.81,8.259,1,3
CCC(C(O)NC1CN1C1CCCC2(CC3NCNC4N(C32)C23CCNCC2N43)C1)C(C)(C)C,0.2966,473.71,0.802,5,8
CCNC(C(CO)CC1CCNC(O)N(C)C1)N1CCNC(CC2CCC3(CC3)C2)C1O,0.2964,453.67,0.3,6,8
C.CC1C2C1C13C(C)C1C1CC12C3CCCCC1CCC2C34CCCC5C(CC6CCCCC6)CC53C24C1,0.2964,514.88,10.16,0,0
CCC(O)N1CC1C(C)C(C)CCNCCCNCC(C)CC1CC23CC2C13,0.296,391.64,3.313,3,4
CC.CC(C)(O)CCCCCCNCNCNC1CCC2CC34CC3C4C2C1,0.2958,393.66,4.243,4,4
CCCCC1OC1C1OC1(CO)CC(C)CNCC1C2CC3C4C2NC(CC2CCC(F)CC2)CC34C1C,0.2958,532.79,4.857,3,5
CCCC1CCC(NCNC2C(CCO)C3NC4(CCCN(C(O)CC)C4)C23)C1.N,0.2957,425.66,1.786,6,7
CCCN1C(O)CCC2CC(N3CCC(C)CCCCC3CC)OC2CCCCCNCCCCC2CC21COC.CCO,0.2957,624.01,6.947,3,7
NC1CCC2CCN3NC(C4CCSC4)C3C(NN3CC4C5CC67C4C4C5C(CCC46S7(O)O)N3)C2C1,0.2955,548.82,2.054,6,9
C.CC(C)CC1CC1C1CCCCC1CCCCC1CC12CC1CC3CC4CC5CC5C4C3CC12C,0.2955,492.88,10.406,0,0
CCC(CCCCCNC1C(CN)CCC1C1CC12CCC(C(C)CC)C2CC)NC,0.2955,433.77,5.977,3,3
CC.CCCCCCCCC1C(C)CCC1C(N)CCCC(C)CCOC,0.2954,383.71,7.596,1,2
OC(CCC1C2CNCNC2C12C1CC1CN2C12CCCC1C2)NC1CCC(OC(F)(F)Cl)CC1,0.2946,515.09,3.19,4,6
CCCCNCC1CCCCNC2(C3C4CC(CCC5CCC6CC56)C43)CC(CCC3CC4C(CC14)N3)N2,0.2944,522.87,5.679,4,4
CCC(O)N1CCCCCC2C3PC45C67CCCCCCCCC(C8CCC8)CCCCC64C54C2CNNC74C3CC1,0.2942,595.9,7.6,3,4
CCCC1C(CCCCCC(CC)CC2CCC3CC23)N2CCCCC(C)C(C)CCC12.CCN,0.2938,488.89,9.07,1,2
CC1CC2CCC(CCC(N)NCC3CC(C4CCCCCC(O)NC4)N3)CC2C12CCCCN2.F,0.2938,509.8,3.597,6,6
C.CC1C(NCCCCC2(C)C(O)NC3CCC(C(F)CF)C2C3)CCCSCC2CC3CC3CC21.F,0.2937,548.84,6.749,3,4
C.CCCCCCCCCCCCC12CC3CC3C1C2CC1CCC1,0.2936,346.64,8.396,0,0
C.CC1CC2CC12C.CCCCC1CC2C(CC3C(C)C4C(CCN5CCC6CCCCCC65)C(C)C34)CC12.O,0.2935,555.98,9.512,0,1
CC.CCCCCCCCCCCC1CC2CNC3NCC4CCCCC5CC5CC4CCN3C2C1.O,0.2934,519.9,7.518,2,3
CCCC1CCCCCC(C)CCCC(C)CCCCCCC1CCCNC(O)CC,0.2933,437.8,8.864,2,2
CC(CCCCNCCCCC1CCCCC2CC2C1C1CCCC1C)C1CC1C.Cl,0.2929,452.21,8.509,1,1
CCC(C)C(C)CC12NN3CN4CC(O)C4C4CCCCC(CC(C)N)CC(CCC4)C(CC)C3NC1O2.CN,0.2926,564.9,4.185,5,8
CC[SH](O)NC1CC1C1CCC(C23CCCCNC2CC(NO)C(C)C3)CC1,0.2922,413.67,4.086,6,5
C.CCC(CC)C(C)CCCCCCCCC1CCCCC2CC2CCCNCC(C)C1,0.2921,449.85,10.038,1,1
CCCC1CC1CCCCOCC1CCCOCCCNC(C)CCCC(C2CCC(C)CC2)CCC1,0.2918,519.9,9.187,1,3
CCCCCCCCCC1C(C(C)C)C2CCCCCC3CC3CCCC(C)CCCCC3NCCCN3C12,0.2914,542.98,10.602,1,2
CCCC(CC)CCCC1C2CCCC(NC3C(NCC4NC4O)C4CCCCCCOC43)C12C,0.2912,489.79,4.974,4,5
CC(C)(Cl)C1(CCCCCC2CC23CC3)CCCC2C(N1)C2C(N)CC1CCC2CC12,0.2911,447.15,6.645,2,2
CCC(C)CCCCC1CCCCCCCC2C(CCCOC)C2C1.CCCCNC,0.291,437.8,8.638,1,2
CCCC1CC1CC(O)CCCCCNC1CC2NCCC3CCCCOCCCCC32CC1C,0.291,490.82,6.457,3,4
CCCCCCCCCCCNC(C)CC(N)CCC1(C)C(C)C2CCC3CC2N31,0.2903,419.74,6.254,2,3
CCC1C2CC(N3CC(CCCN4CCC5C(CCCC6(CC)CO6)C54)C3)CC1C21CC1C1CC1C,0.29,494.81,6.465,0,3
CCCC1C2CCC(C(F)CC(C)C)C1C(C1CC(NCCC3C4CCCCCC5CCC5CCC43)C1)CC2,0.29,541.92,10.23,1,1
C.C.C.CC.CCC1C2CCCCCC(CCCCC3C4OC4CCCC4CC4CCCC34CN4CCC3CC31)C2,0.2899,574.04,11.562,0,2
CC.COCCCCCC1CCCCCCCN(CC2CCC(CO)NC3(CCCCCCCCC3)C2)C1,0.2899,536.93,8.506,2,4
CCNC1(C)OC1CCC1CNCNCC2C3C4C(CCCC45CC4CCCCC4C5)N3N12.CNCCC(C)O,0.2898,560.87,3.025,5,8
CCC(C)N1C(CCCCCCCCCNC2CCC(C)CC2)CC2CCCC3CC3C21,0.2898,444.79,7.953,1,2
CC1(C)CCCC2CC2CONCCCC2CC2CCCCCCCCNC(O)CCNC(O)NC1,0.2898,510.81,4.254,6,7
CCCCCCCC1C(CCC)C23C(CCC4CCC5CCC(C)CCC(C6C5C5CC7C8C6C578)C42)C13,0.2896,502.87,10.016,0,0
C.CCC1CC2CNC3CCCC4CC(C)C4CC(C1CCNCCCC(C)C)C3C2.CCCCC,0.2895,504.93,9.338,2,2
CC(C)N1CNC2CC(C(O)NC3CCC(OC(F)(F)Cl)CC3)CC(C3CNNC3)C21,0.2894,466.02,1.77,5,7
C.C.CCCCC1CCCCCC1CCCC1CC(CCC)C2(C3CCCC4C2C25CC2CCC45C3)C1C.N,0.2893,541.99,12.273,1,1
CC1CCC(CCCCS(C)(C)O)CN2C(CC1CCCCC1CCC1)C1CC2C2CCNNC12,0.2893,507.87,6.662,3,4
CCC(O)NCCCCC1CC(C)C2CCCN(C1)CC1C2NC(O)N2C1C1C2C(C)C12OC1CCCCC12,0.2892,544.83,3.353,4,7
CCC(O)N(C)C(CC)CCCNC1CCC(C(N)O)C2NC(C)C(C)C12,0.2892,384.61,1.463,5,6
CC1C2C(CCC1N1C(O)NC3C(C(O)NC4CC5CNC6CC564)SC4NCCC1C43)OC1CCCCC12,0.289,545.79,0.986,6,9
CCCCNC1NCC2(C(NC3CCC(O)CC3)N1)C(C)C1CNCCN1C2O,0.2886,410.61,-0.7,7,8
C.C.CCCCCCCCCC(C)NC1CCC2C3CCCCCCCOCCCCCC(C)C3C2C1,0.2885,521.96,10.976,1,2
CCCCC(CCC)CCNCCC1CC(CCCC)CCC2CC23CC3CCN1,0.2885,418.75,7.328,2,2
C.CCCCCCCCCC1CCCC2CCCCCC(C(C)(O)O)CC2CN1,0.2884,411.72,6.809,3,3
C.CCC(CCNC1CC1NCNC(CCCC1CCCC1CC)C(C)N)OC,0.2883,412.71,4.017,4,5
C.CCCC(C)CCOCCC12C(CCNC1C1CCC(C3CCC(CN4CCOCC4)CN3)CN1)CC2OC,0.2883,564.9,4.307,3,7
C.C.CCC(O)NCCC1C2CC2C2C13C1CC4CC5CNC(C5CCCC5CCCN6CC6C5)C4C123,0.288,511.84,5.364,3,4
CCC1C(CCC2CCC3(C(C)CCNC(C)O)NC4C(C5NN54)C3C2)C1C1CCCCC1,0.2879,458.74,4.434,4,5
CC.CCN.CNCCC(C)(CCN)N1CC2C(N)OC2(NCCCF)N1,0.2875,393.6,0.049,6,8
CCOCCN1OC1CCC1C(CC)NC2C1C1C3CC4(C3CC3C5C3C5C14)C2C(N)O,0.2874,443.63,2.03,3,6
C.CCC(O)NCCC1C(C)C2N3C45CCCN6C4C63C(O)N1C21NC2CCC(C3C4CC6CC6C43)CC(C2)N1C5,0.2874,566.84,1.982,4,8
C.C.C.CCCCNCCC1C2CC3CC4C5NCC6CC78CC7C87CCC8CC9%10CC9CC8C%10CC67C4C35C3CC4CC(C41)C23,0.2873,627.06,9.296,2,2
C.CC(CCCCNCC1CCC2CCC3CC3CC3CCC3CCCCCC21)C(C)C12CC1CCCC2C,0.2872,539.98,10.92,1,1
CC1CC1CCCCCCC1CC(CCC2CC2C)C1C1CCCCCCCCCC1,0.287,428.79,10.202,0,0
CCC(O)NC(C)CCCCC1CC23CC2(C)NCC3(C2NO2)CC1C,0.287,365.56,2.899,4,5
C[IH]C1C(C)C(C2CCC3(CC4NC4C)C4CCNC5CCCCCC5C3C24)C1C,0.2866,526.59,5.541,2,2
C.CC1CCCC(O)NC2(CCCCC2)CCCC1CN1CC12CC[IH]C21CC1,0.2866,518.57,5.534,2,3
CCC.CCC(O)N1CCCC(C2NC3C4(C(N)NCCC24)C32C3CC(C(O)NC4CCCCC4)C4CC432)C1,0.2863,543.84,2.961,6,7
CCC(O)CCCCCC1CC2C3CCC4CCCC5N4C54CC45CC5(C)CC3CC12C1CC1C,0.2863,479.79,7.582,1,2
CCC(O)N1CCC(CNC2NCNC(N)C2C2(C(C)C)CCC3OC3(CC3CCCCC3)CC2C)CC1,0.2862,533.85,3.964,5,7
CCC(O)NC1CCCCCC2C(CCC1)C1C(CCCCCCN3CCCCO3)C(C)C21,0.2861,462.76,6.53,2,4
CC.CCCCCCCCCC1CCC(CCC(C)N2C3CCC(C)(O)C34CC3CC32C4)CC1,0.286,473.83,8.896,1,2
COC(C)CC1(CC2CC3C4CC5CNCNCC4CC5C23)C2CCC3CCC4C5C3C(CCC3CC3)CC(C3CC6C3C65)C2C41,0.2857,627.01,8.099,2,3
CC(C)CCCCCCC1NC2C(CCCCCCCCCC3CCCC32)CC1CC(N)CN,0.2855,475.85,7.563,3,3
C.CC(C)CCCC1C(C)CCC(C2CCCC(NC(C)C3CCC4C(C3)CC43CC3)C2C)CCCCCC1C1CC1,0.2854,582.06,12.087,1,1
C.CCCCCCCCC(O)CC1CCC2CCC(C3CCC4C(COCC4C4CC4(C)C)C3)C2C1,0.2852,502.87,9.292,1,2
CC1CC(C2CCC(C(O)NC3CCC(OC(F)(F)Cl)CC3)CC2C2CNCNN2)C1C,0.2852,479.06,3.359,5,6
CCCCCCNC1CC2C(CC3NC(C)NCOCC4C5CCCN(C(O)CC)C5C4N3)C3C1C23C,0.2851,517.8,3.053,5,7
COC1CCCC(CCCC(CCCC2CNCCCC(C)C(CCC3CO3)C2)C(C)C)C1,0.2851,463.79,7.625,1,3
C.C.OOC1C2CCCC1C2CCCC1C2CC3C(C12)C3C12NC13CCNC1NC2CC13,0.285,443.68,3.853,4,5
COC1CC(CCCCCCCCCC2C3C4NCCC24C32CCCCC2)C1C.P,0.285,435.68,6.785,1,2
CCCC(CCCNC(O)CC)CCC1CCCCCCCC1.CN1CNCN1,0.285,412.71,4.973,4,5
C.CCCCCCCCCCCC1CC1CC1CC1CCC,0.285,308.59,8.006,0,0
CCC(O)N1CCC23CCN4C(NC(O)CCCC([SH]12)C1(CNC)NCC13)NC1CCCCC14,0.2849,496.77,0.617,7,8
CCCCC(O)CNCCCNC12CC(CC)C1(C)C2C1CCC(OC2CCCCC2)CC1,0.2848,462.76,5.82,3,4
C.CCCCCCCC1(C)CCCCC1C1C2C3CC4NC(C2N1CNCCCCN)N4C1(CC1)C3,0.2848,501.85,5.648,3,5
C.CCC(C)CCC1CCCCCC1CCCCCCC(O)CC,0.2841,340.64,7.757,1,1
CC(C)CCC1CCC2C(CCCC3CCCCNCC(CCCC4CC4(C)O)NC3N)C2C1C,0.284,489.83,6.075,4,4
CCCCNC1NCC(C2CC3C(CN2)CNC2C45CC4C325)C(NC2CCC(O)CC2)N1,0.2837,444.67,0.274,7,7
CCC1CCC2CC2CC1CCCCCN1C2(C(C)N)C(C)C13C(C1CC4CC(CCC4C)CC4CC4C1)CCC23,0.2837,562.97,9.314,1,2
CC.CCCC.CCCCN1C2C(CCCNN(O)CF)C34C(CC5CC5C13)C24,0.2837,411.65,5.477,2,4
CCC1CC1CCCCCCC1NCCC(C)C2CC(O)CC2C1CNN(C)NC,0.2834,422.7,3.945,4,5
C.C.CCCCCCCCCCCCCC1CCCCCCCC1CC,0.2834,368.73,10.346,0,0
CCCCCCCCN1NC(NC2C3CCCC(CCC(C)(C)O)CC32)C2C(O)NCCC21,0.2833,464.74,3.735,5,6
CCC(O)NC1ON(CN2CCCC3CCC4(CCC3SCC2)OC4F)CC2C(C)C(CCCC(C)C)C12,0.2832,555.85,5.612,2,7
CCCC1NC(C2CCCCC2)CNCCC1CCCNCC1C(CC)C23OC2CCCCC13,0.2831,473.79,5.657,3,4
CCCC(O)CC(C)NCC(N)CNCCCCC1CC2CCNCC2C1.O,0.283,400.65,1.414,5,5
C.CCC(CCCCC1CCCCC1)C1C2NCCCCC3C(N21)C12C4C5CC(C(C)C)OC5C41C32,0.2829,496.82,7.247,1,3
CC(CC1C(CC2CC2CCCCCO)CCNC1C)NC1CCC(C2CCCCC2)C1.S,0.2828,480.85,6.41,3,3
C.COC1C(NC2CC(NC(O)C3CC3)NC3CCNC(O)C32)CCCC1C1CC2CCCOCC2C1,0.2827,522.78,2.151,6,8
CCCCCOCCC1CCN(NCCC2CC3CCCN2CC(CC2CCC(C)CC2)C3)CCCN1,0.2825,518.88,6.239,2,5
CC(C)CCC1CC1CCCC1CCNC(C(C(N)O)C2CC3CC(OC4C5CCCC54)CCC32)N1,0.2825,501.8,5.02,4,5
CCC1CCCC(CN2CCC(CCCNC(O)CC)NCCC3CC3NC2)NCC1,0.2822,437.72,2.633,5,6
CC1C[SH]2CC(C3CC4C(NCNC4C4CCCC(N5CCC6CC(C7CC7)CC(F)C6C5O)C4CO)N3)CC12,0.2818,578.88,3.041,6,6
C.CCCCCC1CC1C(CCCC1CC1C)C1CC1C1C2C3C4CCCCCCC4C132,0.2817,438.78,9.38,0,0
CCCCCCCNCN1C2CNC3C(C4CCCCCCC5CC5CCCC4)C3(CC)C21,0.2815,457.79,6.722,2,3
CCC(O)N(C)CCC(C)C1CCNC2C(C(N)O)C(C34CC5(CO5)C5CCCCC5(O3)N4C)CN12,0.2814,507.72,0.903,4,9
C.CCC(O)NCCCC1(O)CC2C3CNC2C3CC2(C3CC34CC(C)C4)CC2CCCCN1,0.2813,475.76,4.24,5,5
CCC1CC1(CCCCCCCCC(C)C)NC1CC12CCCCC2C1CCC2CC2C1,0.2812,441.79,8.907,1,1
CCC1CCN2C(C1)C2C1CCC(NC2CC(CCCO)CN(C)C2O)CC1.OC12C3CC4C(CC5(CC5)C41)N3CCN2CC1CC1,0.2808,654.0,3.692,4,8
CCC1C(C)C(CCCCCCC2CCCC2)CC1C1C(CC)C2CCC34CCCC3(C)C4C21,0.2808,466.84,10.304,0,0
CN1C2CC3CCCC(NC4CCC(CCNCCCCCCCCF)CN4)C3C21.Cl,0.2808,459.14,4.485,3,4
C.CCC(O)NCCCCCCC(C(C)C)C1C2CCCC1N2CC1CCC2CC21,0.2806,420.73,6.062,2,3
C.CCC(C)CCCCC1C2CCC(NCCCCCC3CCC4C3CC43CC3C)C1C2,0.2802,443.8,8.866,1,1
C.CC.CCOC1CC(CCCC2CC3CC(C2)C2(C)CC32)CCC1C1CC(C23CCCC4(C)CCC2OC(C4)C3)N2CCCC(N)C12,0.2801,667.12,10.411,1,4
CCC1C2CC1N(NC(NCCCC1CNC(O)N1)N1CCCCCC3(F)CC13)C2,0.2801,424.61,1.069,5,7
CC1CCNC(O)N2CCC(N3CC(C(N)O)C(NC4CCC(F)CC4)N3)CCNC2C1C,0.28,471.67,-0.182,7,9
C.CCC(O)CCC1CCC2NC3C(C(F)CC4CCCC5CCCC(C6CC6)C5C4)CC34C3(CC124)NC3C,0.2799,542.87,7.412,3,3
C.CCCCCCCCC1CCC2C(CC)CCCCCC2C1C1C2C3CC4CC4C1N(CC)C32,0.2795,483.87,9.597,0,1
CCC1CCC1C(C)CCOC1NC1(C)N1NN(N2CCC(CC3CCC(C)C3)NC2)C(C(C)O)C1CC,0.2793,534.83,4.039,4,8
C.CCC1CCCOC1NC.CCCCCC.CN1CCNCN(CCCO)C2NCCC(N2)N1,0.2793,503.82,2.452,6,9
C.C.CC12CC1CCC1CC1C1NC13CC1CC45CC4CC3C2CC(CCCC(O)C23CC2CCC3CCC2C3CC123)O5,0.2791,589.95,8.383,2,3
C.CCCC1CC(CCCCNCNC2CCCC2)C1C1C2CC3CC4CC4C3CNC21,0.2787,443.76,5.805,3,3
CNC(CNC1C2NCC(O)C1N2C1CC23C4CCCCC4C2C13)CC(C)NC1(O)CC1C,0.2787,459.68,0.428,6,7
CCC1CCC23OC2CC3C1CCCCCCCC1CC1CCNCO,0.2785,363.59,4.876,2,3
CCC(O)NCCC1NC(O)C2C(O)CC3C(CCC1CC)C31SCCCC(CCN(C)CC)CC21,0.2784,525.84,3.648,5,7
CCCCCCCCCC1C(C)C(C)C1CC1CCC2CCCCCC3CCCCC3CCC21,0.2784,470.87,11.228,0,0
CCC(CCCCCCCCCN1CCCC1CC)C1CC1NC1CC1C(C)(C)C,0.2783,418.75,7.421,1,2
C.CCC(O)N(C)CCC(CN)CCC1C2(CN2CC)NC12NC21CC1C1CCCCC1C,0.2781,463.76,3.164,4,6
CCC(CC1C2C1N1C2C12NCNC1NCCC12)S(O)(O)CCC(OC)SC,0.2781,432.66,1.726,5,8
CCCC1NC1C12C3CCNCC3C1C2CC1CCC(CCCCCNCC)C1CC,0.2781,429.74,5.211,3,3
CCCCNC1NCC2C3CNCC3N2ONCC(NC2CCC(O)CC2)N1,0.2779,397.57,-1.22,7,9
CCC1CC(CC)CC(NCCCCC2CCC3CCC(C4CCC(CC5CCCCC5)C4)CN3C2)C1,0.2775,512.91,9.229,1,2
CCOC1CC1CC(CC)CCC(C)CCNCCNC(C)C(CC)C1C2C(C)C21,0.2774,420.73,5.74,2,3
CCCCCCCCCC1CCCCCC2CCC3CC3C2CCC1CCCCC,0.2774,416.78,10.346,0,0
C.CCC(O)NCCC1CCNC2N(C(N)O)C(C3CCC(OC4CCCCC4)CC3)NC12C,0.2771,483.74,2.399,6,8
C.C.CC1CCCCC2C3CCC(CCCCCC4CCCCC4CCO)C2(C)C3C2C3CCC4C(CC5CCCC3C542)O1,0.277,611.05,11.486,1,2
C.C1CN2CC2CN1.CCCCC1CCC(CCCCCCCNC2CC2C)CN1.Cl,0.2768,459.21,5.215,3,4
C.CCCCCCCCCCCCNC1CC1C1NCNC1C(C)C(C)CC,0.2767,395.72,6.091,3,3
CCC1CC(O)C(O)CC1CC(CC)N1NC2C3C(C4CCC56CC4C54OS64O)N3C23CCNC(N)C13,0.2766,535.76,1.055,6,9
CCC(O)CCCC1CCC2C3CCCC(N1)C2C3.CCCCC.CCCCCC1C2CC3CC1C32,0.2766,501.88,9.15,2,2
C.C.CCC(O)NCCC1OC12CC13CCCCC1C3C1CC3C(CCC4CCCCC4C)C3C12,0.2765,487.81,7.419,2,3
CCCCN(CCCCCC(F)C(C)CC)CC12C(C)C13C1CC4(CCCC(N)CC4)CCC123,0.2765,474.79,7.747,1,2
CCCC1(C2CC3CC3C(O)C3CC4(CC5C(N4)C4CCC(Cl)N5C4)NC3C23OC3N)CC1C,0.2762,491.12,2.579,4,6
CCC(O)NCC(C)CCC1NC2NNC(N)CC2C1C1C2CC(OC3CCC4CC43)CC21,0.2761,461.7,1.873,6,7
CCCCCCCNCCC1CCCCCCCCCC1C1CNCCCC1CCCC,0.2759,448.82,8.499,2,2
CCC(C)CC(CC)C1CC1CC1CC2C3CC3N2C1C1CCC2CCC(C(C)CC(C)C)CC2C1,0.2757,495.88,9.451,0,1
CCCCC.CCCCCC1C(C)C(N2OC2C2CNCCC3CCCC(N)C3NC2)CCN2C1C1CC12C,0.2757,545.9,5.519,3,6
CN1CCC2CC(CNCNC3CCC(C4CCCCNC5(C)CC5CCCC4)CN3)CNC23CCC13,0.2756,514.85,3.64,5,6
CC1C(NCNC2CCC3CC3C2CO)CC2CC1C1CCC(C3NC(C4CCCNC4)CC13)C1ON21,0.2753,513.77,2.273,5,7
CCC1C2CC3OC3C12.CCCCCC1CCC2CC1N2C1CC12CC1C23CC24CC2C42CCCCC123,0.2751,501.8,7.598,0,2
C1NC2NC23CN13.CC(C)CNNCCC1(N)CCCCC1,0.2751,310.49,0.277,5,6
CCN1CCCC2C3CC1CC(CCCNCCC1C4C(CCC(C)(C)O)CC4C1C1C(C)C4(C)CC14)C23,0.2743,524.88,6.844,2,3
NCC1CC(C2NC3NC(N2)C2(CCC(N4CCN(C5COC5)CC4)CC2)N3)CCC1NC1CCCCCC1,0.2742,544.83,1.062,6,9
C.CCC(C)CC(CC)CCCCC(CC)CCCC1NNN2CNC3NCCC3C12,0.2742,437.76,5.4,4,5
CC(CNCCCCCS(C)(C)O)CC1CC2CCCCC2C1CCC1C2C3C4CC4C2C13,0.2741,475.83,7.29,2,2
CC.CCN(C)CCCCCNC1N(O)N2C3NC(C4CCC5CC4C5CCNC4CCCCC4)C3N12,0.2741,519.82,3.801,4,8
C.CCCC1C2CCC(C3CC1(CCCCNC1CCCCC4CC4C1C)N3)C1C3CCCCC3CCNC21,0.274,539.94,7.939,3,3
CCCCCCCC1CCC2CCCCC(CCC3C4(C)C5C6(CC6)C6CC6CC354)CC2C1CC,0.2738,478.85,10.448,0,0
CC.CC1(CCCCC2CC3NNCN4C5C6CC6(C(O)NCC67CCC8(C)CC86C7)C5C34C2)CC1,0.2738,496.78,4.764,4,5
CC.CNCCCCNCCCNC1C2O[SH](C)C2C(N)CC12CCC1CC1C2,0.2734,428.73,2.801,5,5
CCCC(CCCNN)NC1C(C)CC1CCCC1CCCCC1,0.2732,337.6,4.763,3,3
CCCCC1OCC23CC2(C(CC)N2CC4C(CC2O)C2CCNC5CCN(CC)CC5[SH]2C4NCC)C13.N,0.2731,565.91,3.554,5,7
CCCCOC1CCCC1N1NCCCC(O)NCNCCCC(C)C(C)CNCCCCC1CCCC,0.273,539.89,5.151,5,7
CC1C23C(CC4NNC(NC5CCC(CCCCCN)CN5)C42)C3C2C34CCCCN3C12C(P)C4,0.273,500.72,2.366,5,6
CCC(C)(N)CCCCCCCCC1CCCC2CC2C1CCCCCCN,0.2729,392.72,7.196,2,2
CCC(C)CCCCC1(O)C(N)CC2CCC3C4CC4NCC(NCCC4CCOOC4)C3CC21,0.2728,491.76,4.012,4,6
CCC(NCNC(O)CCCO)C(CCC1CCC2(CC1)C1C2C1(F)F)C(C)CN,0.2728,431.61,3.055,5,5
CC(O)NC1NCCC2C(C(C)N)NC(C3CCC(Cl)C(O)C3)C12.N,0.272,377.96,0.084,7,7
CC1C(N)C1NS(O)(O)C(C)NCCN1C2CCCCNNC1C2CN,0.2715,391.59,-0.614,8,9
CCCC1CCCC2CNCCC2C2C3CC(NCCCCN(C)C(O)CC)CC4C(CC25CC5C1)C43.O,0.2715,531.87,5.075,3,4
CCC(N)C1C(CC2OC2C)C1C1CC1CCCCC1CCCCCCCCCCCC1,0.2713,445.78,8.271,1,2
CC.CCCCCCCC1C2CC(CC3CCCC(CC4CC4CCC)C3)C3C(C2)C13,0.2712,428.79,9.914,0,0
CCCCC1C2CCCC3CCCNC4CC56CC78C9(CC(CCC(C)C)C9)NCC57C85CC5CC46CC4CC3NC4CCC(C)C12,0.2708,642.07,9.109,3,3
C.OCC(O)NCCCCNC12C(F)C3C4(CCC(O)C4)CC31C1CC34C5CCCC3N5CC142,0.2706,477.67,1.777,5,6
CCC(CCN1CCCC(C2CCCC3CC(C4CCCC5C(C4)C5CC4C5C6OC6C45)C4C(N)NCNC324)N1)C(C)C,0.2706,593.95,5.34,4,6
CC1C(NCNC2NC[SH]3C4(CC5C6C7CC7C563)OC24)CC2(C)C3CC3CCCCCC2C1C,0.2706,485.78,4.412,4,4
CCCC(CCCCC1CC1C)CC1CCNC2CCCCCCCCC(CCC3CC3C)NN12,0.2704,487.86,8.443,2,3
CCC(O)NC1CCCC1NC(O)C1CC2CNC3C1NC(O)C1CC(C)CCCCCCCCC2C13,0.2699,520.8,3.041,7,7
C.CCCCNCCNCCCCNCCCCCCC(O)CC,0.2697,345.62,3.693,4,4
CCC(O)N1CCCC(NC(O)C2SC3NCCC4C3C2NC(O)N4C2CC3C4CCCCC4C3C3CC32)C1,0.2696,561.84,1.517,6,9
C.CCCCCCC1CCCCC1CC1C(CC)C2C3C4CCCCCCCC5CC5CCCC4CCCC132,0.2695,538.99,12.645,0,0
C.CCC1CC2OC2C2CC12CCCCC1CC(N)N2C3CCCCC4CCCCC4NC3C23C(N)NCCC13,0.2693,555.9,5.1,4,6
CCC(CNC1CCC(N2CC3C(N)OC34NC3CCC(Cl)CC3C24)N1)NCCC(C)N,0.2691,470.11,0.408,6,8
C.CCCN(CC1OC1CCCCC(C)CC)C1CCCC2CC(C3CCC4NC43)CC21,0.2691,446.76,6.654,1,3
NC1CCCC23C(CCCC4CCCCC4)NC(SC12)C1(C(N)O)[IH]C31,0.2691,493.5,2.749,4,5
CCC1(C)C2CC34CC3CCC3C5C6CCCCCCC7C(CCC8CC8CCCCC3C4(C65)C21C)CC1C2CCC3CC3(C)C1C72,0.2686,637.09,12.603,0,0
C.C.CC1CCC1CCCCCCCCN(C(C)C)C1CC(C)N2CC3(C4CCCCC4)CCC123.N,0.2684,505.92,9.484,1,3
CCC(O)N(C)CC1CC12CC1CCC3C(CCCC4CC(F)(F)C4)C3(CC)CC(CCN)C(C1C)C2C,0.2678,536.84,7.568,2,3
C.CCCC(O)CCCCCC(CC)NCC1C(C)NC12NC1CC3CC3C1N2.N,0.2675,425.71,3.496,6,6
CCCCCN1OC1C1CCC2NC3N4C5NN6C7CCCOCC8CCC(C)[SH]8CC5C7N5C(N45)C36C2C1,0.2674,559.83,2.182,3,9
CC(C)CCCCCCCCC1CCCCCCNC(CC2CNC3NC3C2)CNC1,0.267,434.76,5.189,4,4
CC.CCCCN1CC2(C)CC12.CCCCNCC1C(O)C1C1CCCCCCC2C3CCCC(NCC1)C23,0.267,545.94,7.255,3,4
CC(C)C(CC1CCC(O)O1)C1(C2CC(C)N(CCC3CC3CF)CCC2C)C(C)C1N1CC2CCCCC2CCCC1C,0.2668,616.99,8.564,1,4
C.CCCCCCC1CC1CC1C(C)NC2CCC(CCCCCC3CC4CC4C4CC34)NC21,0.2667,470.83,7.959,2,2
CC(CCCCCCCNC1CCCCC1C)CC1CCCCC1O.CCCCCC,0.2664,437.8,8.659,2,2
CC.CCCCC(C(CC)CC)C1CC(CCCCCC2CC2C)C(O)O1.CO.N,0.2659,431.75,7.356,3,4
CCC(CNCC1CCCC2CCCCCCCC2N1)NC1CCC2CC(NN(C)N)CC21,0.2658,462.77,3.683,5,6
CCCCOC(CS)CNCCC1CCCC2NCCCCCN(CCC3CC3)CCCN12,0.2658,482.82,4.528,3,6
C.CCS1(O)NC1CCCCN1C2CCCCCC3C(CC4C5C6CC65C45CCC35)C3C2C2CCC3C21C,0.2657,540.9,7.912,2,3
CCC1C2C3C(CCNS(O)(O)CCCCCN(C)C4NCNC5NCCC54)C123,0.2656,427.66,2.048,6,7
CCC1CCC(C23CCC4C5CC4(CCN5C(CC)CCCO)C2C3)O1.CCCC1OC1CCC1CC2CC3(O)OC123,0.2654,585.87,6.207,2,6
C.CCCCCCCCCCCCCCCCC1CCCC2C1C2(O)CC,0.2654,380.7,8.681,1,1
CCCCCCCC1NC(NC2C3CCC45CC6(C)SS64C325)C2C(O)NCCC12,0.2653,437.72,3.648,4,5
CCC1C(CNCCCCCCCCCCCC2CC2C)C2CCC3C(C12)C1C2CC321,0.265,425.75,7.697,1,1
CCCCCCCNCCC1CCC1CCCC1CNNCNCCC1CC(C)C,0.2648,422.75,5.457,4,4
C.CCC(CCCCC(C)C)CC(O)CNC(C)CCC1CC2NCCOCNC2N1,0.2647,442.73,3.598,5,6
CCCCCCCCCCCC1CCCCC1CCC1CCCC1C(C)C,0.2646,376.71,9.566,0,0
CCCCCNC12CNC3(CC(C)(CCC(O)CCCCCC4CC5CC(C)CC45)N3)C1C2,0.2645,459.76,5.35,4,4
CCCCCC1CCCC2CC2C(CC2CCC(CCN3CCC4(CC3)C3OC34C)CCN2)CC1C,0.2644,498.84,7.437,1,3
C.CCC1CC1CCC1CC(CCCCC2CCC2C23CC2C2CCCCC23)C23CC(CC(N2)N3)C1CC,0.2643,522.91,9.149,2,2
CCCC1C(CCCCCCCCCC(O)CC)CCCCCCC2CC2CCC2CC23CC13,0.2643,472.84,10.097,1,1
CC1(CCC2CC(N)C3CCNC4CCCCCCCC4CC23)CC(C(O)CO)CCC1CCCCN,0.2637,519.86,5.364,5,5
C.NCCCCNCC1CC2(CCC3C(CC4CC5C67CC8C9C%10CCCCCC8(C%109)C56C47)N4CC34)CC12,0.2637,517.85,5.929,2,3
C.CCCCCCCCCCCCC1C(CCCC)C2CCCCCCC12,0.2636,378.73,9.956,0,0
CCCCC1COC2(CCCC3C4CNCN5NC45C3CN3CC4NC(O)C(CCCC5(C)CO5)CC43)CC12,0.2636,543.8,2.631,4,8
CCCCCCCC1C(CCNCCO)C2C1C1C3CC(CCNC4CCCCC4)C1(C)C32,0.2632,458.78,6.012,3,3
C.CCCCCCCCCCCCCC1CC23NC4CCC2CCCCC4C3C2CC2CCCC1C,0.2632,499.91,10.713,1,1
CC(C)C(CCCCC(C)C1CCCC2C3CC4(C)CCCC24C3C1C)C1CCN2CC2C1,0.2631,453.8,8.428,0,1
C.CCCCC1CC1(NCNCC1C2CC(C(C)C)C3CC(C)C1C32)C(O)CC.N,0.263,423.73,5.451,4,4
CCC(O)NC1CC(CC2C3NCNC3NC3CC4C5CCCC6CCOOCOCCC65C4N32)CCC1C,0.2626,547.79,2.465,5,9
OC(NC1CCC(OC(F)(F)Cl)CC1)C1CC(NCCC2CC3CC23)CC(C2CCCNC2)C1,0.2622,504.11,4.432,4,5
C.CCCCCC1CCCNCCC2CCCCC2CCC1C1CC1CCCCCCC1CCC1C,0.2621,501.93,10.818,1,1
CCC(O)NCCC1CN2NNCCCC3OC4CCCCC4C3CCCCC(CNCN)CC2CC1C,0.262,536.85,3.47,6,8
C.CCCC(CCCCC1NC1(O)CC)CCCC1CCCNCNCN1,0.262,384.65,3.686,5,5
CNCCN1C2C(C)CC13C1CCCC4CCC5CCC6[SH]7CC7C7C8CC8C78C57C(CCC5C(CNCCC45)CC3C21)C687,0.2616,616.02,6.181,3,3
CC(C)(C)CN(O)N1C2CC3C4C(CCCCCC5N6CC7CCCCC756)C34C21.CCCNC,0.2614,472.76,5.151,2,5
CC(C)CCN1C2NCNC(N)C23C1C31C2CCC(NC(O)NC3CC(C(C)(C)C)ON3)CC21,0.2612,477.7,0.384,7,9
CCCCCCCCCNNC1C(C2CNCCCC2CCC)C23C4CC56C(C5C12C4)C63,0.2612,439.73,5.518,3,3
C.CCCCCC1CCC(CC2CCNCCC3C(CC4CCC(CC5CC5OCC)CC4)C3C2)CC1,0.2611,515.91,9.663,1,2
CCCCCC1NC(CC)NC2CC3CC1C1C(C2)C3C(CCC)C2NC3C4CC5C6CC7C8CCCC8C7C(C6)C4C53C21,0.2609,599.99,7.852,3,3
C.CCCCCCCCCC1CCCC2CCCCC2CCCCCCCC1CCCOC,0.2608,464.86,11.143,0,1
CCC(O)N(C)CCCCNNC1(C2CCCCC2)C2C13CCC14OC5CCCC(C)C51C243,0.2607,457.7,4.208,3,5
CCCC1CC(C)CCCC2NCC3(C1)C(NC(O)C1CCCCCCNCCCC1CC)NNC3C2C,0.2607,533.89,5.284,6,6
C.CCCC1C(CCCCNNC(O)CC)C2C(C)C3CNC2N2C3CCC12,0.2602,394.65,3.306,4,5
CCC(CCCCC1CC1)C(CCC(CNC)C1CCCCC1)CC1CCC(N)CC1,0.2601,432.78,7.703,2,2
C.CCCC1CC12C1CCC2C2CC3C(CCCC45CC4C5C4CC4)C(CCC)C34CN4CCCC2CC2CC2C1C.CCO,0.2596,620.06,10.479,1,2
C.CCCCCCCCC1CC2CNCC34C2C1N3C41CCCCCC(C2CCCCC2)CCO1.N,0.2594,503.86,8.091,2,4
C.CC1CCCCCCC2C(CCC1)N2N1CCC(C2C(CCCNC3CC3C)C23CCC3)CCCCN1,0.2592,528.91,7.942,2,4
C.CCCCNC1CCC(CNCCC2CCCCCCCN2)C(NC2CCC(O)CC2)N1,0.2592,467.79,3.849,6,6
CCC(O)N1CCCC(NC2C3C(Cl)NCC3NCNC3CC4CC(C)(O)CC4N32)C1,0.2591,457.06,-0.04,6,8
CCCOC1CCCCC2(C(C)C3CCC4(C)CC4CCC3CCC)CC(O)(NC1)C2CCCOCC,0.2591,519.86,7.726,2,4
CC.CCCCC1CCCCC1CCCC1C2CCC(CCC3CNCCCCC3CCS)C12,0.2589,491.91,9.558,2,2
C.CCC(O)NC1CCC2CCC(N(O)C(N)C(C(N)O)C3C4CCC5CC543)C1C2,0.2589,424.63,1.803,6,7
CC(CCC1NC2CCC1CC2)N1C(O)NC2C(C3NCCCC3NC(O)O)C3C4CCC3C1C42,0.2588,489.71,0.484,7,8
CCC1CC2C(CNNCCC3CCCNNNN3CC)C2(C)C1C12CC1(F)CC2CF,0.2585,454.65,2.855,5,6
CCCCNCNC(NC1CCC(O)CC1)C(CN)C1CC2C3C4CCCC42N3C1,0.2583,419.66,1.59,5,6
CCCCCCNCCC1CNCCC23C(C)C(OC4(O)OC4C)NC2C3C1,0.258,395.59,2.178,4,6
CCC(O)N(CC)CCCCC1(C)CCCC(O)CC2NCCCN3CC3CCC2CN1,0.2579,452.73,2.933,4,6
CC.CC.CCCCCCCCCCC1C(C)C2CC2N2CCN(C(C)CCCF)CC12,0.2579,454.8,8.348,0,2
C.CCCC.CCCC(O)CCS(O)(O)CCCC1CC2CNNC(CCN)N2N1C,0.2578,467.77,3.583,6,8
C.CCC1CCNCCC2CC3C(NC2CCC1CCCCCCN1CC1C)C1CCCCCC2CC213,0.2578,513.9,7.646,2,3
CCCC(C)C(CC)CCCC1CC1C1C2CCC(C(CCC3CCCO3)C3CNCCC3C)CC21,0.2578,499.87,8.739,1,2
CCC1CC1CCN1C(C2CCC2CCCCC2CC23NCC24C5CC56C2C346)C12C1C3CCCOC(C3)C12.F.F,0.2578,554.81,6.18,1,3
CCC1CC2CC2C1N(CNC(C)C(C(N)O)C(N)C1CCCCCC1)C(O)CC,0.2577,424.67,2.578,5,6
C.CCC(O)NC12CNC(C(C)CCCC3CC4CCC5CN5CCCC4N3C(C)F)CC1C2,0.2577,480.76,4.5,3,5
C.CCC1(CCSC2(C)OC23CC3C)CC1NCNC1C2CCCC2C1CCC1CCN2CC2C1,0.2576,503.84,5.865,2,5
CCOC(O)CN1CC(CCNCCCC2CCCNCCC3C(N)C23)C1C.N,0.2575,413.65,1.547,5,7
CCC(O)NCCN(C)C1NCC2CCC(CC3CCCCCC3)C2CC2NC2CC1C,0.2574,448.74,3.925,4,5
C.CCCCCC(CCCCCCN)C1CNCCCNOCN1NC(C)C1CCCCC1,0.2572,469.8,5.344,4,6
CC.CCCCCCCCCCCCCC1CC2C3(CCC4CCC5CC5CC5CC5C423)C1,0.2571,454.83,10.592,0,0
CCCCNC1C(CN(C)CCCCCS(O)(O)NC)C2NC12,0.2571,348.56,1.702,5,6
CC1CC(NC2NCNC(C3CC(C)C4C(CNC(C56CC5C6)NCC(O)NC4C)C3)N2)CN1,0.2566,476.71,-0.82,9,9
C.CCCCCCC(CC1CC2CCC3CC(CC)CC3CC3CC3CCCCC3CNC32C1)C(CC)CC,0.2564,541.99,11.453,1,1
CNCCCC(CCC1OC(NCCCCCCC2CCCCCCC2C)CC1C)OC,0.2563,452.77,6.679,2,4
C.C.CCCCCCCCC1CC2CCC3CC45CCCC(CCC)CCC46C(CCC34CCC4C2C1C)C56,0.256,538.99,12.501,0,0
CCCC1C2CCC3CCCC(C4CCCCCCC4)C31C2CCCCCCCCC(C)C,0.256,456.84,10.982,0,0
CCNN(O)C1CN(C2CCCCC2CN)NC1NC1CCC(C2CC2C2CC2CC(C)CC)CC1,0.2559,504.81,4.091,5,7
C.CCC(CC)C(CCCCN)C(O)CCNCCCCC1CNC2OCCCCN2C1.O,0.2556,474.78,3.106,4,6
CCCC1C2CNC1C2C1C(CNCCCCNC(O)CC)C1C1CC2C1C1C2C2C3C1C23,0.2556,453.72,3.174,4,4
CC.CF.CN1C(C2CC2C[SH]2OC2NCCCC23CC2C3)N2CNC3NCCC3C12,0.2555,457.7,2.64,4,6
CCC1OC12C1(CC(C)C(C)[SH](C)OC)C3(CCNCCO)C4(C5C(C)C46CC56C)C213,0.2553,449.7,3.775,3,4
CCC(F)CCCCCCC1C(CCN)C1CC1CCCCC1NN,0.2548,355.59,4.698,3,3
CCCCCCCCCC1CCCCC1CC1C(O)NC2CCC(CC(F)(F)F)CC2C1NC,0.2548,488.72,7.187,3,3
C.CC.COCCCNCCCNC1CC(CN)C2NCC(C3CNN(C)C3)NC2C1,0.2548,443.73,0.357,6,8
CCCCCCCC(O)C(C)CCCCC1C2CCCCC2C2C(C3CCCC(C)C3)CNCC12,0.2548,487.86,8.619,2,2
C.CCCCCCC(CCCCC)CCCC1C2CSC(C)CN12,0.2547,355.68,7.148,0,2
C.CCCCCCCCCCCC12CC(NC3CCCC4(CCCCC4)C3)CC1C2CCC,0.2546,459.85,10.221,1,1
CC1CCCC2CCNCCC3CCC4(O)C3C4C23CC3CCC2(C1)CC2CCCCCCC1C(C)CC(C2CC2C)C2C1C21CCC1,0.2546,658.11,11.061,2,2
C.CCCCCCCCCCC12CN1CC21CC2(CCC3CC3CCCCC3CC3C2)C1,0.2546,441.79,9.004,0,1
CCC1CCC1NC1NC2(CCC(N)NO2)N(N)C1N1C2CC3C(C4CCCCN4)C3C21,0.2546,446.64,-0.09,6,9
CC.CCCCCCCCNCCCC1CC1C12C(CCC3C4C(O)C4C31)CNC2CC(C)O,0.2545,476.79,5.371,4,4
CC.CC1(O)CN1CCCCCCCC1CCCCCCCCCCCCCCCC2CC2CCCC1,0.2544,519.94,11.055,1,2
C.CCCCCCCNCCCC(O)CCCCC1CCCCC23CC2C3CCC1C,0.2544,435.78,8.127,2,2
C.CC(NC1CCCCC1)N(C)CC(C)(CCN)N1CC(C(N)O)C(NC2CCCCC2)N1,0.2543,469.76,1.892,6,8
CCC(C)CCCC1CCCCC2C(C1C)C1CCC(C(CC)CCCOC3CCCCC3)CN21,0.2542,487.86,9.264,0,2
C.CCCCCCCC1CCC2(CC)C(CCCCCC2C2CC23OC3CCC)C1,0.2541,418.75,9.334,0,1
CNC(O)NCCCC1C(C(C)CC2C3CC4CCCCCC4C2C3)C2CCCC23CC13.N,0.2539,459.76,5.945,4,4
C.CCCCCCCNCCCCCCCCCCCC(C)C,0.2538,327.64,7.74,1,1
C.CCCCCCCCCOCCC1C(O)C2CCCC3N4C5CCCC(C5)C34C3C(C)C1NCC23,0.2532,502.83,6.406,2,4
CCC(CCC(C)C1CC1(C)CCCCCCN(C)C)C1CCC2CC2CCCC2NCNCCC21,0.2531,501.89,7.709,2,3
CCC1C(CCNCCCCCCCCN2CC2)CN2C3CCCCCCN(C)C(C)CCC3C12,0.2529,488.85,6.012,1,4
CN(O)C1(O)CNC2C3CCCC4N5C6C7OC6(N6CCC8CC(C9CC9)CC(F)C8C6O)CNC75C24C32CC12,0.2529,557.71,0.65,5,9
CCC(O)N(C)CC(C)CNCNCCCCCNCC1CCCC1,0.2526,356.6,2.37,4,5
CCC1C(CC2CC2CC2C3C4C5CCCC4C5C23S)C2C(NC3CC45CN(C)CC4N5N3)C(O)CNC12,0.2526,539.83,2.159,5,7
CCC1CCC(CCCCCC2C(CC34CC3NCN4)C3CC3CC(C)(C)C2C)CC1C(C)N.N,0.2526,488.85,6.875,4,4
C.CCN(CCCCCC(C)N)NCC1C2C3NC(C)CCC3C(C3CNCCN3)C12,0.2524,436.73,2.167,5,6
CCC(O)NC1CC2CNCCCC34CN3P3C(CCCCNC2CO1)C4C3CC1CC2CC2(C)C1,0.252,518.73,3.837,4,6
C.CC(C)CCCCCCCN1C2C(C)C(CC3CCCCCCCCCCC3)C21,0.2517,419.78,9.249,0,1
CCCC1CN1CC1CC(C(O)CC2CCC(CC3CCCCC3)CC2)CCNCCC1CCC1CC1C,0.2515,528.91,8.057,2,3
C.CCC(C)CCCCCCCCCNCCCC1CC2CC2CCCCCC1(C)O,0.2515,437.8,8.517,2,2
CCCCCCCCCCC1NCCCCCCCCCCCCCC1C(O)CCCOC,0.2513,467.82,8.574,2,3
C.CCC(F)OCCCCNNC.CCNN(CC)C1CCCCCCNN1,0.251,408.65,3.066,5,7
C.CC.CC(CCO)NCCCCCCC12CCNCCCCC3CC4CCC3OCC4CCN1O2,0.251,511.84,5.888,3,6
CNCC1C2C(CCCNCCCCC3CN3)C(C)(CC3C(C)CC4C5CCNCC354)C12C,0.2509,456.76,3.878,4,4
CCC12C(CCCOC(C)O)C1C2CCCN1NC23C(CCCCC4CC(O)C4C)C2CC13,0.2508,460.7,4.329,3,5
CC12CC1C1C3CC4CCCC3C41CCC(O)NCCC2C(O)NC1CNC(NC2CCCC(N)C2)NC1,0.2508,530.8,1.386,8,8
CCNCCC1CCCCC1CCCCCCC12CCNCC3C4C(CCCC1C32)CC1CC2CCCC(C2)C14,0.2505,550.96,9.237,2,2
CCC(F)CC(C)CNNC(C)C(C)N.NCCCC1CCC(C2CCCC(N)C2)CN1,0.2504,458.76,3.202,6,6
CC.CCCCCNCCC1CCC2C(C1)C1CC2C(C2CN3C(CCNC)CC4C2CN43)C(CCCC)O1,0.2499,544.91,6.338,2,5
CCCCCCCCCCCC1CC2CCCCCC3C(C2C1)C12C3C(OC)C1N2C,0.2495,429.73,7.457,0,2
CC(C)CCCC1CCC2CC(CCCC3NC4CC5C6CCC6C5C34)C2C1.CCCCCCCC,0.2495,497.9,10.035,1,1
CC1CC1(N)CCC(O)CCCCCCCC1NC2C(CCC3CNC4C5CCCC5C4C3)CC12,0.2495,485.8,5.376,4,4
CCOCCC(C)C1NCC(C(O)NC2CCC(OC(F)(F)F)CC2)CC1C1CCNN1,0.2494,466.59,2.266,5,7
C.CC.CCCCNCCCCCC1C2N3C(NCCCC(C)C)CCC123.N,0.2494,398.72,5.959,3,4
CCCC1CC1CCCCN(CCC)CCCCNC1CC(C)C23NOCCCCC4C56CC5C6C42C13,0.2492,511.84,6.409,2,4
CCCC1C(OCCCCCCCNC)CC2C3NCCC4(CC(CCC5C6CC7CC7C56)C4C)C3C12,0.2491,510.85,6.91,2,3
CC.CCC(CCCC(CC)NN1OC1CC)CC1C(C(N)O)CN2CC(C(C)F)C(C)CC12,0.2491,486.76,5.073,3,6
CCCCCCNCCCCC1CCCC1CCCCCCCNCC,0.2487,366.68,6.693,2,2
C.CCCCCCC1C2C3C4CCC5OC6CCCCCC6CC53C4N2N1CCCCNC(O)CC,0.2486,503.82,6.107,2,5
CC.CC1CCC2(CC1C)CN2C(O)C1CCC2CNNC(CC3NCC3CCCCCO)C2C1,0.2483,492.79,3.881,5,6
CCCCCCCCCCCC1CC2C3CC4(C)C(CC)CCCCCCCCCCCCC34CN2C1,0.2482,513.94,11.345,0,1
CCC(O)NC1CCCC(NC(N)C2CCNC2NC2CCC(CC3CC4CC4C3)CN2)C1,0.2482,462.73,1.777,7,7
CCCCCC1C(CCCC(CC)C2CCC(OC3CCCCC3)CC2)NNCN1C(O)CC,0.2481,479.79,6.504,3,5
CCCCCC1CC12OC2OC(C)CCCC1NC2CC(CC(F)(F)F)CCC2CC1O.CCN,0.2481,506.69,5.682,3,5
CCC(O)N1CCCC(NC(O)C2SC3NCCC4C3C2NC(O)N4C2CCC(CC3CCCCC3)CC2)C1,0.248,565.87,2.586,6,9
CCCCC1(CCNC2C3CC4C(CC3CCCNC(O)CC)N42)CC2C(C)C21,0.2476,403.66,3.945,3,4
CCC(O)NCCCCCCCCCCCC(C)C.CCNCN,0.2475,345.62,4.374,4,4
CCCCC1C2OC12CCCC1C(C)C1C1C(CCCCC2CC2C)C1C1CCNN2CC12,0.247,454.74,6.284,1,3
CC(CCCCCCC(Cl)CCl)C1C23C4CCCCCCCC2C41C3NC1(C)CC1,0.2469,454.57,7.927,1,1
C.CC.CCC(O)NCCCCNC1NCNC(N)C1C1CCCOC2CCC2C1,0.2468,429.69,2.309,6,7
C.C.C.CCCCCCC1CC1(O)CCCC1CCC12C1CCCCCCCCC(C)CCC12CCCC,0.2467,535.0,12.54,1,1
CC.CN1CC1CCN1C(F)CC(NC2NCC3CCN(C4CCCC5CS(C)(O)C6(C)CC6C54)C3N2)C1N,0.2464,569.88,2.57,5,8
CCC(CC1CCCCC1)C1CCCCC(CC)C(C2CC(NC3CCC(N4CCN(C5COC5)CC4C)CC3)C(O)N(C)C2)CCC1,0.2464,671.11,7.93,2,6
CCN1CC(NC2CC(C3CCNC(N4CCN5C6CC(C)(C)CC6CC5C4O)C3CO)CN(C)C2O)NN1C,0.246,564.82,-0.715,6,11
CC.CCC(O)N1CCC(C)CCNCCCCCCC2CC2CCC2CCCC(CNNN)CC21,0.246,509.87,5.572,5,6
CCCC1NN1CNCCC1NC2CC(CC3CC4CCCCC4C3)CCC2C1C1CCC2CC2C1,0.2458,496.83,6.286,3,4
CC.CNC(O)C1C2CCCCC(CCC(CC3NC3C)CC3C4CCCCCC43)C1CCC2,0.2458,474.82,7.136,3,3
CCCCCCNC1OC1CN(C1CC(OC)CC(OC)C1)C1CCC2NCC(C3CCN(C)C3)NC2C1,0.2456,535.82,2.569,3,8
CCC1C2CCCCCNCCCCC(C)C1CCC(CCCCNCO)CC(C)CCCOCC2,0.2454,508.88,7.548,3,4
CCC(O)N(CC)CCC1CNNC23C4C(O)C(CCC5CCCCCC5C)CC42C32CNCCC12,0.2454,502.79,3.493,5,6
CCCCCCOC1CCCC(C)C(CC2CCCCC3C4CC(C)C4CCC4CCC3C2C4CO)C1,0.2452,514.88,9.292,1,2
C.CC(C)C1CC2CC2CC(CCC(C)C(O)CCCCCCF)NC2CCCCC2CCCCCC2CC21C,0.245,563.97,10.515,2,2
CCCCCCCCC1CC1CCCCC(C)C1C2C3C(CC4CC4C12C)CC1CC12CC32,0.245,450.8,9.524,0,0
C.CCC(O)NCCCCCCN1CCN(C)C2C(C(N)O)C3CCCC4OCCCCCCC4CC3C21,0.245,538.86,4.164,4,7
CCC(O)N1CCCC(N2C3CC(N)NC(CCCCCCCCCCCN)N32)C1C,0.2447,438.71,2.89,4,7
CCC(O)NCC1CC(C2CC3C2C(CCCCC2CC4CCCCC4C2)CC2NN23)C1,0.2443,443.72,5.278,3,4
CCNC1C2CCCC34NC5CC(C6CCC7NCCCC76)COC53C4C2CC12CN2CCNCF,0.244,501.74,2.249,4,6
C.CCCCCCCCC1CC1CCCC1CCCCC1CCCC1CC1C,0.2439,390.74,9.812,0,0
C.CC(O)CCCCCCCCCC1CC23C1CN2CNC3C1CCC2CS3(O)NC2C1CC3(C)N,0.2438,524.86,5.019,5,6
CCCCCCCCCCCNCNCCCCCCNC,0.2437,313.57,4.434,3,3
CCCC(O)NCC(C)CC(C)N1NC(C2CCC(OC3CCCCC3)CC2)C2C(N)NCNC21,0.2435,494.77,2.584,6,8
CCCC1C(CCCC(C)C2(C)CCC(C3CN(CCC(C)O)C4C5CCC6CNCCC6C5C34)CC2)CC1C1CC1,0.2433,580.99,8.405,2,3
C.CCC(O)NC1C2CCCC1N2C1OC12SC1NCCC3C1C2NC(O)N3C1CCC2(OC34CC3C24)C2CC12,0.2432,573.8,1.155,5,10
C.CNC1C2CNC(C(C)CNC(C)CCCCC3(O)CCC4C(CC5(CCCCC5)N3)C3C4C4CC43C)C21,0.2429,542.9,5.286,5,5
CC.CCCCNC1CCC(C2ON2C2C3CC4C(C)(C5CC5C)CC25CC45C3C)C(NC2CCCOCC2)C1,0.2429,555.89,6.769,2,5
C.CC1CCC2CC1C1CCCCCC1CCCC13C(C2)N1CC1C2CC[SH]4OC21C3CC1CCCCC14,0.2429,541.93,8.782,1,2
C.CCCCCCCCCC1CC2CCCCC3CC(C4CC34)C3CC3C2C1CC1CC1CCC,0.2425,482.88,10.94,0,0
NC1NC(O)C(C2C3CCCC4(NCNC5NCCC54)C32)NCCN1CCCCCCC1CCC2CC12,0.2424,515.79,1.278,7,8
CCC(C1CS(O)(C(CC)NCCC(C)O)O1)N(C)CC1CCNC1NCN,0.2424,421.65,0.826,6,8
CCCC(O)NCCC12CCC(CCNCC)C1NCCC21CCNC1C.CN,0.2424,411.68,1.786,6,6
CCCCCCC1CC2CC2CCC1CCCCCCCC1C(CC)C2C1CC21CC1,0.2423,426.77,9.812,0,0
C.NC(CC1NCN2C3CC(N4CCC5C6C7CC5(C7)C64)CCCOCC3CCC12)CC1OC1CCCCC1CC2CCC12,0.2422,608.96,5.782,2,6
C.COCCCC1CNC1COCC1CC2C3CCCC2C13NOCCC12C(C)C1CN1CC12,0.2422,475.72,3.32,2,6
C.CCC1CNCCCC1CCCC1C2C(CCC2CC23C4C2C43)CC(C)C1(CCN)CCCC(C)O,0.2422,514.88,7.269,3,3
C.CCCCCCCCCCC1CCCCCCCC1CCCCCC(C)C,0.2421,394.77,10.736,0,0
C.C1CCCCNCCC1.CCCC(O)N1CCC(CCNCCC2CCC(OC3CCCCC3)CC2)C1,0.242,537.92,7.271,3,5
CCC(O)CC1CC(C)C(C2CCC(CC(C)CNCCCCC3CC4C5CCC(O)CC354)NC2)C1,0.2418,502.83,5.761,4,4
CCC(O)NCCCC1C(CC2C3(CCC(C)CCCCCCOC3)C23C2NC23)C1(C)CC,0.2418,460.75,5.491,3,4
CCCCNC1CCCCC1CCCCCC1CCC2C(C3CCC3C3CCC4(F)CC34)CC(CC)C12,0.2416,513.87,9.738,1,1
CCCC12C3CC45C(COCCC3C13CC23NC(C)CCNCCCNC(O)CC)CC4C5C,0.2413,473.75,3.91,4,5
C.CNCCCCCCCC1CCCNCCCCCCCC2CC23C2C(C1)C1C(C)CCC1NC1OC123.O,0.2408,547.91,6.453,3,4
C.CCCCCCC1CCC2CCCCCC2C1CCCCCC12CC(C)CCCC(CC)C1C2,0.2405,486.91,12.009,0,0
CCCCC(CCC)CCC(CC)CC1C(CC2CC2)C2CCCC(CCCC)N21.O,0.2405,435.78,8.177,0,1
CCCCNC(CC1CC2C3CC4NC4C2CC2C1CCN(C3)C2CC1CC(O)CCC2CC23CC2OC2C3C1)C1CC1,0.2405,591.93,5.603,3,5
CC(C)CCCCNNCO.CCCC1CCC23C(C1)NNN1C2CCC13,0.2403,381.61,2.668,5,6
CCC(O)NCC(C)CCC12NN1C2C1CC(CCC2NC3(F)CC23)C(C)(C)C1,0.2403,408.61,3.11,4,5
CCC(O)CCCCCC(O)CCN(CCN)CCCC1CCC2(C1C)C1C3CC4CC4C312.CN,0.2402,491.81,4.393,4,5
CCCC(C)C(C)C1(N)CNC(NC2CCN(C)C2)N1.CCCCCC1OC1CCC(C)(C)C,0.2402,481.81,4.644,4,6
CCC1CCCCC1CCC(C)CCCCCCCCC1CCC1CCCCN,0.2401,405.76,8.895,1,1
C.CCC1CCC2CCN3C(CCCCC(C4CNCC(NC(C)CCC(C)C5CCC6CC7CC5C67)C4)C1)CC1CNCC1CC21CC31,0.2399,677.16,9.143,3,4
CCCCCC(CC(CCC)CC1NC2C(CC2N(C)NC)NC1C)C1COCCCC2CCC21,0.2397,490.82,5.358,3,5
CC1CCCCC1.CCCC1C(CC2CC(NCC(CC)NC3CCCCC3)N2)CN1CCC(C)(F)F,0.2396,526.85,7.087,3,4
C.CC(CNCNC1CCC(CNCCCCO)C1)C1SC2CC21.CCCCC,0.2396,429.76,4.627,4,5
C.C.CP1CC1(O)NCCCC1C2C3CC4CCC5CCCCC5C4C4CCCC43N12,0.2394,448.68,5.858,2,3
CC.CCCCOCC12CCCC(C3CCNCNC4(CC5C(CN4)C46CCN7C8CCCC74C586)C3CC)C1(C(C)C)O2,0.2394,596.95,5.909,3,6
CCC(CN)CC12CC(CCC1C(N)CNC)N2NCCC1CC(C)C2OC2C1CN(C)CCC(C)(C)C,0.2392,534.88,3.434,4,7
CCCCCCCC1C(CCCC2CC2CCC2CC2C)C2C1CC1CC1C1C2CC23CC2C13,0.2391,462.81,9.38,0,0
C.CC(CCCCCCC1CCC2CC(C3CCCCC3)N1C2)CC1CCCCCC1C,0.2388,445.82,9.639,0,1
C.CCCC(C)N1NC2N3CN3C2(CN2CC3C(C2)C32CC3CC3[SH]2N)N1.CCCC(O)CCC,0.2387,511.83,2.577,5,8
CC1CC(OC2CCCCC2)NCC1N1C2CCNC3C2C2NC1(O)C1CCNC(O)C2[SH]3CN1,0.2384,510.75,-0.492,8,9
C.CCCC1CCNC1CCCCCCCNC.CCF.CCNCCCC1CC1C,0.2382,445.8,6.969,3,3
CC.CCCCCCCCCCCC1CCCCC1CCCCCCC,0.2382,366.72,10.1,0,0
CCCC1CCC(CCC2CCCC2)CC1.NC(O)CCCCCC1CCCC2CCCC12,0.238,461.82,8.994,2,2
CCCC(CCCCCCC1CCCC2C3CC3C2(N)C1CCC12CC1C2CC)C(C)C(C)C,0.2375,469.84,9.241,1,1
CCCCCOC1CCCC2CC3CCCC4OC4CC3C2C(CC2CCCC3C4CCCC2C34)CCC1C,0.2375,538.9,9.841,0,2
C.CC1CC1CNC1CCC2CCC3C(C2CN1CCCCC1(C)CCCCCC1)C1C2CCCC2C31.CCC,0.2371,554.99,10.172,1,2
CCNCCCCCCC1CCCC(CCCC23C(CC)CCCCCCCC45CC4C54CCC2CC34)C1,0.2367,523.93,10.716,1,1
CCC(O)NCCC(N)(CC)CCCCCCC1CN2CC3C45CCC(C4C4CCC6CC64)C5C132,0.2363,483.79,5.145,3,4
CCCC(C)C12CC1C2CCCCCC1OC1(O)CC.CCCC(CC)C1CC1,0.2363,406.7,7.729,1,2
CC1C(CC2C(C)C2C2NC34C(NC3C3(COCC3CCI)C4C)N3C(C)CC23)CC1SCO,0.236,601.64,3.545,3,6
CC(O)CCCC1NC1C1CC1C.CC12C(CNN)NCN1CC1CCC3CC3N12,0.236,420.65,0.798,5,7
CCC1CC(C2C3CC4CC(CN(C)C(O)CC)CCC2C(C3)NC(CCC2CC2C)CCC4C)CC23OC2C13,0.2357,554.9,7.102,2,4
CCC(O)N(C)CCCCNC1NC23NC24CC(CC14C)C1C(C2C4CC4N4CC124)C(C)C31CC1C,0.2355,495.76,2.395,4,6
CN(C)CCCCCC1C2CCCC1C2CC1CCCC1CCC1CCCC2CCCC2C1CCCN,0.2353,512.91,8.929,1,2
COC1CCC(C(O)NC2CCCN(C3CCC(C(N)O)C(CC4CCC(C5CCN(C6CC67CC7)CC5)CC4)N3)C2)CC1,0.2351,615.95,3.996,5,8
CCC(C)CCCCC1OC1N1CCC(NC(O)CC)CCC12C(C)C1CC3CCC4CC34C12,0.2349,472.76,5.931,2,4
CCCC1CC1CCCC1C(CCCCCCCCCC2CCC2CC)C2CC12.N,0.2348,417.77,9.584,1,1
CC.CCNC(N)C1CC(C(F)COC)C1C12NCC(C(C)C3CO3)C1CC2CCC1CC1CCF,0.2348,513.76,4.549,3,5
C.CCC(C)NCCCCCNC(CC)NC1CC23CC4CCC4C2OCC2CC2CC2C1CC23,0.2346,487.82,5.962,3,4
C.CCCCCCC(C(CC)CC)C1C(C)C(C(C)CC)NC2CCC3C(CC21)C1(O)CC(C2CC2C)CCN31,0.2344,558.98,9.139,2,3
CCCCNC1NC(NC2CCC(O)CC2)C23C(O)NC(CCC4C5CC(C)C45)CC2N13,0.2343,447.67,1.268,6,7
C.CCCCCCCCCCCCCCCCC1CC1CCC,0.2342,324.64,8.93,0,0
C.CCC.CCOCCCC(N)C1OC12CC13CC14C(C1CC5(CCNC5CCCOC)CC5CNOCCC51)C234,0.234,575.88,5.073,3,7
C.CCCC(O)CCCC12CC3C(CC4CC5CCCCNC5C4CCCC4CCCCCC4CC)C1C32,0.2338,527.92,9.397,2,2
CCCCCC1CC(C)C1CN.CCCCCCCCCC1(C)C2C3OC3(C)C21.Cl,0.2338,442.17,7.77,1,2
CC.CCCCCCCC1CC1(C)CCC1NCC23C(CCC4C5CC6CC6C5C42)C3CCC2C3C2C13CCCC,0.2337,561.98,10.528,1,1
CC.CCCC1(CN2CNC(C3CCC(CCC4CC4C4CCCCCC4)CC3)C2)CC1CCCC1CC1C,0.2337,540.97,10.07,1,2
C.CCCCC(CN)CCC(C)CCCCSC1CC2NC34CC(CC)CC3C2CCC2CC2C14,0.2336,504.91,8.289,2,3
C.CCC(O)N1CCCC(NC(O)C2SC3NCCC4C3C2NC(O)N4C2CC3C(OC4CCCCC4)C3C2C)C1,0.2334,595.9,2.065,6,10
C.CCCCC1CC1C12C(CCCCCCCCCC(C)C)CNCC3CCCCCCCCC1C32,0.2333,501.93,10.818,1,1
C.CCCC(O)N1CCC2C(C1)C13CC(C4NO4)C(NC4CC5C(CCCCC(C)CC)N5C4)NC1C23,0.2329,517.8,3.495,4,7
C.CCCCCCCC1OC1C1CCCCC1C1C2CCC(C3CC(OC)C(C)CC3C)C1C2,0.2327,474.81,8.916,0,2
C.CC(CC1CCCC1CC1CCC(NCNCNCC2(C)CC2)CN1)C1CNN(C)C1,0.2326,450.76,3.126,5,6
CC(CO)CCCNCNCC(C)CC1CC2CCCC1C2CC1CCC2CCCCC21,0.2325,446.76,6.217,3,3
C.CCC(O)NCC1CCC(CCC2C(O)CNC2NC(C)NC2C(C)C2CC(C)C)C1C,0.232,468.77,3.495,6,6
CN1CC(C2CCNC(N3CCN4C5CC(C)(C)CC5CC4C3O)C2CO)CC(CO)(NC2CCCCN2)C1O,0.2319,564.82,-0.266,7,10
CCCCCCC1C(N)C1CC1CCCC(N)CCC2CCCCCCNC3OC3CCCCCC21N,0.2315,518.88,6.371,4,5
CCCCCCCCC1CNC(C(C)CCN(C)C2NCNC3C4C(NC)C(O)CC342)NC1,0.2313,464.74,1.644,6,7
C.CCCCCCC1CCCCCC2C(CCCC3CC34C3CC5CC5C34)C2(CC)C1C1CCC2CC2C1C,0.2312,534.96,11.576,0,0
CCC(CCCCCCC1CCC2C3CCCCCCCCC(C1)C2CCC3)NCCC1CCCCC2(C)CC2C1,0.2312,568.03,12.275,1,1
CCCCCCC(C)CC1CCCC1CC(C)C(O)NC1CCC(OC(F)(F)F)CC1,0.2311,449.64,7.181,2,3
CC(C)(C)OCOC1CCC2(CCNC23NC(CN2CCC(CCC(O)CCC4CC4)CC2)C2C(O)NCCC23)CC1,0.231,590.89,3.953,5,8
CCC.CCCCCCCCCCCCCC1C2CCCC3C4CCC(C5CCC5)CC34CC12.O,0.2308,488.89,10.548,0,0
CCC(CCNCCCCCCC1C2C1(O)NC21CCC2C(C2C(C)(F)F)C1C)CCC(C)C,0.2304,482.74,6.603,3,3
CC1CC(C(C)(O)O)C2CC3CC4C5CCCCCNPCCCCC4C(CCCCC4(CC4C3)C2C1)C5,0.2302,545.83,8.142,3,3
CCC12CC3(CC4CCCC3C4)C3C(CCC4NC4(O)CCCC4CC5CC4C5)C3CCC1CCCNCC2CN(C)C,0.2302,593.99,7.46,3,4
C.CCCCCC.CCCCCC1CN(CC2CCCCCN2)NC1CCCCCC1CC1C,0.2298,479.88,8.733,2,3
CNCC(N)CC(N)COCC1CCOCN1C.N.NC1(O)CC12CCCCCCC(O)S2,0.2297,494.75,0.289,7,11
CCC(O)NC1CCCC(NC2CC(NC3CCC(CCCCOC)CC3)NCC2F)C1,0.2293,456.69,3.196,5,6
CCCCN(CN)CCCCCCCCC1CC2CC2C1CCCC1CC1,0.2291,376.67,6.588,1,2
C.CCC(O)CCCCCCCCCCCCCCCCC1CCCCC1C,0.2286,396.74,9.461,1,1
C.C1CCCC1.C1CNCCC(NCNNNCCC2CNC2)C1,0.228,342.58,1.471,6,6
CCCC(O)N1CC(NCC2CC(C34CC3C(OCCCC(C)C3(F)CC3)C4O)C3C(N)NCCN23)C1,0.2279,523.74,1.01,5,8
C.CCCCCCC1CCCCNC(O)CCC(CCCCCCCCCCC(C)(C)C)CC1,0.2279,481.89,10.425,2,2
CCC1C2CC3CC1C3C2CCNCCCCCCCCNCCCC1CCCCC1C,0.2279,444.79,7.431,2,2
CCCC1CC1CCCC1CCC1C1(CCCC2(C3CC3C3CCCCCCN3)CC2)CNCNC(C)C1,0.2276,525.91,8.043,3,3
C1NCC2NN2N1.CC(C)(CCCC1CCC(C(C)(O)C2C3CCC(C(C)(C)F)C32)CC1)CNC1(C)OC1O,0.2276,553.81,3.613,6,8
C.CC.CCCCCC12CN1C1CCC12.CCNCNCCCCC(O)CC,0.2274,399.71,5.16,3,4
CCC1CC1.CCCCCCCC(CCCC1CC1C)CC(CC)C1CCC2CC2OC1,0.2273,446.8,9.827,0,1
CCCC(C)CCCCNC1CC2CCCCC(O)C21C(C)CC1CC23CC4CC5(CC5)NCC42C3C1CF,0.2272,542.87,7.273,3,3
CC(C)C.CNC1(C)CC1C(CN)N(O)N1CCCC(N2C(O)C(C3CCC4CC5CCCCC5C4C3)C3C(N)NCCC32)C1.F,0.2271,652.0,3.953,6,9
CCCCCC(CC1CC1CCCCCCCC(C)CCC)C(N)O,0.2269,353.64,6.653,2,2
CC.CCC(C)CCCCCC1CC2C3CCCCC3C3C2CC2C3C12NCCC(O)NC,0.2269,460.79,6.604,3,3
CC1CC2C(C1)C21NC1(C)NCNCCNCC1CC1C1(N)CC2CCCC1C2C,0.2266,415.67,2.237,5,5
CC.CCCCCCCCC1N2CCC3NC3C2C2CCCC3(OCC3C3OC4CCC3C(CC)C4)C21CC,0.2265,542.89,7.736,1,4
CC1CCCCC2(C)CNC(O)NC3C(C(O)NC4CCCCCC4)NC4NCCCC43CCC(C1)C2,0.2263,519.82,3.515,7,7
C.CC.CCC(CCOC)CCN1CC2CC2C12CCCC(N)C1C(NC2)C2CCN3C(CCCCCO)C3C21,0.2262,562.93,5.133,3,6
C.C.CC1CC1CCCCC1CC1CCCNCC1C2CC2CCC23CC4CCC2C(C43)C12C(C)NCNC2C,0.2262,553.96,8.103,3,3
C.CCC(O)N(C)CCCCCCCCCCCCC1CCCC2CC2CC1,0.2258,395.72,7.79,1,2
CCC(O)N(C)CCC(C)CCC1NN1CCCC1CCC2CC(C3C(O)C34C3CCC56C7CC7C5C364)C12C,0.2257,537.83,5.085,3,5
CC.CC1CC1CCCCCCCCCCCCCC1CCC(C2CCCCC2)CC1,0.2256,432.82,11.127,0,0
CCCCNCNC(NC1CCC(O)CC1)C(CN)C1NCCC2CCCCCC21,0.2255,423.69,2.276,6,6
C.C.C.CC.CCCCCCCCC1CC12CC2CCCC1CCCCC12OC2(O)CC.F,0.2253,474.83,10.078,1,2
CN(C)C1(N)CCN(C2CCC(NC3NCC4CCN(C5CCCC(NS(O)(O)C(C)(C)C)C5)C4N3)CC2)CC1,0.2248,584.92,2.689,7,10
CCC(O)NC1CCC2CCCCCCC(C)C(CCCCCC(CC)C3C4CCCCC43)C2C1,0.2248,487.86,9.109,2,2
CCC(O)N1CCCC(N2NC(C3CCC(OCOC4CCCCCC4)CC3)C3C4NN4CNC32)C1,0.2247,506.74,2.29,4,9
CCCCCCCCCC1CCCC(C)C(N(C)CCCCC2CCC3CC3N2)CC1CCC,0.2245,474.86,8.981,1,2
CCC(O)ON(CCF)C1C2CCC21C(O)CC1NN2C(N)C13CN3C13CCC1CCCC23,0.2244,465.61,0.69,4,8
CCCCCCCCCC1CCC(C(CC)CCNC2CCNCCC(OC)C(O)CC2)CC1,0.2244,480.82,6.848,3,4
CCCCCNC1CCC(CC2CCCC(N)C2)NC1CCC1C(CCCC)C2CCCCCCC21,0.2243,501.89,7.966,3,3
CCCC1CC(C23NC4C(CCCCC2C4CCC(N)O)C3Cl)N1CC1CCCCCC1.CN,0.2241,497.21,4.586,4,5
CCCCNC1NCC(C(O)NC2C3CCCC32)C(NC2CCC(O)CC2)N1,0.224,395.59,0.394,7,7
C.CC1CC2NC2CCCC1CCCCCC1C2CC3C(C4CCCCCCN(C(O)CC(C)(C)C)C4C)C3N12,0.2239,557.95,7.836,2,4
C.CCCCN1CC1C1CCC(OC2CCCCC2)CC1SCC(CC)CCCC1CCCC1,0.2238,493.89,9.113,0,3
CCC(O)NC1CCCC2C(CCCCCCNCC3CC34CCCC3CCOCCC3C4)C2C1,0.2237,488.8,6.272,3,4
CCCCCCCCC1OC12CCCCCCCCCCCCCCCCCCCCCCCC2(C)CC,0.2235,532.98,13.277,0,1
C.CCCC1CCC2CCCCCC12.CCCCCCCCCCNCCC1CO1,0.2235,423.77,8.535,1,2
CCNCC1CCCCCCNCCC1CC(CC)C1CCC(C(N)CCCC2(C)CS2(C)O)N1,0.2235,512.89,5.486,5,5
CCCCCCC(O)N1CCC(N2CC(CCN)(N3CC(C4NCNC5NCCC54)CN3)C2)CC1,0.2231,492.76,0.034,6,9
CC(C)CCCCCCCC1CCC12CCCCCCCN1CC1CCCCCCCCCCCCC2C,0.223,529.98,12.125,0,1
C.CS1(CCCCC2(NCNC3CC4CCCCC4C3CCC3CC3)CC2)CO1,0.2229,424.74,6.184,2,3
CCC.CCC1CNCCCNC(CCCCCCO)C1.CCCC.CCCCC1(C)CC1C1(C)CC1,0.2227,524.96,9.523,3,3
CCCCC1C(CCCCCCC23CCCC2C3CCC)CC2CCCCC2N2CC12,0.2224,427.76,8.613,0,1
CCC(O)CCCCCCCCCC1CCC2CCNC34CC5C(C(CF)CC3C2C1)C5C41CC1C1(C)CC1C,0.2223,555.91,8.957,2,2
CCCCCC(CCCOCC1CC1F)C(C)C1C(C)C1C1CC2C1CCCC1CC3CCCC(C3)C12,0.2222,514.85,9.735,0,1
CCCCCCCCCC1C2CCCCCCC3CCCCC32CCC12CCCC21OC1CCC,0.2217,484.85,10.792,0,1
CC(CC1C2N3CCC4NCCC4C3N12)NNCC(S)C1C(O)CC2CCCCN21,0.2217,436.67,0.179,5,8
CCCCCCCCCC1CC1CCCCCCCC1CCCCC1CC,0.2215,376.71,9.71,0,0
CCC12C3CCC(C4CCCC(CN)C4NNC1N2CCCCCCCCCC(C)C)C3CO,0.2214,476.79,5.04,4,5
CCCCCCN1CC2(CC2CC)N1CCCCC(C)CCCCCOC(O)NC,0.2214,425.7,5.147,2,5
C.C.C.CCC1CCCCN2C(CCCCC3C(CC)C(CCNCCCCC4CCN(C5COC5)CC4C)C13)CC1CC3(CC3)CC12,0.2213,672.18,10.693,1,4
C.CCCCCCC1CC1(C)CC.NCC(CNCNCO)C1C2CCC3CC2NC31,0.2212,438.75,4.063,5,5
C.CCCCNCCC1CCC(CC23CCC4C5C6CCC(C5C6)C42C3)CC2CN2CCC1CCCC,0.2211,510.9,8.552,1,2
C.CC(CCCCCCCCCCC1CCC(C)C1)CCCCCC1CC1,0.2208,378.73,9.956,0,0
CCCCCCCCCC1(CCC2C3CC(CCNC4CCCCCCCC4CC)C23C)CC1,0.2207,471.86,10.078,1,1
CC1CCC(C2C[IH]CC3(C2)C24CC2N2C5C(CC23C4)C2CC2CC52CC(O)CC3CC(C2C)C32C3CCC(C)C2C3)C1,0.2206,697.83,8.243,1,2
CCCCCC1CC1CCCCC1C(CCCCC2CC2(C)C)CC2CC3CCC24C3C14.S,0.2206,472.87,9.781,0,0
CCC(O)NC1CCCCC1NC(O)C1SC2NCCC3C2C1NC(O)N3C1CC2C(CC1C)OC1CCCCC12,0.2204,593.88,1.865,7,10
CCCCCCCCCCCCC(C(C)C)C(CC)C1CCC2CC3CCCCC3C2C1,0.2202,444.83,10.838,0,0
C.COCCC1OCC1CNCCCNC1CCNC(N2CCC(OC3CCC4CC43)NC2)CNCCC1C,0.22,552.85,1.941,5,9
C.CCCCCCCCCNCC1CC2CC(CCNC3CCC4C(C)NCCC34)CC12CC,0.2199,475.85,7.162,3,3
CCCC.CCCCCCCC1CN1CCCC1CCCC23CC4NC5CC6CC6CCC5CC42C3N1,0.2199,511.88,7.685,2,3
CCC1C2CC(F)CCC2N2C1NC1C3OC3C1C2NCCCNCOCCNC,0.2197,425.59,0.619,4,7
CCCCC1(F)CN2C3C4C(CCCCCCCCC21C3CC(C)(C)CCNC(O)CC)C4NC.CCCF,0.2197,555.88,7.396,3,4
C.C.CCCCCCCCCCCCCCCCCCCCC,0.2195,328.67,9.71,0,0
CCCC(C)NC1NCC2C(C3CCC(COC(C)CCC(C)C)CC3)CC(NCCCO)C2N1,0.2194,494.81,4.234,5,6
CCCCC(C)CCC(C)CC(CN)C(O)N1CCCC(N2COC(C3CCC4CC3C3CCCCC3O4)C3C(C)NNCN32)C1,0.2193,647.01,5.048,4,9
C.C.CCCC.CCS1(O)OC1CCCCNCCCCCC1CCCC1N,0.2189,422.76,7.082,3,4
CCCC1CC2C(CCCC1CCCCCCCCCCC(C)(O)O)CC1CCCCC12,0.2185,448.78,8.637,2,2
NOCNCCCC1CCCC1CN(O)CC1C2C3CNC12CCN3,0.2185,353.51,0.261,5,7
C.CCCCCCCCCC1CCC2C(C1)C1OC1(C1CCCCCC1)C2C,0.2181,390.7,8.553,0,1
C.CCCCCCCCCCCCNC1C23CCCCC12C31NC1CC(C)O.N,0.2181,409.7,5.719,4,4
CCCCCCCCCCC1(N)CC1CCCCCCNC1CCCN(C(O)CC)C1,0.2179,437.76,5.968,3,4
CCCC1CC1CCCCCCC1CC1CCCC1CC1CCC(C)C(C)C,0.2177,388.72,9.278,0,0
CCCC(O)N1CCC2CC1C1NC3C4CCC5C6CC7CCCCC7CC6C5C4C3(C(N)NNCN)C1C2,0.2175,540.84,2.946,6,7
CCC(CNC)C1CCCC(NC(O)C2CC3CCCCC3S2)C1C.CCCNC1CCNCC1.CCN,0.2174,555.96,4.712,6,7
CCC(CC1CC(CCC2CCC(C)N(C(O)C(C)C)C2)C2CNCCNC12)C(N)NC1CCCC(C(F)(F)F)C1,0.2173,587.86,5.067,5,6
C.CCCC(O)C(CC(CCCCCCC1CC1CC)C(N)O)NC.N,0.2173,375.64,4.204,5,5
C.CC1CC1CCCCC1CC1SCCCCCCCCC1CCCCCCCCCC1,0.217,464.89,11.222,0,1
CC(C)CC1CC2C(CCCCCCCCC(C)O)N2CCN(C2NCCC3C(C4C5CCNCC54)CC32)C1,0.2168,542.9,5.336,3,5
C.CCC(O)CCCCCCCCC(N)N.CCC1CCC2C(C3CCC4CC43)C2(O)C1,0.2165,452.77,5.977,4,4
CC.CCC1CC12CC2N1CC(NC2CCCC(C(C)(NCCN3CCCNC3NC)C(C)CN)CCN2)C1C,0.2164,562.94,2.711,6,8
CCCC1C(CCCCCCCCCC2CCC3C(C2)C24CC2C34)CC2CCC34CCC5C(O)CC56C3C63CC21C(C)C(O)N43,0.2155,615.99,8.954,2,3
CN1NC1CCC1CCC2C(N1)C1(CCCN)C2N1NCC(N)O,0.2155,339.49,-1.763,6,8
CC1CC1C1CNCN1.CCC(CCCC(O)NC)CC(C)C.C[SH](N)CO,0.2155,422.72,2.369,7,6
CCC1(CC2CCCCN2)CCC(CNCCCCCCCCNC(C)C2CCCCC2)N1,0.2154,462.81,5.908,4,4
CCCC1CC2CC2C1C1C(CC)CCCC2C(C3CCC4CC4CCI4C5C3C43CC253)C2CCC3CC321,0.2154,626.75,9.631,0,0
C.OCCCCNC1C2CC(C(O)NC3CCC(OC(F)(F)F)CC3)CN1C1NCNCC21,0.2153,481.6,1.111,6,8
C.CCCC12C(CCCCC3CC3CNC3CC(OC)CC(OC)C3)C1NC1(CN(C)CO)CC12.Cl,0.2152,530.24,4.441,3,6
CCN(CCCCOCCC1C2NC3(CC13)C2CNNCCCC1CCNC1)C(C)(C)C,0.2147,449.73,2.754,4,6
CCC1CCC1CCNCC1CC(O)CCC1NCCOC(N)CC1CC1CC.N,0.2147,426.69,3.421,5,6
CCC(O)NC1CCC2C(CCC3CC34NC3(NC(CCCCCCC5CC6CC6C5CC)N3)N24)C1,0.2143,499.79,4.41,5,6
CCCCN1CN1C.CCCN(N)C(C)CCCCCNC(C)CC,0.2142,357.63,3.816,2,5
CCCCNC1NCC(C(O)NCC2CCCCC2)C(NC2CCC(O)CC2)N1,0.214,411.64,1.176,7,7
CCC(O)CCCCC1CCCCC2N(CCCCCC3CC3CCCCC3CC3C)CC12C,0.2137,473.83,8.611,1,2
CCCCC1CC2C(CCCCCCC3CCCC4CCCC5CC56C5C7C(CCCC4C3CCC)C756)CC12C,0.2135,546.97,11.865,0,0
C.C.CCCCCCCCCC1CC2CNOC2C2C(CCCC(C)CCOC3CC45CC4C35)CC12,0.2134,503.86,8.813,1,3
CCC(O)NC1CCCCC1CCCNCC(CBr)C(N)O,0.2131,380.37,1.521,5,5
CC.OC(CCCCC1CCCCCCCCC1)NC1CCC(OC(F)(F)Cl)CC1,0.2129,454.09,7.739,2,3
CCCC.CCCCC1CCCCC2C(CC(CC)CN3CC3CNCCC(C)C)CC12,0.2128,448.82,8.162,1,2
C.CC1(O)CC12C[IH]C1C3CC4CCC5C(C6CCC7(C6)N6OS567)C4C3C3(CCC4C(CN)C4C3)CC12,0.2127,640.72,5.912,2,4
CCCC12NCC3(CC3C3CCCC45CC(CCCCNC)C4(C)C35)CN1CC1C3CC(C12)C1(C3)NC1C1CC1CC,0.2127,574.94,6.269,3,4
CC(CCCNCCCCCC1C2C3CN(C)CC3C12C)CCC1CCC(C)C(Cl)N1,0.2125,452.17,5.73,2,3
CCCCCCCCCC(C)CC1C(CO)C1CCCCC.NC1CCC(OC(F)(F)F)CC1,0.2123,493.74,8.381,2,3
C.CCC(CCCCC1CCCN1C(O)CC)CCC(C)OC1C2CCC3CCC321.CCNCCN,0.2121,509.86,6.33,3,5
CCCOCCCC1CCC(CCCC2CC(NC(O)CC)CCC2CC2CC(N)O2)CC1,0.212,466.75,5.737,3,5
CC(N)CCNC12C(CN)C13CCN1C(CCC32)C1OC1CC1C.NC1C2CC(C3CCCCN3)[SH]12,0.212,520.83,1.445,6,7
NCC(CCCC1C2CCCC34CC3CCC3C5CC4(CCCCNCNC12C1CCCCC1CN)C35)OO,0.2115,542.85,5.267,5,6
CCCCCC1CC1CC1CC2C(C1CCCOC)N2C1CC23C(CC2C2CCC4CC4C2)CC13,0.2114,479.79,7.559,0,2
CCC(O)NC1CCCC(NC2CC23SC2NCCC4C2C3NC(O)N4C2CNC(OC3CCCCC3)CC2C)C1,0.2114,592.89,1.99,7,10
CCC(O)N1CCCC2C1C13NCNC(N)C1C(C1CCC(NC(O)C4CCC5C6CCC6C5C4)C4OCOC14)NN23,0.2114,587.81,-0.002,7,11
C.CCCCCCCCCCCCC1CCC(CNCC2CCC(CCC(C)(C)C)C2)C1C,0.2114,463.88,10.428,1,1
NCCCCCCCCCCCCCCCCNCC1C2CC3CCC(F)CC3N12,0.211,423.71,5.959,2,3
CCBr.CCC.CCCC1C(CCCC23CCCC4(CCC5C6CC56NCN4)C2C3)CCCC2NC2C2CC12,0.2108,604.81,8.415,3,3
CCCCC1NCOC2CC(C)CC(CO)C12C(CN)NC1C2CC(OC(C)F)C(Cl)C1C2N.CCCN,0.2106,564.23,2.442,6,8
CCN1CC1CCNCCC1CCC(CC2CCCC(CCNCNC)C2)C(C)C1C,0.2103,434.76,4.712,3,4
C.CNCC12CCCN(C(C)CCNCCNC(C)CCCC(O)CCC3CCC(C)C3)C1CC2,0.2099,494.85,5.18,4,5
C.CCCCCCCCCCCCCNC1(CCCCC2CCCCNCCC2)CC1,0.2097,436.81,8.786,2,2
CCC(CON1CCCC2CC3C(CC21)C1C2CC321)CC1NC12CC13CC1C3(NC(O)CC)CCCCCN2.N,0.2095,555.85,4.551,5,7
CNCC1CC2C1CN1NCNC34C2C1C3N1CC(NCNCCC2(C)CC23CCCCC3C)CN14.N,0.2095,515.8,1.112,6,9
C.CC1CCCCC1CCOCCCCNCC12CC(OC13CC(CC1CN1C1OC4CCCCC41)C3)C2CN,0.2094,559.88,5.727,2,6
CCC1CNCC1CCCCCCC(CCCC1CC1)NNCO,0.2093,339.57,3.566,4,4
CCC(O)N1CCC2(CC(N3C(NC(O)C(C)CCCC(CCN)CCCO)CC4CCCCC43)C2)C1,0.2093,522.82,3.612,5,7
CCC(NCCC(C1CSC(NC)C1)N(CO)C(O)CN1C(C)CC(F)C2CC21)N1CCC(OC2CCC3CC32)CC1,0.209,611.91,3.04,4,9
C.C.CCCCC1CCCCCCC2C(CCCC3C(C1)N1NC31)CC2(C)C.CCCNC(O)CC1CC1C,0.2086,549.97,9.137,3,4
C.CCCCCCCCCCC(C)C1CC1.CNCCCC12C3C1C21CC2CCC4NC4C231,0.2086,456.8,7.572,2,2
CC1(C)C2C(NCC1N1C(O)NC3C4C1CCNC4[SH]1C4NCCCC4NC(O)C31)OC1CC12,0.2083,494.71,-1.418,8,9
C.CCCCCC(CCC1CCCC2(C3CCCCCCCC2CC(CC)CCNCC3)N1CC)C1CN2CN2C1,0.208,573.01,9.109,1,4
CCCCCCCCCC1CCCCC1CCCCCCCC(CC)CC,0.208,378.73,10.1,0,0
C.CCNCCCCNC1CC1NCCC1CCCCCCCC1CCCCCC1CC1,0.208,449.81,7.06,3,3
CCCCCCCCCC1C(C)C(CCCCC2CC2(C)C(O)CC)CCCNCC2CC3C4CCC2C143,0.2079,527.92,9.399,2,2
CCC(O)NCCC(C)C(CCC1(CC(N)O)CC12CCC(OC1CCC(OC)CC1)C2)CNC,0.2076,497.77,3.517,5,7
C.CC(CCCO)C(C)(F)F.CC(O)C1CN1CC(C)C1NC(C2CCC(C3OO3)CC2)C2CNNCN21,0.2075,549.75,2.502,5,9
CC1CCC(CC2C(CCCCCCCCCCCCCCCN)C3NN23)CC1,0.2073,405.72,6.768,2,3
CCC1CC1C(O)C1CCC(CCNC2CC3NCCC4CCC5OC5CC5CC6CC67CC6CCC6C7NC45C34C(O)CCCC24)CC1,0.2073,676.04,6.182,5,6
C.CCCCCC(C)C(C)(CCCCC)NNNC1CCCC23OC2C3CC1,0.2071,395.68,5.877,3,4
CC1CC2(CCN1)NC21CC1.CC1CC2(CN1)OC2CCCCCCC1CCC1CCCC1CC2CC2C1,0.2069,525.87,6.722,3,4
CC.CCC(C)CCNC.CCCC1CCCCCC(C)CCC1.CCN1C(F)CCN1CCCCN,0.2068,530.95,8.805,2,4
CC1CCC2C(C1)C21CCC(CCCCC2CCCCCCNCCNC3C4CCC5(C(F)CCCC5CC2)C43)CC1.CNCCN,0.2067,657.1,9.027,4,4
CCCCCC(C)C(CC)CC1CC1CNCCN1C2C3C4C(CC5CCC6CC6C5)CC4C321,0.2066,466.8,6.99,1,2
CCC(CCNCOCCCC1CCCCC1C)N1C2OC23CCN2C(C13)C1CS12C.CCCC,0.2066,509.85,5.731,1,5
C.CC.CCCC1CC2CC34C(CCCCCCCNCCCC5CC6CC6C5)CCC5CC5CC5CC5C2C3C14,0.2065,566.02,11.166,1,1
CC.CCCCCCCCC1CC2CC3(OCC3CC3CNCCCC3CCN3C4CC(CC)CN43)N2CCN1,0.2061,559.93,6.227,2,6
C.CCCCCN1C2CCC(C3CC45CCCC46CC(CC4CCC(C)(C)CC4)CN6C35)CC21CCCF,0.206,528.89,9.025,0,2
C.CCCC1CCC(C2(C)CC2)CC1C.CCCNC1CCCNC1CCC12CCC(C)CC1C2CCNC1CC1,0.206,572.02,9.356,3,3
CCCC1CCC23CC(CCCC(CC)C4CC(NCNCC)NC4C)C(CCC)C12C3,0.2059,445.78,6.686,3,3
CC.CCCC1CCCC2C3CC3CC12CCCCC(CC)NC1C2CCCCC1C2(CC)CCC1CCCCC1,0.2058,568.03,12.129,1,1
CC.CCCCNCNC(CC(O)NCC1CC2CCC21)NC1CCC(O)CC1,0.2058,412.66,2.513,6,6
C.CC(CCCNC(C)CC(O)CCC1CCNC(NCC2C(C)C3C4CCC4C23)C1)CC1CC1C,0.2056,503.86,6.048,4,4
CC(O)CC1CCN(C2CCC(NCCCN)CC2)CC1.CCCCNC1CNC(CCNC)C1,0.2056,496.83,2.435,6,7
CC.CCCCCCCNCC1CNCC2C3CCC(N4CC4CCCCC4OS4(C)O)C12N3,0.2055,498.82,4.705,4,6
CCCCCC1CCCC1CC1C2CCCC34CCC(C5OC5CCC5CCCCC5(C)C)C3C4C1CC2,0.2052,522.9,10.606,0,1
C.CCCCCCCCCCCCCCN1CCCCOC2CCCCC2CC1CC1CCCC1C,0.2051,505.92,10.58,0,2
CCN1CCCCC1CCCCCC1C(COC)CCC1C12NC13CC3C(CCCNC)C2C1CC1C,0.2051,513.86,6.102,2,4
C.CCCCNCNC(NC1CCC(O)CC1)C(C)C(O)NC1CCC2CC(F)C2C1,0.205,444.68,2.849,6,6
CCC(O)NCCCCCCCCCC(C)CCC1CC(C)C2CC1CC2CC,0.2044,407.73,7.55,2,2
C.C.CCC(C)OCCCC(CC)N1C(O)NC2C(C(O)NC34CCCN(C3)C4)SC3NCCC1C32,0.2043,529.84,2.358,5,9
C.CCCCCOCC(C1CCCCCCC(CCCC2CCC23CC3)CC1)C1C(N)NC2NC21,0.2043,489.83,6.975,3,4
CCC.CNC1CC(CCCCCCOCN(C)C)CNCC1CCN1CCC2CC(C3CC3)OC(F)C2C1O,0.2039,570.88,4.844,3,7
C.C.CCC(O)NCCCCC1OC1CCCN1CN1CNC1(CC)CCCCC1,0.2035,428.71,4.445,3,6
CCC(CCCCCC1CC2CNCCCCCC12)CCCCC(C)C.CCCCNCCC,0.2034,478.89,9.382,2,2
CCCC1C2CCC34CCCCN3CCC4CCCC2C1NCCCCCC1CCC1CCCCC(C)CO,0.2034,542.94,8.591,2,3
CNCC1C(CC(C)NC(C)CCCC2CC2C)NC(O)N(CCCCC2OC3CCCCC3C2C)C1C.S,0.2032,568.96,5.22,4,6
CCCC(CC)CCNCO.NC1CCCC(C2CCCN(C3N4CNC5NCCC534)C2)C1,0.2031,464.74,2.219,5,7
CCC1(CCOC)CCC(CCCCC2N3C2(C)C24C5CCCC26C5CC364)CCC2CCC2CC1.CCCC,0.203,537.92,9.798,0,2
CCCCCCCCCCCC1C(CNCCCCCC)CCCC2C1C1C3C4CCCCC4C231,0.2029,483.87,9.792,1,1
CCCCCNC(OCCCCC)C1C(NC(C)NCCCC)NC2CCCOCC21,0.2028,440.72,3.965,4,6
C.CC(C)(C)OC(O)NCCC(CN)(CCN)N1CC(NC2CCCCC2)C(C(N)O)C1,0.2028,460.71,0.239,7,9
CC(C)CCCCCCCCCCCCCCC12CC3C(CCCCC4CCCCC43)CC1C2C,0.2026,484.9,11.763,0,0
CCCCCCCCC(O)CN1C(C)C2NCCN2CCCCC1C(C)(C)C(C)CCCNOC,0.2025,496.83,5.166,3,6
CCCCCCN1CC1CC(CC)CCCOC1CCCC2CC(CC)C(OC)CC21,0.2024,435.74,7.084,0,3
CCC(F)CCC1CC1CC1NCCCCCCC1CCCCCCCCC1C2OC12C,0.2023,449.74,7.988,1,2
CCCCCC.COCCC(C)(C)CC(N)NCCC(N)CCC(C)C1CCCC1,0.2017,427.76,6.224,3,4
CCC(CCN)(CCNC(O)OC(C)(C)C)N1NCCCC(C2CC(O)C3CC34CC(C(C)(C)F)C24)C2CC1CCC2C,0.2017,608.93,5.347,5,7
C.CCC(O)NCCC1C(C)CCCC2CCNNC(CC)C(CCC3CCC3COC3CCCCC3)C21,0.2017,535.9,7.048,4,5
C.CCC(CCCCCCCCCC12CC13C1OC1CCCCCC23)C1CCCCCCC2CC2NCC1,0.2016,527.92,10.236,1,2
CCCCCCCC1CC1CCC1CN2CCC3CC1CC2C3CCCCC1CC1C1CCCCC1.O,0.2011,513.9,9.062,0,1
CCCCCCNNCCCCCC1CC(CC2CC23CC3)CCC1CC1CC1C,0.2011,416.74,7.49,2,2
NCCC1(N2CC(C3NCNC4NCCC43)CN2)CN(C2CCN(C(O)NC34CCCCC3C4)CC2)C1,0.2011,517.77,-1.057,7,10
CCC1C(N)CC1CC(CCCC1CCC(OC(O)(F)F)C1)C1CCCC(NC(O)C(F)F)C1C,0.201,510.66,5.242,4,5
C.CCC(C)C(CCCCCCCCC1C(C)N1C)CC1CC2CC2CCCCC2OC2CCCN1,0.2009,504.89,8.604,1,3
CC.CC1(C)CC1CCCCNNNC1CC(C2CC3CCC2CN3)C2(C)C(C3CN3)C12,0.2008,445.74,3.829,5,5
CCC(C)CCCCCCC1CCC1CCCCN1CCNCCN2CC(CC3CC(C(C)C)O3)CCC2C1,0.2006,545.94,7.759,1,4
CC(O)OCNCC1CC1C1C2NC(CC3CCC(COC4CCCCC4)CC3)CCNCCN21,0.2006,492.75,3.032,4,7
COC1CCCCC12CN2CCCCNCCC(CCC1CCC(C23CC2C3)CC1)CCC1CNCN1C,0.2003,528.87,5.644,2,5
CC1C2C3CC(C3)C(CCCCCCCONCC3CCC4CC(F)(F)CC4C3)CC3N1C23C,0.2003,478.71,6.817,1,3
CCCC(O)C1CNCC1CNC(C1CCC(CCNC2CCCCC2)CC1)C1NC(CC)CNC1N,0.2002,520.85,2.685,7,7
CCCC1CCC(CC(CCCCCC(C)(C)SC)CCCCC(NC)C(C)N)NC1,0.2001,455.84,6.749,3,4
CCCCCCCCC1CCC(NC2CCC(CCC)C(N(CC)C3CC3CC3CC3CC)C2)CC1,0.2001,500.9,9.369,1,2
CCCCC(CCC1C2CC(C34CC5CCCNC3CCC54)NC12)NC(O)C1OC1CCCC(C)C,0.1998,501.8,4.972,4,5
C.CCCCCCCCCCCCCC1CCCC(CCC2CCCCC2CCC)C1,0.1995,434.84,11.517,0,0
CCCCCCCCNC(S)C1CC1(C)CC1CCC2CC23C1CCC1NCCC13,0.1995,432.76,6.413,3,3
CCC(C1CCCCC1)C1CC2C(CCCCC(CCCCF)CNCCC3CCN3C)CCCC21,0.1994,504.86,8.646,1,2
CCCCN(C)CNC1NC2CC3CC(CN(CC)CNCCC)NC1C2CC3Cl,0.1992,443.12,2.206,4,6
CCCCCCCCCC(CCCCCCC)CCCC1C2CCCCCCC21,0.1992,404.77,10.49,0,0
CCC(C)CCCNCCCC(CC)CCC1C23CC(CCN(CC)C(C)(C)C)CCNC2C12C1C3C12,0.199,513.9,7.36,2,3
CCC(O)N1C2CC3CC3(C2)NC1NCCCCCCCCC1COC(C2C3C4C5CCCCC5CCCC4N23)C1,0.1989,568.89,5.592,3,6
CC1CCCC(CCNC2C3CN(C)NC3N2CN)C(C)NCCC(O)(CCCCN)N2OC12,0.1989,482.72,0.112,6,10
CCNCCC1C(CCNC2(C(O)S)CCCCCC(C)C2)CN(C2CC3CC4CC4C32)C1C,0.1989,491.83,4.924,4,5
CCCCCCCCCC1CC2CC3C(CC1CCCCNCCC)C1CCCCCC4CC4CCCCCC213,0.1988,554.0,11.742,1,1
C.CC1C2CCC(CCCC3CCCCCCCC3CNCCCCCCCCCCCO)C1C2,0.1985,491.89,9.544,2,2
CCCC1C2CCCCC3(CC12)C(C1CCNOC1)C(C)N(N)C3NCCCCC(C)CC.CSCF,0.1984,542.89,6.743,3,6
CCCCCCCCCCCCCCCCCCCC1CCCCCCC(C)C1,0.1984,406.78,11.025,0,0
C.CCCCCCCCC1C2CCCC3C2CC(C2CCC4(CC4CC4OC4CCC)C(C)C2)C13,0.1982,484.85,10.072,0,1
C.CCCNC(O)C1CC2C(CCCC3CCCC4C(CCC5NC5CC3C)N4CCC(C)CCO)C2O1,0.1978,535.86,4.923,4,6
CCC(O)N1CCCC(NC2OC2C2NCNC(C3CCC(OC4CCCCC4)CC3)C3CCNC(S)C32)C1,0.1978,565.87,2.771,6,9
C.C.CCCC1NC1CCCCC1CNC(C2CCC3C2CC32CC2C2CCCCC2)CCNC1CN,0.1978,516.9,6.487,4,4
CCC(CCCCC1(N2CCCCC2OO)CC1CCCF)CC1C2CCC3CNN1CNC32,0.1977,480.71,4.917,3,6
C.CC.CCCCCCCCCC1CC23C1CC2C1N2CC4C56CCCCCCCC(CCNC)CCC5C46CC123,0.1976,567.0,10.255,1,2
C.C.CC.CCC(O)NCCC1CCC(NCC2C(P)OC3CC4C(C5CC5)C4C32)CCCNC1C.CN,0.1973,558.88,5.203,5,6
CCCCCCCCC12CC3CCC1CCCCC1OC1CCCCCCC3C2CCCCCC,0.1972,486.87,11.038,0,1
CCC(O)N(CC)CCCCOC12NCNCCC1C1SC3CNC(CC(O)C4CCCCC4)C3C12,0.1968,524.82,2.72,5,8
CCCC.CCCCCCCCCC1(NC)C2CC(CCCCN3CO3)C1(C)C2CC,0.1964,436.77,7.949,1,3
CCC1NC(O)NC2C3CC4(NCNCC24CCC1OC1CCCCC1)C(CC(O)CCCO)CCCNC3O.N,0.1962,584.85,0.999,10,11
NC(O)CCCCN1C(O)NC12CC(C1CCCCC1)CN2.NCNCC12CCC3CC3(C1)C2,0.1961,478.73,1.531,7,8
CC1CCCCCCC2CC3NC(N)C23CC(CCCCCCC2CC2C2C3OC32C)C(C)CCCC1.CCN.S,0.196,592.04,8.284,3,4
CC.CCCCON(CCCCCCCCC1CCNC23CN(O)C2CC3CC1)C1C2CC(C)CC21,0.1957,505.83,7.043,2,5
C.CCC(O)NC1(CC)CCN2C3CCCCCCCCCCC4C5CN5C5SC5C5C6CC(C)CCC45C6CC(C3C(N)CC)C21,0.1955,671.14,8.244,3,6
C.C.CCCC1(COCNCC2CC3CC2CC3CCC2CC(C)C3(CCCCCCCCN3C)CCN2)CC1,0.1954,561.98,8.648,2,4
C.CC.CCCCCC.CCNCCCCNCC(C)CNCCCCCCN,0.1954,418.8,5.959,4,4
CCNCCCNC1C(CN(C)[SH](O)CC)CC2CC1C1(NCC34C5CCCCC5CCC3C41)C2N,0.1952,521.86,3.443,6,6
CCCCC(CC)C(CN)CCC1C2C[SH]3C(C4CCCCCC4)C34CCC3CC34C12C,0.1951,459.83,7.717,2,1
CCCCCC1CC12CCC(CCCCCCC(C)C)CC2.CCCCCCC1CCCCC1,0.195,474.9,12.297,0,0
CCC(O)C1CCC2C1NCC(CC)C1CC1CC(C)(CCNCSCN)C1C2C2(C)CC34CN3C2CC14,0.1947,544.89,4.5,4,6
C.CC(C)CCCF.CC1NC1CCCCN1CC2CCC2C1CCN.CCF.I,0.1947,547.6,6.198,2,3
CC(C)CCC1CC2NC(C)C(N1)C2(C)C(CN(C)CO)NCCOCCCC(C)O,0.1942,442.69,1.537,5,7
CC.CCCC1CCCCC1CCC(N)(CCC)NCC1C(CNC)C2CC(CN3CCCNCC3)CC12C,0.194,547.96,6.237,4,5
CCC(O)NC1CCCC(NCC2CC2N2CC2NC(C)CC2CCC(CCC(C)O)CC2)C1,0.194,478.77,3.571,5,6
CCCCN1C(NCCCCCC2CC2(C)C)C1NC(C)NC1C2CCCCCCC21,0.194,432.74,5.444,3,4
C.NCCCCC(CCC(O)NC1CCC(OC(F)CCl)CC1)CC1CC1O,0.1939,425.03,3.689,4,5
CCC1(C2CCCCC2CC2CCCCC2)C2CCN1C(C1CNC(O)N1CCCCCCN(C)N)C2,0.1939,517.85,4.922,3,6
CCCCCCCCC1CC2C(CC3CC34NCC3CC5C(C5C5CC(C)C6OC56CCC)C34)CC12CC,0.1937,521.87,8.633,1,2
CCC(O)NCCCNCC1CCNC12NCNC(CC1CC3CCC31)CCC2N(C)CC,0.1935,464.74,1.646,6,7
CC1CC(C)C(F)NCCCC2CC2CC(F)CCC(CCCC2CCCCCC2C)NCCC1S,0.1935,528.88,8.506,3,3
CCC(CCCCS(O)(O)CC)NNN1CN1CC1CCCCCCNC1,0.1934,405.65,3.375,5,7
CC(C)(O)CCCC1C2C3C4CC(NC5NC(NC6CCCCCC6)C6C(N)N7C(O)C567)C42C13O,0.1934,487.69,0.368,7,8
C.CC.CC.CCCC.CCCCCCCCCC1CCCCCC2CC3OC34CC3CC3C24CCC2C3CC23CC1,0.1933,587.07,13.582,0,1
CNC(O)NC1CCCCC1NCCCCNC(CCCCF)CC1CC12CCC2,0.1933,426.67,3.431,5,5
C.C.CCC(O)NCCC(C)CCCNCCCCC1C2CCCOC3CCCC4CC4C3C12,0.1931,480.82,6.62,3,4
CCC(O)NCCCCC1CC1CCCCC12C3CCCCC3C1C2CC1CCCC1CC,0.1931,457.79,7.94,2,2
CCCCCCCNC[SH]1C2N1C1(CCCC)C3C4C(NCCC56CC5C6)CC4C231,0.1928,431.73,5.029,3,3
CC.CCCC1C2NCOC12CCCC1NCCCNC(N(CC)CCCCCCCC(C)F)NN1.O,0.1928,532.83,3.78,5,7
CCCCOC1NC1CC(C)(CC)C1NN2CC(C(N)O)C(NC3CCCCC3)N12,0.1926,424.63,1.426,5,8
C.CCCC(O)N(C)CCCCC1CC(C2OC2CCC2C3CCCCC32)C(C)CCNCCN1,0.1925,493.82,5.421,3,5
CC(C)CCCOC1CN2C(N(CCCCN3CC(OC4CCCCC4)C3C)C3CC(N)NCN3)C2(C)C2(CO2)C1.CCC,0.1925,620.97,4.453,3,9
CCC(O)N1CCCC(NC(O)C2C3NC(O)N(C4CCC5CC5C4)CC34C3NCNS234)C1,0.1922,482.7,-0.844,7,9
CCC(CCNC1CCCC(C2C3NC(OCN)C4NCC3C(N(CC)C3CCN(C5CCCC5)CC3)N42)C1)C1CO1,0.1916,587.9,2.465,4,9
CC(CCOCCF)CC(CCN)C1CC(C2CC3C(C2)N3C2COC2)CCC1NC(C)CCCCF,0.1915,527.79,5.118,2,5
C.C.CCC(O)CNCC(CC)C12CCC3CC(CC4C(C)C(C5CCCCC5CCNCCCF)C4C1)C32,0.1914,550.93,8.116,3,3
CCCC1OC12CC(CC1CCCC1CC1C3CC(CCCCCC(F)CC)C13)C(C)(C)C2C,0.1912,474.79,9.384,0,1
CCCCCCCC(C)C(C)NCCCCC1CCC2C(C1)C1C3CCC4(CCCCC3CCCN21)CO4,0.1912,528.91,8.75,1,3
CCC(O)NCCCCCN(CCCC1CC12CCCCCOCCCCC1CC1CCCC2)C(C)C,0.1911,520.89,7.929,2,4
C.CC1NC2CN1NOC2CC1CCCCC1.CCN(COCC(F)CNC1NC2CNCC21)C(O)C1CCC1C,0.191,585.85,2.123,6,10
CCCCN(CCCCC1C(C)CC2CC21)S(O)(O)CCCCCN(C)C1NCNC2NCCC21,0.1909,513.84,4.731,5,7
C.C.CCCCCCCCCCC1C(CCC2CC2C)CC2C(C)CC23C2CC23CCCCC2CN21,0.1905,499.91,10.521,0,1
CC.CCC(CCNCCNCOCC1CCC2CCC1C2)C1CC2CCNC(S(C)(N)F)C2C1,0.1905,516.86,5.563,4,5
CCCC1CC23CC(CCC4CCCCCC4)NC2C3CC1CCCCNC(O)CC,0.1899,432.74,6.398,3,3
CC.CC1OC1C(O)CCCCCC1CC(NCCCCC2CCC3CCCCC4(CC4)CC3C2)C1C,0.1897,517.88,8.673,2,3
CCC1NCCOONCCCCCCCC(C)CCC(C)C(C)CC(C)C2CCCC3C(O1)C1OC14NC1CCCCC4(CC1)C23C,0.1894,674.07,9.063,3,7
C.C.CCCC1CC2CC3C4OC3C2C1C4CC1C(C)C(CCC(CC)CCC2CC2C(CC)C2CC2(C)C)N2CC12,0.1892,582.01,10.348,0,2
C.CCC1CC1CCCCCCC1CCC(C2CC2CCCCCCCO)C1CCC(C)C,0.1892,462.85,10.057,1,1
C.CCC1CCCC23CC12C3CCCCCCC1CNC(N(CCCC2CNCC(C)C2C)CC2CC2C)C2C(C)C12,0.1892,582.02,8.837,2,3
CCC(C1C(Cl)C2CCC1N2C(O)C(C)C1C(C)CCCC1CO)C1C2C3CC(C(C)(C)O)CC2N3C1C(C)C(N)O,0.1889,610.32,3.844,5,7
CCCC(C)NCCCCCCCCCCCN1CC2C(NC(CC)C3CCCCC3C)CC21,0.1889,475.85,7.543,2,3
CCCCCCCCCCC1CCCCC1CCCCC1CCCCC1CCCCC,0.1888,432.82,11.271,0,0
CCCCCCCCCCCCN1CCCCC2C(CCCC1)C(C1CC3C4(C1)C1CN(C)CC314)C2CCCNC,0.1883,567.99,8.629,1,3
CCCCCCCCC1CCCC(CC2NC23OC3C2CC3C4CC4C4CC34C2C2CC2CCCC)C1,0.1883,507.85,8.735,1,2
CCCCCCCC(C)NCCCC1CCC(CC)C(CCCCC(F)CC)CN1.N,0.1882,443.78,7.97,3,3
C.CCCCCCCCC1CC1C(C)CCCC1CCCCC1CCCCCC(C)C,0.188,434.84,11.228,0,0
C.C.CCCCCCCCCNCNC1CC1C1C(C)C2CCCC3CC(C4CC4C)C3CCCCC21,0.1879,516.94,9.685,2,2
C.CCCCCCC(CC)CC1CCC(C2CC3OC3CC(N)C(C3CCCN3C(O)CCC)N2)CC1,0.1877,521.88,6.614,3,5
CCC(O)NCCCC(CCCNC1CC1(C)C)CN1C(O)CCCCCCC2OC23OC13,0.1876,467.7,3.295,4,7
CC(C)(C)OC(O)C1CCC(CCN)(N2C3CCNC(O)C34C(CN3CCC5C(CC6C(NC5O)C65CC5)C3)N24)CC1,0.1874,588.84,0.76,6,10
CC.CC.CCCCNC(N)NC1NCCCCCCCC1C(O)NCCCCO,0.187,433.73,2.827,7,7
CC1CC(C)C1CC(O)N1CCC(CCN)(N2CC(C(N)O)C3(NC4CCC5NC5C43)N2)CC1,0.1869,477.7,-0.698,7,9
C.CCCCCCCCC1CC1CCCNCCN1CC1NC1CC2(CCN(C(O)CC)C2)C1,0.1869,478.81,5.193,3,5
CCCCCCC1CNC(CCNCC2CCC3CCC(CC(CC)NC(O)CC)C3C2)O1,0.1868,465.77,5.18,4,5
CC.CC1CC2CC(CC3C(C)C3C1)C1(CCCC3NC3CCC(CC3N[SH]34(O)CC4C)CCNCC1)C2,0.1865,549.95,7.2,5,4
C.CC.CCCCCNCC1CCCC2C(C)OC2N1CCCCC(CC)CCOC1NCCC2C1CC21CC1,0.1864,563.96,7.983,2,5
CCCCCC1CCC(CCC(O)CCCN)(C2CCCC3C2CN3CCC2CCCCCC2)CC1,0.1863,502.87,8.084,2,3
C.CCCCCCCCCCCCCCC1C2CC(CC3CC4CCCC5CCCC5CCCCC43)C12C,0.1861,526.98,12.789,0,0
CCC1CC1CC1C2CC12C1CNC(CCCNC2NCNN(CCCCNC)C2C)C(CC)C1.CN,0.1854,519.87,3.089,6,7
CC1CCC(CCCCCC2CC(N)NC3CC23)CC1CCNNCCCOC1(F)CC12CC2C,0.1854,492.77,5.259,4,5
CCC(C)CCCC1CCCC1C(C)CN1CC2CC(C(CCC(O)CCCC(C)F)NC)NC3C2OC31.CO,0.1852,569.89,5.508,4,6
C.C.C.CCCCN1CC23C(N)NC2NN3C(C2CC3OCCCC34CC24C)C1CCCC(C)CCCCCC1CC1,0.1851,590.0,7.283,3,6
CC.CCCCCCC1CCC(CCCC(O)CC2CCC(F)C(CCF)C2)C1OCCC1CCCC1.O,0.1848,546.87,9.185,1,2
C.CC(N)NCCCCC1CN2C3C4CCCC5NCCCC6CC6C6CC6(C)C54C32CC1CC1CC1N.CF,0.1848,559.9,5.284,4,5
C.CCC(F)NCCCCCCCC1OC1C1CCNNC2CC(CC3NC3F)CC2C1,0.1847,458.68,4.582,4,5
C.C.C.CCCCCCCCCC1CC2C(CC3NCCCC3CCCCCCC)CC3CCCCC3CCC12,0.1847,562.07,13.013,1,1
CC.CC.CCC.CCC(O)OC(CC)CC(C)CNC1CCCCC2CCC2CCCC1C(C)C(O)F.CN,0.184,578.98,8.849,4,5
CC.CCCCCC(O)C(CCCC1N2CCCC3CCCC3CCN12)CC1CCCCCC1,0.1837,476.83,8.56,1,3
C.CCCCC1OC2C(Cl)CN3CC3(CCCCC3CN4C(C)C45C4CS345)C(C(N)N)CN3OC3CCCC12,0.1836,584.32,4.018,2,7
C.CCCCC(CCCCCCNC1(CC)CC2CCCCC(N)CCC21)CCCC(O)CC,0.1832,480.87,8.377,3,3
C.CCC(O)NCCC(CC1NCC2CCCCCCN1C2)CC(CC)(NCO)C1CCCNC(C)CCC1,0.1829,553.92,4.785,6,7
CCC(O)S.CCCN1C2C3CN1C(C)(CC3(CN)CCC)N2CCCCCN.CO,0.1829,461.76,2.434,5,8
C.CCCCCCCCC1CCCCCCCC1CCCC1CC1CCCCCCCC,0.1828,448.86,11.907,0,0
CCNCCC(CCOC)NCNC1CCCN(C2CCC(CNC3CCC(C)C3)CN2)CC1,0.1822,480.79,2.486,5,7
C.CCC(O)NCCCC(C)NC(O)C1SC2NCCC3C2C1CC(O)N3C1CCC2CC3CC3C2CC1,0.1815,552.87,3.292,6,8
CNCCCCCCCCC1CCC(CC(C)C(O)C2C(C)CC(C3(C)CC3)C2CCN2CCN(C)CC2)CC1,0.1815,559.97,7.456,2,4
CCC(O)NC1CCCC(C2CCC(C(N)O)C3NC(C4CCC([SH]5COO5)CC4)CC23)C1C,0.1814,499.76,3.154,6,7
C.CCC.CCCCCCCCCCCCC(O)CCC1CCC(CC2CC3(C)NC23)C1,0.1814,451.82,9.048,2,2
CCOCC(CCCC(C)C1ON1C1CC(C(F)(F)F)CCN1)CC12C(C)NC1CN2CCNC1CC2C3CCCCC3CC2C1C,0.1812,667.95,6.152,3,7
C.CCC.CCCCCCCCCN.CCCCN1CN1CCCCCCC1CC1C,0.1809,441.83,8.631,1,3
CCNC12CC1CC(C(C)F)CNC2CCCC(CCCCCCCC1CC1)CCC(C)CC.O,0.1807,496.84,7.62,2,2
CCC1NO1.CCCCCF.CNC(O)C1CCC(CC(CC2CCCC3NC23)C(C)C)C1,0.1805,471.75,5.537,4,5
OC(NC1CCCNC1)C1SC2NCCC34CC(CNCCCC5CCCC5)N3C(O)NC1C24,0.1803,494.75,0.318,7,9
C.CCCCC1C(CCCCCC2CCCCC2CCC)CCC2NCCC3CCC4OC4C4CC45CC5C3CCCCCCC21,0.18,638.12,12.534,1,2
CCCCCCCCN1NCC2CNC(NC3CNN(CC(O)OCC)C3)NC21,0.18,413.61,-0.281,6,9
C.C.CC1CC1CCCCCCCC1C2CCCC(CNCC3C4C5CC6C7CC35C674)CCCCCCCC3OC3C1C2,0.1798,594.03,10.687,1,2
CCCCNC(N)NC(NC1CCC(O)CC1)C(C)C(CC)CNC1CCC2C(C)C2C1,0.1795,451.74,3.114,6,6
C.C.CCC(O)NCCCC1NNC(CC2CC3C(C2)C3CC2CC2C)NC(CCO)N1,0.1794,455.73,2.713,7,7
CC1CCCC(CCCCCCC2(C)NC2CC2CN(CC3C4CC5CCC6CC6C5C43)C2C)CC1,0.1792,494.85,7.913,1,2
CCCCCCCC1C2CC(C3N4N5C(CC6(C)CCN(C(O)CCC)C6)C5(N)C34C(N)O)CC12,0.1792,489.75,2.808,4,7
C.CC.CCC1CC2OC23CCCCC3CC1C(NCNCCCOC)N1CC(CC2CCCC2)N1,0.1791,508.84,5.681,3,6
CC1(C(O)N2CCCCC3NC(C4CCC(C(O)NC5CC(C(F)(F)F)CCN5)CC4F)CC(N)NCCC3C2)CCC1,0.179,620.82,3.143,7,8
C.CCC(O)NCCCCCC1CC1CNC1CCC2C3CCCC2CCOC1CC1NN1CCC3,0.1789,506.82,5.027,4,6
CC(O)CC1C(CNCCCCCCCC2C3OC23C)NC2CCCC(CCCC3(C)CC3)CC21,0.1786,488.8,6.208,3,4
CCC(O)NCCCNC1CC1C1CCC12CC2C(CC)NCC1CC2C(C3CCC4CC43)N12,0.1782,470.75,3.328,4,5
C.CCCCCCCCC(O)CC(C)CC(CC)CCCC12CN(C)C1(CCC1CCCC1)C2N,0.1781,492.88,8.329,2,3
CCCCCCCC1CCC(C2CCC3C4CNNC(CCCC)C(CCCCCCC)C34C2)NC1.F,0.1781,521.89,8.543,3,3
CCCOC.CNC1CC(NCNCCN2CCCCN(CCCNCCCOC)CC2)C2CC12,0.178,498.8,1.576,4,8
CCCCCC(C)CCCCCNCNCCC12CC1C1(CCCCCCC3CC3CCCC1)C2,0.1779,486.87,9.237,2,2
CCCOC(C)CNC1CC(C2CCC(OC3CCCC(OC)C3F)CC2)NC1CCCCOC(O)CC,0.1778,544.79,4.887,3,7
CCOCNC(C)CCCCCC1(C)CCC(CCC2CCCC2CC)CCNCCCNN1,0.1775,480.83,6.148,4,5
C.CCNC1CC2C(CN2C2CC(C3CCCC4CC4CC3C)C2)NCC2(C1)OC2CCCCCNCC1CC1NC,0.1767,585.97,5.173,4,6
C.CCCCCC1CC2CNCCC34CCCCC3CCCOCCC4CCNCC12CCCNC(O)CC,0.1765,549.93,6.89,4,5
CC(O)NC1CCC2(CC3CCCCC3)CC12.CN(N)C(CCCC1CC1)C(N)CCN,0.1763,451.74,3.47,5,6
CCCCCCCCCCCCC1CCC(CCNC(O)CC)C2(C)NCNC(N)C12,0.1759,438.75,4.842,5,5
CCC1CCC2CC(NCC(CNCC(C)CC3C(C)CS3(O)O)C(N)O)C(CN)NC2NC1,0.1758,504.79,0.895,9,9
CCCCCC(C)NC(C)CC1C2SNC3C4CCCC3C4C12.CCCNCC(CC)C(C)C,0.1756,493.89,7.272,3,4
CCCCCCC1(C2CCCCC2)OC1CC1C(CCCCC)CCC2CC3CC4C(C3)C4C(CCO)C21C,0.1755,540.92,9.968,1,2
CCCCNC1NCC(C(O)NCC2CCC(N3CCCC3)CC2)C(NC2CCC(O)CC2)N1,0.1752,480.74,1.251,7,8
CCCC1CCCCCC2C(CCCCC(C3(C)CN3C)C2C)CCNC1CCCCCCCC1CC1CCO,0.1746,558.98,9.227,2,3
CCCOOCCCCCNC1(C2CNCC(CC)N2)C2CCC(OC3CCCC(OC)C3F)C1C2,0.1742,513.74,3.904,3,7
CCC(C(O)NC1C2CC(OC(F)(F)F)CC21)C1NCCNCC1CCCCC(C)CCCl,0.1741,498.07,4.237,4,5
C.CCCCCCCCCC1CC(C)(CCCCC2CC2C2CC2CCCC)CC2CCCCCC12,0.1741,500.94,12.399,0,0
CCCC(C)(F)C(CCCOC1CCCCC1)N1C(O)NC2C(C(O)NC3CCCC4CC43)SC3NCCC1C32,0.1739,582.87,4.079,5,8
CCCC(C)N1CCC(CCCCC(CCO)C2CCC3C(C2)C3C2CCCCC2)(NCN)C1.N,0.1738,492.84,6.089,4,5
C.CCC(O)NCCC1CCC2CCC3C(CCCCOCCC4CCC(C)CC4)C3(CC)C3CC2CC13,0.1737,531.91,8.839,2,3
CCCCCCCNCCNC1CNC2C1C1C(CNCC(C)CCCCCCC)N21,0.1735,435.75,3.703,4,5
CC1C2CCCC12C.CCCCCC(CC)CCC(CN)NC(CCCC)CC1CCC(CO)CC1,0.1733,506.9,8.48,3,3
CCNC(CCC12CCC3(CC1)CC3C2)CC1CCC(CCCNCC2C3OC4C5CCC5C4CNCN23)C1.N,0.1733,555.9,5.666,4,6
COCCCOCCCCCCN1C2CC(C3(CCCCCN4CCC56C4(C)C54OS64C)C4C(CCN)N43)CC21,0.1731,576.89,4.083,1,7
CCC1CCCCN(C)CCNCC1(CC)C(CCCC1CC1C(C)CCCCCN)CC(C)C.CCCCC,0.173,564.04,9.935,2,3
C.CC(CCC(C)(CCN)N1NC2NC3(CC4CC5C6CC6C6OS6(O)C4C5C3)C23C(O)CCCC13)C(O)OC(C)(C)C,0.1728,624.93,4.281,6,9
CCN(NC(CCCCN)CCCCO)C1(N)CCN2C(CCC2C2CC2(C)O)C1,0.1728,425.66,1.526,5,7
C.CCC1NC(NC2CC3C4C5CN6CCN4C3C6C(O)C(C)C25)N2CC12.NCCCC(O)CCCOCCF,0.1726,568.82,0.796,5,9
CCCC1C2CC3CCC(CCCCOCCCCCCCC4CCCCC4)CCCC3C13C(CC)CCCC23,0.1724,554.99,12.169,0,1
C.CCCCCCCC1CC2C3C(C4OC4CCCC4CC4CC4CCC4)C23CCCC1C12CCCCC1C2N,0.1722,551.94,9.933,1,2
C.CC(C)C1CCC(CCCCN)C1(F)CCCCCCCNCCNCC1CCN(C)C1N.CN,0.1721,516.88,4.473,5,6
CCC(O)NCCCCCCNC1OC23C4CNC(CSC12)C3C1CN1C1(C2CC2C2CC3CC3C2)CC41,0.1718,542.83,3.008,4,7
C.CCC(Cl)NCCCCCC1C(CCNONCF)CC(C)C1C,0.1714,382.01,4.999,3,4
CCC(CCCNC(O)CC)CN(C)CCC(C)CCC1CCC(CCCCF)CC1,0.1706,442.75,6.795,2,3
C.CC(CCC(C)C1OC1CCC(Cl)CCNCCCC1NNC(C)O1)CC(F)(F)F,0.1702,474.05,5.339,3,5
CCCCCCCCCCCCCCCCCCCCCCCCC,0.1699,352.69,9.998,0,0
CCC1CCCC(OCNCC2CCC3NCNC(CCNC)CC(CCCOC)C3C2O)NC1,0.1698,497.77,1.993,6,8
CCCCCC1CCC(CCCCCCC2CCC3NCC4NCC4CC3C2NN)CC1C,0.1696,460.8,5.768,4,4
CC.CCCC(CCCC1CC1CCCCCCCCC(O)CC)CCCC1C2CC34CC3C4C12,0.1696,486.87,10.199,1,1
CC.CCC(O)NC(CCCCCCCC1C(CC2C3CC(C)C2C3)C2NC12)C(C)C,0.1694,434.75,6.355,3,3
CCC(O)NCCCC1CCC(CCC(C)C2CC2)C(O)N1C1CCCC(C2CNCCC3CC3C2)C1CO,0.1694,547.87,4.723,5,6
C.C.CCC.CCCCCOCCCCC1CC2C(CCCCCCCCS34OC3C24)CC2CC2CNCCC(C)N1C(O)CC,0.1692,671.17,10.684,2,5
CCCCCC1CC1NC(CNCC1CCCC(NC2CCC34CC3C24)C2CC12)C1C(CCC)CCN2NC12,0.1692,537.88,5.278,4,5
CC(C)CCCCCCCCCCCC1CCCCC1.CCCCC1CC2CC3CC3CC2C1CCC,0.1692,514.97,12.789,0,0
CC.CCCCCC12OC1CCCC1C(N)CCNC1NCC(CCNC(O)CC)C2CCC,0.169,482.8,4.508,5,6
C.CC.CCCCCCCCCCC1CCNC1CCCCCC(CC)CNCCCC,0.1686,454.87,9.524,2,2
CCCC(C)CC.CCCCCCCCC(C)(C)C1(C)CC12CC2CCCC1C2CCC(CC2)CCN1N,0.1684,530.97,10.937,1,2
CCCCCCC1CC1CCCCCNCCCNC1CC(CCC)CC2CCC3C(C)CCCC3C(C2)C1,0.1683,542.98,10.16,2,2
C.CCCC(CCNC(O)CC)C1CC1CCCCNC1CCCCCC2CCCCC2CCC1,0.1682,492.88,8.452,3,3
C.C.CCCCCCCCCCCCCCC1CCC2(C1C)C1C(CCCCCC3CC3)C12,0.168,460.88,11.619,0,0
CC.CC1CC1CCCN1C(C)N1CCCNCC(CCCCOC1CCCCC1)C1CCCNC1N,0.1679,521.88,5.727,3,6
CCCCCN(CCC)C1NC(C2CCN(C(O)NC3CC(C(F)(F)F)CCN3)CC2)C2C(N)NCCN21,0.1678,548.74,1.168,6,9
C.CCCCCNC1C(C)CC1CCCCCC1CCC1CCCC1CCCCC1.NC1CNCCN1,0.1677,520.94,7.618,4,4
C.CCCCCCC(CCCCCC(N)NCNC(C)CCC)C(O)OCC,0.1674,403.7,5.125,4,5
C.CC(C)CCCC(C)C(CCCCC1CC1)CC(C)C(O)NC1CCC(OC(F)(F)F)CC1,0.1673,493.74,8.453,2,3
CC(CCCCN(N)C1CC1C)CNC1CNC(C2CCC(CC3CCCC3C)CC2)C1C(C)O,0.1672,490.82,4.937,4,5
CC(C)CCCCCCCCCOC1CCCC(CN)CNC2CCCC(C2)C(C)N1.COCCCCOC,0.167,555.93,7.051,3,6
CCCC(C)C1C2CC(CCNCC(CO)C(CCC)C3CC(NC4CCC(N5CCN(C)CC5)CN4)C(O)N(C)C3)C3C2C13,0.1666,631.01,3.109,5,8
C.CNC(O)CCCC1CN(N(N)C2NCNC3C2C2CN23)C1,0.1665,327.48,-1.53,5,8
NC(O)CC1CCC2(NCC(C(N)O)N(N)CC3CCC(F)CC3)C3OC1C32,0.1664,401.53,-0.861,6,8
CCC12C(CCCCCCCCC3(CC)C4OC43C)CCCCCNC1CCCCCC2C(C)CC1CCCCC1,0.1661,570.0,11.406,1,2
CCCCC1NCNC(CCCCC(CC)CCCCC2CCCC(C)(O)C2C)CCNCCC1CC,0.1661,521.92,7.794,4,4
C.CC.CC.CC.CCC(O)NCCCCC1CCCCCC1C.CCCCCCCC.O,0.166,479.92,9.948,2,2
CC.CC(O)CC(C)(N)C(C)CCC12CCCCCC3CC3CCC13CCCCC32.CCCCCCCCC1OC1C,0.1659,590.03,10.998,2,3
C.CCCCCCC1CC23CC2C(CCCC2CCC24CCC4)NCN1C3NCCCCCCCNC,0.1656,516.9,7.439,3,4
CCCCCCCCCN[SH](O)CCCCN(C)C1NCNC2NCNC21,0.1654,404.67,1.749,7,7
C.CCC(O)CCCCCCCCCCCC1CC(OC2CCCCC2)C1C.CNN1CC(N)O1.N,0.1654,516.86,6.873,4,7
C.C.CCCCCCCCCCCCCCCCCCC1C(C)CC23C4CCCC(C5CC5C2C2CC12)C43,0.1653,526.98,12.501,0,0
C.CCCCCC12CC1C2NCCNC(CCCCCN)N(CC)CC1CCC2CC2C1.CN,0.1652,479.84,4.949,4,5
CCC(O)NCC1CC1C(C)NC(O)C1CC2NCCC3C2C1NC1OC13C1CCC(OC2CCCCC2)CC1C,0.1651,574.85,3.072,6,8
CCCCCCNCCPC12C(C)C(C)(N)CC13C1C(CO)C4C(CC1C32)NC(CC)N4CCC1CCC(C)C1,0.165,574.88,5.41,4,5
CCC.CCC(O)NCCCC(C)CCCC1NC1NC1CC2C3CC3C2C(CC)C1N,0.1647,450.76,4.203,5,5
C.CCC1(CN)CC1CC1CC12CCC1C(C)C(C)C1C2.CCCCCCN1NC1CCCC1CCC2CC3C(C)N1C23,0.1647,597.03,8.851,2,4
CCC(O)N1CCCC1NNCCCOCOC1CCCCC1.CCCCNCCC,0.1641,444.71,3.731,4,7
CCOC(O)(I)CCNCCCCC(C)C1CCCCCC1,0.1634,425.4,4.861,2,3
CC1CCCN(C)C2CC3NC4CC5(C6C7C4C64C(CNCNC6CC(C8(C)CC8)ON6)N5C74F)C34C1CCN1C2C14,0.1633,579.81,1.445,4,8
C.C.CCCCCCCCCCCC1OC1CCCCCCCCCC,0.1628,370.71,9.478,0,1
CCCC1C2CC12C.CCCCCC12C(CCCC34CC3C3(C)C4CCC3(C)C1(C)CCCCC13ON1C3CC)CC1CC12,0.1628,604.02,11.58,0,2
CCCCC1CCCC2C(CCC3CCCNC3CCC(C)CCCNN3CC3CC)CCCCC12.S,0.1626,535.97,8.456,2,3
CC.CCC.CCCCC1CCC(C(CCCC(N)O)C2CC(CN3NS3(O)CC)C2)C(C)C1,0.1616,503.88,7.709,4,5
C.CCC(O)NCCCCNCCCNCN1CC1CCC1C2CC3CCCCC3C12C,0.1615,450.76,4.174,4,5
CCNC(O)CC1C(CCCCCCCCNC(O)CC)C1C1CCC2CC3C4CC4CC3C2C1,0.1607,488.8,5.924,4,4
CC.CCCCCCCCCCCC1CC2N3C(C)C(CCCC(O)OCC)CC123,0.1604,423.73,7.31,1,3
C.CCCCC(CCCCCNC)CCC1CCC(CCNCCCC2CCCCC(CC)CC2)C1,0.1604,506.95,10.162,2,2
CCN1CCCCC1C1C(C)C(CCC2C(C)C3C4CCNC4NCC23)CS2(OO2)N1CCC[SH](O)O,0.1603,560.87,4.463,5,8
CCCCCCCCCC1CCCCCC2CC2C2OC2C2CCCCC2NCCCC1COCCCCOC,0.1599,561.94,9.099,1,4
CCNCCCN(CCC(CC(CC)CSCCCC(C)C)OC)C1CCC2CCC(C3CCN(C)C3)NC2C1,0.1598,581.01,6.52,2,6
C.CC1CCC(N)NC1.CCCNNCC1CCC2C3CCC(C3CC)C2C1.CNCCCOCC(C)O,0.1596,541.91,4.509,6,7
CCC(CCC1OS12CO2)CC1CC2C(CC1C(N)O)N2C1CCCN(C(O)CCCCNC)C1,0.1591,514.78,2.69,4,8
C.CCCCC1C2NC2CC2C(CCCNCCC)CCCC34C(CCCC5C6CC6CCC6C(CC57CC67)NC5C(O)C153)C24,0.159,620.02,7.545,4,4
CCCCCCCCC1CC(CC2NC3C2CC2CN2C3CC2CCCCC(CCCC)CC2)C1CCC,0.1589,526.94,9.759,1,2
CC1CCCNC1.CCCCCCC(CC)CC1CCC(O)C1CCC(CCNOC)C(C)C,0.1588,482.84,7.36,3,4
CC.CCCCNC1NCNC2CCC(O)CC2C2C3NCCC(NCNCCOC)C(C)C3C2N1,0.1588,511.8,0.72,8,9
CCCC1CN1CNC(CCNCC1CCC2C(CCCCCCC3CC32)C1)C(C)C(CC)CNCC,0.1584,516.9,6.661,3,4
CCCC(S)C1CC2CC3CC3CCCCCC2NC(O)NC1CC(O)NC1CCCC1NC(O)CC,0.1584,540.86,3.441,8,8
CCNCCC12NC3CC(NCCC(C)C(C)(O)F)CCC3CC1C(C)C2CCCCCCCC(C)C,0.1581,523.87,6.818,4,4
CCCCCC1CC(CCCC2CCCCCNNC2)C(CCCN)C1C(C)I,0.1578,519.6,6.452,3,3
C.CCC.CCCC(CC)CNC.CCCCC(CC)C1CCC2OC3(C)C(CCCCCN)CCCC3C23OCC13.CO,0.1578,627.1,9.784,3,5
CCCC1(C)C(CCCCNC(O)CC)NC2CC2CCC(C)OCCN1CCCCCC1CCCC1C,0.1576,535.9,6.878,3,5
CCC(CCCC1NC(O)OC(CCCC2CC2C)C1C)CNCCCCCN(C)C(O)CC,0.1576,483.78,4.698,4,6
C.CCC.CCC1CC2C(C)CCC2CCCCCC12CC2CC(CCCCCCC(O)NC)C1CC12CC1CC1N2,0.1574,587.03,10.113,3,3
C.C.CC.CCC(O)NCC1CCC2CCOCC2C(C)(N(O)CC2C3CCCC4(NC(O)C5(CC34)CC3COC34COC4C5)C2C)CC1,0.1573,694.05,6.193,5,9
CCCC1O[SH]1CCCC12C3CN4CC5N6CCC(CCCCC(CC)C7CCC8CC87)CC6C56C(C31)C426,0.1569,538.89,6.865,1,3
NC1C(CCCC(O)O)C2CC3C(C12)N3NCC1CN1CCCCCCCN1CCCOCC1,0.1568,479.71,0.975,4,8
CCC12CC3C(CO)C45CCCI(CC4C1)NC2C51C(NCCC2CCCCCCCC4CC4C2)N31,0.1562,609.68,5.717,3,4
CCCC(O)NCCCCC(NC1C(C)C(C)C1CCC1CC2CCCCC2C1C)N(C)CC.N,0.1562,494.85,6.407,4,5
CC(CCCN1OC1CCCNCN)CCC12CCC3C4C5C6CCNCC6CCNN5C4C3C1N2,0.1561,501.76,1.596,5,8
CNCCCCNCCCOCCCCCCCCNCCCC(C)C(O)CCF.F,0.1561,453.7,4.202,4,5
CCC(O)NCCCCCCN1CC2C(N)OC2(CC2CCCCC2)C1.CCCNNC,0.1561,455.73,2.941,5,7
CC(C)CCCCCCCCCCCCCNCNCCC1CCCCCCC(C)C1,0.156,436.81,8.847,2,2
C.CC1CC1.CCC(C)CCC(NCCCCCCON)C1CC(N)C1C1C2CCCC3CCC(C)C31C2,0.1558,533.93,8.09,3,4
C.CC.CC.CC.CCC.CCCNNCOC1CC12CCCNC2CCN.CCN.N,0.1555,468.86,5.582,6,7
C.CCC(O)N1CCC2CCC(C34C(C)C3C3C(SNCNC(C)NC(O)C5CC6CC65C)C34)CC2C1,0.1555,534.86,4.055,5,7
C.CC.CC(CCCCNC1CCC(C)(F)C1)NCCCCCOCCC1CC1C.NC1CCC(N)NC1,0.1554,545.92,5.882,5,6
CCC(O)NCCC(C)C1CC1CC1C(CNCNCC2CCCN3CCCCC3CC2)CC2OC2N1C,0.1545,533.85,3.583,4,7
CCCC1OC1(CC)CCCOCCCCCC1CN2C(NC3CCC(N4CCN(CCOC)CC4)CC3)NCNC12,0.1543,592.91,3.548,3,9
CCC1NC(C2CC2C)CCC1O.CCCCCCCNCCCNC1CCCN(CCCC)C(CO)CC1,0.1542,552.93,5.466,5,6
C.C.C.C.C.C.CC.CC.CCCCNCCCCCCCCC(C)CCCCOCO,0.1541,471.94,10.749,2,3
CCC(CCCCCCC(C)CF)CCCCCC1CC12CCCCCC1(C)CC1C(CC1CC13CCCC1C3CC1(C)F)NCC2,0.1535,658.1,13.199,1,1
CCC(O)C1CC2C(CCCC3CC3C3(CC(C)C(C)C(C)CC4C(C)C4C)CCC3)C(C1)C2CC(CC)C(N)N,0.1529,570.99,8.873,3,3
CCCCC(CCC1CNN2CCCCC12)C(C)C(C)(N)C(F)CC(C)C(CN)CNCCNCCF,0.1529,530.84,4.003,5,6
CCC(CC(CC(N)CCCCCO)C1CNCNC1)C(O)NC1CCC(OC(F)(F)F)CC1,0.1527,496.66,2.811,6,7
CCNCCCCNCCCC1CC1CCCCCCCCCCC1(N)CCCCCCC1,0.1526,463.84,7.725,3,3
C.CCCCCCC1CCC1CCCCCCCCN(C1CC(CF)C2(O)CCCCC(C)CC2C1)C(C)C1CCNC1,0.1524,607.04,10.345,2,3
CC.CC.CCCCCCCN(CCC(CC)CCCCC)C1COC(C23CCNC4CC4C2CCCCCC3CC)C(C)CC1N,0.1523,662.19,11.403,2,4
C.CCCCC1CCCC(CCCCCCCCCCCCCCCCCCNCC)C1,0.1522,451.87,10.86,1,1
C.C.C.CC.CCCCC.CCCCCCCCCCCCCCCCNC(O)CC,0.1516,449.89,10.917,2,2
CC1CC1CCCCCCCC1CCC2CC1C21NC1CCCCC12CC1C2.NN,0.1512,415.71,5.919,3,3
C.C.CCCC1CC(C)CC12CC2C.CCCNCC1C(CCCCNCC2COC2CCOC)CC2C(C)N12,0.1509,565.97,7.39,2,5
CCCCCCNCCOC(O)C(C)NCC(N)(O)C(CN)C1CC23C(CCC45CC4C52)C13,0.1505,464.7,1.374,6,7
CC.CCC.CCCCCCCCCC1CC23CC4CC4C2C13CCNCCCCC1OOC1C1CC1C,0.1496,531.91,9.737,1,3
CC.CCC(O)OCCC1CC1CCCC1SC2CCCCC2C1NC(O)NC1CCC(OC2CCCCC2)CN1,0.1495,597.95,5.879,5,8
C.C.C.C.CC.CCCCCCCCC(CC)CCCC1CC2C3CCC(C32)C2C(CC3(NC(O)CC)C(C)C23)O1,0.1492,582.06,11.276,2,3
COCCCCCCCCNCCC1CCNC(NC2(CCNCCC(C)C)CCCCC2)C1.Cl,0.149,517.29,6.019,4,5
CCCC(CC)CCN1CN2C(CCC)CC12.CCCNC(CCCCO)NC(C)C1CCC(O)C1,0.1484,510.85,5.29,4,6
CCC(O)N1CCCC(NC2NC(NC3CNN(CC(C)F)C3)N3C4C2C(Cl)NN43)C1,0.1484,462.02,-1.324,6,10
CCCC1CC1NC(O)CCCCCC1CC(CCC)C2C3C1C23.CCCCCCCCN,0.1482,462.81,7.267,3,3
CCC1(C)CC1CCCCCCCCCCC12CC1C1CC2C1CCCNCO.CCCN,0.1482,462.81,7.271,3,3
CCNCC(CCCN)ONC(O)C1C2N3C(C)C4(OC5CC46C47C5C58C9CS(C)(O)C5N8C46C97)C123,0.148,517.7,-0.545,5,9
CCCCCCCCCCCCCCCCCCC1CC1CCCCCC(C)C,0.1479,406.78,10.881,0,0
CCCCCC1CC1CCCCCCCCCCCCCCCCCCC(C)C,0.1479,406.78,10.881,0,0
CCC(CCCC1CC1)CC(CCC12CC3C4CCCC1CCCCCCCCCCC(C43)C2COC)C1CC1C(C)CC1CC1C1CC1C,0.1478,689.21,14.18,0,1
CCC(O)N1CCCC1CN1C(C2CCC(C(O)NC3CC(C(F)(F)F)CCN3)CC2)C12CNCC(CCN)C2C.N,0.1477,605.84,2.571,7,9
CC(OCCN)C1CC(NC2NC(C3CCCC(NC(O)C4CCC(C56CC5C6)CC4)C3C)CN3CC3O2)CCC1CO,0.1476,603.89,2.56,6,9
CCC1CCCCC(CCCCCC(C)CCCCCCCC2CC2CCCC2C3CCN(C)C2(C)C3CN)CC1,0.1475,571.04,11.022,1,2
CC.CCCCCNCCCC(O)CC(NCNCCCC)NC1CCC(O)CC1,0.1474,430.72,3.48,6,6
CCCNCCC1C(CCC(C)C2CCC2CC2OC2CCCCC(C)C)CCCC2CCCCCCCCCC21,0.1471,572.02,11.366,1,2
CNCCCC(C)CC(N)CCCC(C)CC1OC1CCCC1CC2C(C3(C)CC3CCN)C23CC13,0.1471,501.84,6.121,3,4
CCCC.CCCCCCCCN1CCC1CCCCCCC1CC1CCCCCCC.CF,0.1467,483.89,11.15,0,1
CCC(O)NCCCC(C)NC1NC2NC2(N)C1C1C2NC3CC4CCCCN4C3C21,0.1464,433.65,-0.594,7,8
C.CC1CC23CC2(NC2CC2CCCCC24CCC(C2)C4)C3C1C(O)NC1CNC(NC2CCCC(N)C2)NC1,0.146,556.88,3.378,7,7
CCCCCCCCCCCCC(CCC)CCNC(O)CCC(O)F.N,0.1458,392.64,6.242,4,4
CCC1C(F)COC1CNCCC1CC1C1CCCC(NN2CC(N)NNN2)CC2CN1C(O)C1(C)C(CC(F)(F)CN)C21,0.1446,631.83,0.782,8,11
CCCCCC1CCCC(CCCCCCC(CC)OC(CC)C(C)CCC)C1.OC12CN3CC3(C1)C2,0.1446,519.9,9.303,1,3
CC.CCC.CCCC.CCCCCC.CCCN1CCNC(O)C1CCCOCO.CNF,0.1446,499.84,6.661,4,6
CC.CCCC(CCC)CCCCCCF.NC(F)(F)C1CC2C(C1)C2NCC1NCCC2OC12,0.1446,505.75,6.43,3,4
C.CC1CCCCC1C1C(C)CCC2CC2C1CCC1CO1.CCCCCC(C)CCCCCNCCCC,0.1446,548.0,11.079,1,2
CCCCCCCCCCCCCCCCC1CC(CCCCCl)C12CCC1C(C)C1C2N,0.1445,480.27,9.893,1,1
CC.CCCOC.COCCCCCC12CC1CCC2C1C(C)CCC1CCCC1CC1CCCCC1NCCCC1C1CC1,0.1442,630.1,11.486,1,3
C.C.C.CC.CCC.CCCCCCC1CNCC1CC12CC3OC3C1C1(C2)CC1(C)N(N)O,0.1442,485.84,7.424,3,5
CC.CCCCCCCCCCCCCCC1CCCCCCC(CCCCCC(C)CC)CC1C,0.1439,506.99,13.713,0,0
CCC(CCCCC(C)C(C)C(C)C(C)CCCCCCCN)NCCCCC1CCC2CC2CC1,0.1439,504.93,9.755,2,2
C.CCC(CCCCC1CCC(CCCC(N)CCCCC2CC2CCC(C)(C)C)C1CC)CC12CCCC1OCC2,0.1438,588.06,12.131,1,2
CCCC1C(F)C12CCCCC2NC1CC1C.CCCCCCCCN(SC)C1CCCNC1.N.N,0.1437,531.92,7.684,4,6
C.C.CCC(C)C(CCCCC1CCCCC1)NCCCCCCC1CCC(CCC2CC3NC23)C1,0.1437,504.93,9.911,2,2
CCOCCCCCCCCC1CNC2NCC(F)CNC(CCNC(O)CC)C(C(C)C)C2N1,0.1432,501.78,2.89,6,7
CCC(O)NC1CCNC2CCC(NCNCCCN3CC(CCCC4CCCCC4)CC3C)CC2C1CC,0.1431,547.92,5.218,5,6
CCC(O)N(CO)CCCCSC1NCNC(N)C1N1CCC(OC2CCCCN2)NC1,0.1429,475.7,-0.695,7,11
C.CCC(C)NCCCC1CC2OC3C(N)CN4C3N4C3CC(CC4CC5CCC54)CCC123.CCCCCCC(C)CCC,0.1427,615.05,8.762,2,5
C.CCC(C)OCCNC1OC1(CC)C(CC)C(CCCCN)CCC1(NC)CCCC2(C)CC2C1,0.1426,509.86,6.642,3,5
CC.CCCCOCCN[SH]1NO1.NCC(N)CCC1CCCCCCN2CCCCC2CCC1,0.1419,519.89,5.358,5,7
CCCC1CC2CC2CCCNC1NCC.CCCCCCCCCCCCCNCCC(C)N,0.1415,494.9,7.372,4,4
CC(O)C(O)N1CCC(OC2CCC(C3NCCC(NC45CCCC(C4)N(CCCNC4COC4)CC5)N3)CC2CN)C(F)C1,0.1415,639.9,0.449,7,11
C.CCC1CN(CCNC(CC)NCNCOC)C1.CCCC(O)N1CCC2CCCN(C)C(CC1)C2CCO,0.1414,572.92,2.94,5,9
CCC1(C)CCCCCCCC1.CCCNC1ONCC1CCC(O)CCCCCNCC1CCCC(CC)C1,0.1413,565.97,8.508,4,5
C.CCC1CN(CCC2CCCC2)CCCC1N1CC1CCCCNCCCCCNC(C)OC,0.1412,494.85,5.89,2,5
CCCCCNCCOCCCCCNC1CC(CCCCN2CCC3CC3C2)C(C)C1(CN)CCCN,0.1411,535.91,4.763,4,6
C.CC.CCCCC1CC1CCC12CC1NCC2CCN1CC1CCCCCCCCC(O)CC,0.1408,492.88,8.199,2,3
CCCC(CC)CC1NC1C(CCCC1C2CC2C2C1NC(NC)C1C(C)C2C2C(C(CC)CC3CCCCC3)CC3C1C32)C1C2CCCCN21,0.1406,701.18,9.343,3,4
C.CC.CCCCCCCCC1CC1CCNCC1CC2CCCCC3NC3C2CCCCC(C)(C)CCN1F,0.1404,565.99,10.097,2,3
CCC(O)NCCNCCNC1C2C3CC3CC3C(CNN4CC45CC5C4CC5C6CCC6C5C4C32)CC2N1C2(CC)CC,0.1402,606.94,3.462,5,7
CCCC(O)CCC1C2C(C)CC1(CCC1C3CC3CC1C1OO1)C(CC)C2CCCC1CCOC(C23CC2C3)CC1C.CN,0.1401,628.0,8.769,2,5
CCCCCC1CCC(CCC2C(CC3CCCC(NCNCCOC)C3C)C3NC23)N1.CN,0.14,479.8,3.607,5,6
CCC1C(C2NNCCN3CC3C(C3CCC(C(O)NC4CC(C(F)(F)F)CCN4)CC3F)N2)CC2OC(O)C21C,0.1398,592.72,1.383,7,9
CC.CCC1CCOC(NNCC(C)CC(CCCC(F)NF)NC)NC(O)CCC1C,0.1398,467.69,3.715,6,7
CCCC.CCCNC(C1CC2C3C4(CCCC(C)C)C1CC23C1C4N1C(O)CC)[SH](C)CC1C2CCCCCOC21,0.1397,605.03,7.834,3,4
C.C.C.C.C.C.C.C.C.C.CCC(O)CCCCCCCNCCCCI.F,0.1396,535.74,10.416,2,2
C.CCC1(NCCCCNCOC(C)C)NNC(C2NO2)C2NC(CC3CC34CC4C)CC21,0.1395,466.72,2.191,6,8
CCCCCCCCCC1CC(C(N)C(O)O)C1NC(C)C1CCC(CCC2CCCCC2)CC1,0.1393,492.83,6.915,4,4
CC1CC(N)C1C.CCCCCCC(O)C(CC)CCCCCCCCCCCCC(C)C1CC1CC,0.1391,521.96,10.697,2,2
C.CCCCCCCSC(CC)CCC1C2CC(CNCN)N3CC(CCCCCC)NC3C12,0.139,496.89,6.596,3,5
CCCCCCCCCCCCC(N)NCC(CNCC1CCCCC1N)C(N)O,0.139,427.72,3.172,6,6
CC.CCCCCCC1CC1.CCCCCCCCC1NCC1CCCCCCCCCC1CC1(C)O,0.1388,521.96,11.0,2,2
CC.CCCCCCCCCCCCCCC(C)CCCCCCC1CC2CC12.CCCCF.CN.O,0.1387,531.97,11.243,1,1
CC.CCCCCCC1CCCC(NCCC2CC(C(CN)CCCCCC(C)C)CCN2)NOC2CC2C1,0.1384,550.96,7.938,4,5
CC.CCCCCCCC(CNCCC1CN1C)CNC(C)NCCCCCN,0.1383,413.74,3.937,4,5
CCCCCCCCCC1CCCC2OCCC3C(CC2C1CC)C(C)C3CC(CC)N(C)CCCC1(CC)CC1CNC,0.1381,615.09,10.763,1,3
CCC(CCCCNCCCC1CCC1(C)O)C(C)CNCON1CC1C.CCN1CCCCCC1,0.1381,510.85,5.415,3,6
C.C.CC.CC(N)OO.CCCC1CCCCCPNC1.CCO.NCl,0.1376,424.05,5.336,5,6
C.CCCCCCCCN1C(CC2CC2(C)CCC2NCCC3CC4C(CCCCNC(CN)N2C)CC3C4C)C1C1CC1,0.1376,614.06,7.847,3,5
C.CC.CCCCCC1CCC(O)CC1CCC(CC)CC(CC)C(CC)CCCC1C(Cl)CCNC1C,0.1375,558.42,11.031,2,2
CCC(C)C(CC)CCC1C2OC2NCCC(C(O)CC)C1(O)NC1CNC(NC2CCCC(N)C2)NC1,0.1373,538.82,1.543,8,9
CC(CCC1CC2CCCCC21)NC(CCC1CCCC(NC(O)C2CCCCCCC3CC32)C1)C(C(C)C)C(N)O,0.1372,587.98,7.342,5,5
C.CC1OC1NCCCCCCCCCCCC12CCCCCCC1C(CCC1CCCC3CC4CCCC(C4)C3C1)N2,0.137,599.05,10.952,2,3
COCCCC(C)CCCCCCC(CC1CCCCC1)C1CCC1(CN1C(C)CCC1C1CC1C)NO,0.137,532.9,8.613,2,4
CC.CCCCCCC(CC)NNCC1CNC(NCCCC)NC1NC1CCC(O)CC1,0.137,470.79,3.557,7,7
C.CC.CCCCCC(O)N(CN)CCCC1CN(C2CCC(O)CC2)C2NC(CC(N)CCC)NCC12,0.1366,542.9,3.76,6,8
CCC(O)NCC1CC1CCC(C(C)CCCC1CN1CCO)C(F)CNC1CC1CC1CC2C3CC23C1,0.1364,533.82,4.572,4,5
CCCCCNCCCCC1CC2CC3CC4C(CCCC34)OC2CCCC1CNC1CC1CNC(O)CC,0.1364,545.9,6.249,4,5
CC[SH]1CCC2CC34C5C(NC(O)N3C4(CC)C5C2C(C)CC2CCCCC2)C1C(O)NC1CCCC1C1C2C1C21CC1,0.1363,611.98,5.452,5,5
CCCCCCC1CCCC(CC(C)CCCCCC2CC2F)C(CC(CNC)NCC2CNN(C)C2)CC1,0.1356,550.94,7.738,3,4
C.C.CCCCC(CCCCCCCCCCC1CCCC2C(C)CCCC12)CCCC1CCC(C23CC2C3)CC1,0.1354,571.08,14.205,0,0
CCCC(CNC1CCCC1CCC1CC1OCC1CC1C(C)CCC)NCCCCCCOC(C)C,0.1352,520.89,7.746,2,4
CCCCCOCCCCOCNCCCC.NC1CCCCC1CC1CC2N3C1(N)C23F,0.1352,470.72,4.27,3,6
CCCNCCCCOCCCCCCCCCCN1OC1CC(C)CC(C)C(C)(C)C,0.1351,454.78,7.575,1,4
C.C.CCNCCCCCCCCCCCCC1NC(C)CPCCNC2CCCCCCC(C)CCCCCCC21,0.135,612.07,11.103,3,3
CC.CCCCCC(C)CC1(C)CCC1NC1CC1C1NNCC(C2CCC(OC3CCCCC3)CC2C)C2C1C1NCCC12C.N,0.1348,658.12,8.789,5,6
CC.CCCCCCCCNCC1CCCCC12CC2N1CC1CCCC(CC)CCCCCC,0.1348,490.91,9.763,1,2
CCC(O)N(CC)CCCCCCC1NCNCNCNC(NCCC(C)NC)N1,0.1347,430.69,0.019,8,9
C.CC.CCC.CCC(CC)C(C)(C)F.CCCCCCCCCCCCC1CC1CC1(F)CC1CCC(C)C,0.1346,575.05,14.737,0,0
C.C.CCCNCCCCCCC(C)(F)CCCCCCNCCCCC1CCCCCCCCCCCC1C,0.1341,571.05,12.204,2,2
CCCC1CC1CCCCC(CCCCCCCCC(C)C(C)C)CC1C2C3CC4CC5CC6CC6CC5CC43C12C,0.1341,577.04,12.747,0,0
CCCCC(CCOC)CC1NC2CC1N2CCCC(C)NCOON(C)C1CCC23CC2C13,0.1341,478.72,3.901,2,7
C.C.CC1CC1CCCCCCCCCCCCCCCCCCCC1CC2CC2CC2CC2CCCC1C,0.1336,545.04,13.815,0,0
C.CC.CCC1C(CCCCCC(CC)C(C)(C)N)CC(N)(N2C3CC32C2CC2C)C1C(F)CCCC(C)O,0.1335,553.94,8.052,3,4
C.C.CCCNCCCCN1NC(NC2CCC(CCNC(C)C)CC2)C(C(N)F)C1CC.OC(F)F,0.1333,542.82,4.572,6,7
CNCC(CCNCCCCNC1NCC(CNCCC(C)C)CC1CCCO)CCC1CC1,0.1332,481.81,3.322,6,6
CNCCCNCCC1C23CC(CNC4OC45CCC4C5CC45CC5)C(O)C12C(CCCOCN)C3,0.1328,502.74,2.187,5,7
CCCCCC1CC1CCC1CC1CCCC(C)CCC.CCCCCCCCCNCCCC,0.1323,491.93,11.352,1,1
CCCCCCCC1CCC2C3CCC(C4NN(C(C)CCCNC(O)CC)C5NCNC(N)C45)C2(O)N13,0.1322,535.82,1.961,7,9
CC.CC1CC(CCCCN)CCN1.CCCCNONCNC1CCC(Cl)C1C,0.1321,450.16,4.295,5,6
CC.CCCC1CC1CCC1CCCCCCCCC2OC2NC(CC)C(CCCC2C(CCCCC(O)CC)CC3CC32)C1,0.1318,630.1,11.853,2,3
CCCC(S)CC.CCCCCCCC1CCC(CC2CC2CCCCC2CCCCCCCCCCC2C)C2CC12,0.1318,603.14,14.258,1,1
C.C.CC.CCC(O)NCCCCCNCCCCCC1CC2C3CCC4C5C6CC7CCNCC7C(C1)(C32)C465,0.1317,559.97,7.467,4,4
CCC(CCN)(CN(C)CCCCC1CC1)N1CC(C2NCNC3NCCC32)CN1.CCC(F)CCCC1OC1C,0.1316,581.91,3.579,5,8
C.CCC1NC1COCNCCCC(C)CN(C)C.CCCCC1C(CC)C1CCC(C)C,0.1316,469.84,6.8,2,4
CCCCCCCNCN1CC1NCCC(CC)C(C)C1C(C)OC2C(CCCCCCC)CC21,0.1316,491.85,7.188,2,4
CC.OCCNCC1C2CCCCCC3N2CCC2NCCC(NN4C5CC[IH]C54)CC213,0.1314,561.6,2.36,4,6
C.CCCC1CCCCC(C2(C)CC2)C1C(CC)NC(Br)CC.COCC1CCC2NNC3CCCCC32C1,0.1309,612.83,8.983,3,4
C.CCC(O)NCCCCCC1CC1CC(C)C1N2CC1(C1(ON)CCCC3(CC1)OC1CCCCC13)CCN2,0.1307,562.88,5.663,4,7
CNCCCCCCC(C)NCCC(CCC1NN(CCCCC2CCCCC2C)O1)CC1CCCCC1,0.1304,534.92,7.966,3,5
CCCCC(CCCNC1(O)CC1C)NCCC1(C2NNCNC2N)CCC(OC2CCCCC2)CC1,0.1296,522.82,3.21,7,8
C.CCCCCC(CCNCCOC)CCNC(CCCN)NCNC1C2C3C(C)C3C12.O,0.1296,471.78,2.312,5,6
CCCC1CCC(OC(O)CC)CC1CCCCCCCCCC(CC)C1CCC(OC2CC3CC3C2)CC1,0.1293,546.92,10.227,1,3
CC.CCC.CCCCCCC1CC1CCCCCC(N)NCCCCCC1CCCCCC23CC2CC3CC1,0.1291,561.04,11.807,2,2
C.CCCCCCCC1CC1CCCCC(C)(CC)CCCCC1(C)CC1CCCCCC(O)CC,0.129,506.94,11.904,1,1
C.C1CCC2CCC3CCOC3C2C2CC2C1.CCC.CCC(CCCCCCOO)CCCC1CCN(C)CC1.CCN,0.1284,625.08,10.61,2,5
CCCCCCCCCC(CC)CCCCC1CCC(NC2CCCC3C(CCC4C5C6(C)CC456)CC23)N1CCCC,0.1281,581.03,11.135,1,2
C.C.CCC1(COCCCC(C)CC2CC2)CCCCCCCC(CCCNCCC2OC2C23CC2CCC3C)CCCCC1,0.128,632.12,12.162,1,3
C.CCCCCC1C(C)C(OCCOC(CCCCO)C(C)C)C1CCNCCNC(O)CC,0.1272,488.8,4.972,4,6
CCC.CCNCNC1CNC(F)C1CNC1CCCN(C(O)CC)C1.CS.N,0.1271,440.72,1.933,7,8
C.CCCC1CNONC1.CCCCCCC1CCCCN1C.OCNC1CCC(CC(F)(F)Cl)CC1,0.127,557.26,6.826,4,6
CC.CCCCCCCCCCCCCCCC(O)NCCCCCC1C2C(CC)C12C,0.1269,451.82,9.254,2,2
CCCCCCCCCC1CC1NC(CC)CC(CC)COCC1CCC(CN2CCCNCC2)C(C(C)(C)F)C1.CF,0.1267,614.01,8.978,2,4
CCC(O)NC1CCCCC1CCCCC1CC12CN2.CCCCCC(F)CC.N.N,0.1267,446.74,6.424,5,5
CCCCCCCC12CCN(C3CCCCCCC4CC4CCCCC3CC)C(CCC(C)NC(O)CC)C1O2,0.1264,560.95,8.991,2,4
CCC(CF)NCCCOCC(CC)C1CC23NNC4C2C4(CCC(N)NCN2CC4CCCC42)NC13,0.1264,521.77,1.429,6,8
CCC(O)NC1CCCC(NC2CC3CN3CC3N2N3C2N3C4NC(OCCCl)C(C)C423)C1S,0.126,514.14,-0.073,5,10
CC.CC(CCCCC1CCC1N)C(CCC(O)NC1CC2C(CC(F)(F)F)CC12)CCC1CN1,0.1259,503.74,5.98,4,4
CCNC(CC)CCC1CC(C)C1CCCCCCCCNCC(C)CC.CNN,0.1256,426.78,5.873,4,4
C.CCC(O)NCCCNC(O)CC(C)CCC1CCC2CCCC34CCC(C)C3N4CC21.CCCC,0.1255,523.89,6.531,4,5
CC.CC.CCCCCOCCCC(C)CC(CCCC1CC1CCC)N1CC2C3CC21C3CCCCNCC,0.1254,563.01,10.127,1,3
C.CCNCCCC1C2CC12C1CCC2C(CC(CC)CC3NC3CCCCCCCC(C)CC)C2C1,0.1253,514.93,9.234,2,2
C.CCC.CCCCCCCCCCCCCCCCNCCC1CC2CC3OC3CC2CCCCCC1CC,0.1248,564.04,12.29,1,2
CCCCCCCCCCCCCCCCCCCCCCCCCCCCC,0.1248,408.8,11.559,0,0
CNC(C)COCCNCCC1C(CCCCNCCN)C2CC(CC(F)(F)Cl)CCC2N2OC12,0.1247,524.14,3.135,4,7
CC.CC.CCC(CCNCNCCC1CCCCC1)(CNC)CC1CCC12C13C4C5NCCCCC6CCC6CCC51C423,0.1247,611.06,8.517,4,4
CCCCC(N)CCC(C)C(C)C(CCN)(NC)NCC(C(N)O)C1CC2CC(F)C(CCN)CC2N1,0.1246,529.83,1.747,8,8
CC.CCCNCCCCC(CC)CCC(CCC)CCCCCCCCCCC1(CC)CC1C,0.1246,493.95,11.742,1,1
CCNC1(C(N)N)C(CC2CC3C(OC4CCCCC4)C23)NCN1CCCCNC1(O)CN1C,0.124,479.71,0.102,6,9
C.CCCC1C(C(Br)C(O)CCCC2CC2CC(C)CCC23CCC24NC(C)C(C)C34)CCCCC1C1OCN2CCOCC2(C)C1O,0.1235,737.95,8.167,3,6
C.C.CCCCCCCCCCCCCC(CCCC1CC1C1CC1C)C(C)CCC1C23CCCC(C2)C1(C)C3,0.1233,557.05,13.671,0,0
CCC.CCC(CCCCO)C1CCC(CCCCC(C(C)CO)N2CCCC(N3CCC4C5CC(C)C6C5CC4C63O)C2CO)NC1,0.123,676.08,6.275,5,7
CCCCCCCCCCCC1C(CCCCCCCC2CCC2CCC2C(C)CC2C(C)C)C2CCC12,0.123,526.98,12.645,0,0
C.CCC(O)N(S)CCCCNC(O)C1CCCCCCOC(C2C3CCC4C(C5CCCCC5)C4C32)CC1,0.1228,566.94,7.03,4,6
C.CCCCCCC(NCCCCCCCNCCCCSCC)C1CC(CCCC)C1CC,0.1225,498.95,9.477,2,3
CCCCC(NC)C1ON1C(N)CCCCN1CNCNC(C)CN(C2CCCC(OC3CCCCC3)CC2)N1,0.1221,566.88,3.364,5,10
CCC(O)N1CCC2CCC(CCCCCCC(N)O)C1C2.NN1CNCC1OC1CCCNCN1,0.122,513.77,1.145,7,10
CCCCCCCCC(CC)C(CC)CCCCCC1CCCCCCCC1CC1OC1CCC,0.122,490.9,11.674,0,1
CCC.CCCCC1CC12CCCCCC2(C)CCCCCCCCCC(F)CCCCCCCCC(O)CC,0.1219,567.02,13.31,1,1
CC.CCCC1C2CCCC(C)C2C(CCC2C3CC23)CCC(C)NC(CC)CCNC1C1CCCC1CCCNC(O)CC,0.1211,630.1,9.557,4,4
CC.CC.CCCCCCCCCC1CNCC1CCCC1CC2C(C3CC3)C12CC1(CC(F)CC(O)CN)CC1(C)C,0.1209,607.04,10.092,3,3
C.CCCCCCCCCCCCCC(CCCCCCCCCCC)C1CCCCCCCC1C,0.1208,506.99,13.857,0,0
C.CCCC1CC1CCCCCC1(O)CC1NCCCCC(C)C(CCC)C1CCC1.CCCCC1CCCC1C(C)F,0.12,608.07,12.076,2,2
CCCCCCCCCCCCCCCCCCCNCCCCCCCCCCC,0.1199,437.84,10.758,1,1
C.C.C.CCC.CCCCCCCCCCNC1CC1CCCCC.CCCCCCNCC1CC1C.CCN,0.1196,574.12,11.787,3,3
C.CC.CCCC(O)CCCCCNCCCC1NC(O)NC(C(C)C)C(CC2CC3CCCCC3O2)C12CCCCC2C.O,0.1196,642.07,7.328,5,6
CCC(O)CCCCCCCC1N2C(O)C3CCCCCC4(CCN(CCNC(O)CC)C(C)(C)C4N)C3C12C,0.1195,564.9,4.575,5,7
C.CCC(CCF)C(CC)CNCCCCCCCCCCCCCCCNCC1CC1CC,0.1195,484.87,9.331,2,2
CCCCCC1NN(C2CCCC(CNC(O)C3CCCCC3OC)C(C)C2)C23NC2NCNC13,0.1194,492.75,2.208,6,8
CC.CCCCCCCCCCC12CCC3OC3NCOCCCC(CCC)CC(C3CCC3)C(CCC1CCCN)C(N)CC(C)C2,0.1188,676.17,11.124,3,5
C.C.CC.CC.CCN.CN.CNC(O)CCCCC1NC2CCC3CCCCCC4(CC3)CC4N12.CS,0.1182,566.04,6.966,6,7
CCCCCCCCCCCC.CCCCCCCCNCCCC1CC1CCCCCC(C)C,0.1181,493.95,11.886,1,1
C.CCC1CC1CCCCC1CC1CCCCCCCCCCCCC1OC1CC.CCCC,0.1179,478.89,11.53,0,1
CCCCCCCCCCCNCCCC(C)CC1CC(CCCCC(C)F)C1C1CC2NC2C1,0.1169,492.85,8.834,2,2
CCCCCCCN(N)CCNC(N)C1CNC2CC(CCC2CN)OC1N,0.1168,399.63,0.024,6,8
CCC1NC1CNNCNC1CCCNCC1NCCC1C2CCCC3C4CC(C)(C)CC34CC21,0.1166,486.79,2.967,6,6
NCCC(CNCCCNCCCCCCCCCCCF)N1CC(C2NCNC3NCCC32)CN1,0.1166,512.81,1.644,7,8
CCC(C)(C)C1CCC(CCCCC2(NCNC3CC4C5CC(CCCO)CCCC5C34)NC2C)CC1,0.1163,515.87,6.828,4,4
CCCCCCCCCCCC1CC2CCCC(N[SH](O)CC)C1(CC)C2CC(O)CCC,0.116,485.86,8.658,4,3
CC.CC(CCNCCC(C)C(C)C1CCC(Cl)CC1)NC(C)NCNCCC1C2CC(C)C12,0.116,499.27,6.205,4,4
CCCCCCCCCC1CCC(CCCCCCCCCCCC2CC2CCCCN(C)C)C1,0.1152,489.92,11.202,0,1
CCC(C)CNCCCCN(N)C1CCCNC1.CCC(CNC(C)C)C1CC2CC(C)CC(NC)C1C2,0.1152,536.94,5.001,5,6
C.CCC(O)NC1CCCCCCCCNCCC1C(F)CC(CC)NCO.CCCCCCC(C)(C)F,0.1149,551.89,7.4,5,5
CCCC(O)NCCCCCC(C(CC)CCNCOC1CCC(O)C1F)C1CNNCC1N,0.1148,489.72,1.764,7,8
C1CCNCC1.CC.CCCC(O)NCCCCCNCCCCCCCCOC1CCCCC1,0.1146,499.87,6.93,4,5
CC.CCCCCCC1CC1CCCCCC(CCO)NCC1C(C)C2C3N4C1CC1C(C)C(Cl)CC15C2C345,0.1144,561.34,7.881,2,3
CCC1CC(CCC2CC(C)C3(CC3CCCCCCCCCNC(O)CC)C2C)C1.CCCC(N)CC,0.1142,534.96,9.464,3,3
CCCC(CNCCNCC)NNC1CCC(CC2C(O)CCCC2CCCC(C)Cl)CC1,0.114,487.22,4.972,5,5
CCCC(C)CC1OC1CCCCCCCCC12CC(C3CCCC4CCC(CCCC5CC5CCC)C4N3)C1N2,0.1135,568.98,9.575,2,3
CCCCCCCC1C(NCNCCCCCCCC(C)CO)NC2C3CC4C5CCC(CCC3C12)C4C5,0.1132,529.9,7.075,4,4
C.C.CC.CCC(O)NCCC1CCCCC1C(CCCCC1CC1CC)CCC(CN)C(N)O,0.1132,501.89,6.654,5,5
CCCCN(N)CCCC(O)C(C)CCCCCCC1NCN1CC1CC2C(CCCC3(O)CC23)CN1,0.1128,521.84,3.798,5,7
CC.CCC(O)NCCCNCCCCC1C(CCCC(C)N)C(O)N1C(C)CCCCC(F)F,0.1126,508.78,4.831,5,6
CC.CCC(CCN)(CCNNCCC1C2CC12)N1CC(C(N)O)C(NC2CCC(F)CC2)N1,0.1124,485.74,1.56,7,8
CCCCCCCCCCCCCCCCCCCCCCC1CCC2CCC2CC12CC2CCCC,0.1123,514.97,13.221,0,0
CCNCNCCCCCCCCCC(C)N(C)CCC1CCNC(N2CCN3C4CC(C)(C)CC4CC3C2O)C1CO,0.1114,606.99,4.031,5,8
C.CCCC1CCCCCC1C(C)C(C)C.CCCCCCCCCCCCCC1C2CCC2C1CC1CC23CC2C13,0.1113,583.09,13.917,0,0
CC.CCC1NC2(N)C(O)CC3(F)C(CC)C(C)C4C3C42CCC1CCN.CCCC(C)NC1CCC(CNCC)CC1.CCCC1(F)CC1C.CF.O,0.1111,778.23,8.404,6,6
CC1CCC2CN1C21C(C)C1C1CCCC(NCNCCCCCCCNCCC2OC2CN)CC1,0.1109,503.82,3.847,4,6
C.C.CCCCCCCCCCCCCC(C)C(C)CCCC(C)C1CC1CCC1CCN2CC2C1,0.1106,505.96,11.549,0,1
CCCCC1(CC)CCCCCCC2CC(CCCNCCC(C(C)N)CC(N)C(C)CCC(CC(O)(CC)OCCC)C1CO)C2(C)C.N,0.1105,711.22,9.749,6,7
C.CCCCCCCC1OC1CCCC1CC1CCCCCCC1CC1CCCCCNCC,0.1104,477.86,9.703,1,2
CCCCOCCC(CC)CCCCCCC1CC(CC(NC(O)CC)C(C)O)CC1CCC,0.1104,483.82,7.46,3,4
CCCCCC(CCC)CN(CCOCCCC1CCCCCNNN1)C(O)CC.CCCP,0.1103,504.79,5.623,4,6
C.C.CNNC1C2C3COCCC3C(C)C2C2CC21NCCCC1CCCC(NC(O)C2CCC(C(C)(C)C)CC2)C1C,0.11,605.01,6.593,5,6
C.CCC(O)NCCCC(CC)C1CCC(C2CC2CCNCCCCC2CCCCC2C)C1.CCC1CCCC1C,0.1099,591.07,10.608,3,3
CCCC(C)N(CCCCC(O)CC)C(CCC)CC(CC)C(O)CCCNC(CC)CC(C)CF,0.1099,516.87,7.508,3,4
C.C.C.CCCCCCCCNCC1CCCCCCC1CCCCCCCCC12OC1C2CCCCC,0.1096,538.0,11.9,1,2
C.NCCCCNCCCCCCCCCCCCCNC1CCCC(CCC23CC2C3)CC1,0.1094,477.87,7.971,3,3
CCCCCCCCCCCCCCC(CCC1CCC(CCCCCCCC)O1)CC1CCCCC1,0.1091,518.96,12.743,0,1
CCCCCCCCCCCCCCCCCCCCCC(CC)CCCCCC(C)C,0.1091,450.88,12.441,0,0
C.CCCCC(CNC(CCCC1CC1CNCCC(C)CCC)C1CCC(C(C)O)CC1)C(N)O.O,0.1089,529.9,5.249,5,5
CCCCC(CCC(O)NNC1CC(C)CC(Cl)C1)CC1CN1C1NCCC2NCCC21.N,0.1087,487.18,3.315,6,7
C.CCCC(CCC(C)CCOC(O)CC)NCC1NNCCC1C(CN)NC1CCC(S2(F)CO2)CC1,0.108,565.89,4.235,6,8
CCCCC1(C)C2CC(CCCCCCC3CC3C3CC34CC4CCCCCCCCC3OC4C(CCOC)C34)C3C(C2)C31,0.1077,607.02,11.258,0,2
CC.CCCCCCCC1(C2C(N)NN3CC2N3)C2CCC(CC(O)NCNOC(C)C(C)(F)F)CC21,0.1074,532.77,3.834,6,8
CCCOOCCCCC1(CCNCCCCCCC(C)C)NCC1C1CCOOC2C(CC1)CC1CC12,0.1072,536.84,6.832,2,6
C.C.CCCCCCC1CCC1CCCCCCNNCNCCCNC1C2C(N)C12,0.1072,439.78,4.782,5,5
COCCC(C)CCNCCCCCCNNNCCCC1CCC23CC2NC2C(C(C)O)CC23CC1,0.107,521.84,3.886,6,7
C.CCC(CCN(C)OCNCCNC)CC(CN)CC1COC12C(CO)NC1CCC3C4CC3(C)CN4CCC12,0.1068,580.9,2.252,5,9
C.CCC(CCC(CCCCCNC(O)CC)CCC1CCCCC1CC)COCCCCC1CC1,0.1064,509.9,9.517,2,3
C.CCCCCNCCCNCNCNC1CC2CC(O)C3(CC)CC3CCC21CCCC1CC1CC,0.1063,520.89,6.029,5,5
C.CC.CCCCCOCCNCCCCC1(C2CCC2C)CC1.CNCCCCNCNCN,0.1058,501.89,5.481,5,6
CC.CCCCCCCCCCCCCNCCC1ON1CCC(C(CC)CN1CCC2CC2C1)C(F)(F)F,0.1057,561.86,8.813,1,4
C.CCCCC1OC1CCCCCCCCN1C(CC(N)O)NC2CCCCC(C3OC3CCCC)CC21,0.1053,537.87,6.484,3,6
CCC1C(CCCCCCCCCCC2CC2CC(C)C(CCCCNC(C)O)C(C)C)CCCCC2CC21,0.1047,545.98,10.773,2,2
C.CCNC1CC(C2C(C)N2CCCCCCCCCOCC2(C)CC2)NC1CNCCCCNC.CN,0.1043,540.93,4.115,5,7
C.CC.CCCF.CNN(CCC1NCNC2NCCC12)C1(CCN)CNC1CCNC(O)CCCC1CCC1,0.1039,574.92,2.624,8,9
C.CCCCC(CC)C(CCCCCCN1CC1CCC12CC13C1C3C12C)CCCC1CC1CCCC,0.1031,511.92,10.523,0,1
CCC(O)NCCCNC(C)C1CC1NCN1NC12CCC1CC(C)C3(CCCNC3CC2C)C2C(CO1)S13OC1N23.N,0.103,624.94,2.285,7,11
C.CC.CCCCCCOCNCCCC1CCC1CP(C)CC1CCC(NC(O)CC)CC1,0.1026,502.81,7.588,3,4
CC1CC23CC(CN1)C2C3CCC(C)NNNNCCC(N)O.NCC1CCCCCC1,0.1021,453.72,1.475,8,8
C.CCCCCCCCC1CC2CCCN3CC3CC12CCCCCCCCCCC(C)CCCCC,0.1018,517.97,11.981,0,1
C.CCC(O)NCCCCCC(CCCC1CC1C1CCCCC1CC)CCCC12CN1CCC2CC,0.1018,518.92,8.795,2,3
CCCNCNC1CCCCCCCCCCCC1CC1CC1(C)CNONCCCC1CCCCC1,0.1016,520.89,7.625,4,5
C.CCCCCCC(C)C.CCCCCCC1CC1CCCCCN1C(O)CCNC1C1NC2C(C)CC1C2CC1CO1,0.1015,606.04,8.744,3,5
CC.CCCCCCC1OC1CCCCNCNC(CCCN)C1(C2CC2)CCCNCC1CC,0.1011,494.85,5.971,4,5
CCC(CCNC(O)CC)CCC(O)CNC1(C)CC(NCCCCOCCCC2C3CC23C)N1,0.1011,496.78,3.31,6,7
C.C.CCCCCOCCCCCC(NCCCCC1OC1CCC)C1CCC(OC2CCCC(OC)C2F)CC1,0.1011,587.95,9.203,1,5
CCCC1(CCC2CCCCCCC3CC23C)CNC1CN1C(CCNCCC2CN2CF)C1NC.NCCCN,0.1009,579.94,4.026,5,7
C.CCCC1CCC2CC2CC2C(C3CCCCCC3C)CC(CCCCCCCCCCCCCCC3CC3C)C12CC,0.1008,611.14,14.841,0,0
CCC(O)NCCCCCCCCCCCCCCCCNCOC.CCCC1CC1(C)O,0.1006,472.8,6.517,4,5
CCCCCCCCCCC1C2CCCCC3(CCCCCC4CN4CC4CC4C(C)CC)CN3N1C2C(C)CC,0.1005,570.01,10.093,0,3
CC1C(C2C3NCCC(C4CNN(C)C4)N32)CCN(C(C)NCOCNC2CCC(C)(N)C2)C1Cl,0.1004,513.18,0.674,5,9
CCCCCCCCCCCCC(C(C)CCCCC)N1CC1OCCC1CCC2C3C(C4CC4C1NCC)C23,0.1002,556.96,9.447,1,3
CCC(O)NCNCNCNC(CCCC1CN1CC)CCC1CC1(C)CCCN,0.1002,426.69,1.734,6,7
C.CCCCNCCN(CC)C(CC)CCCCCCNCCN(C)C1CCCN(CC(O)CC)CCCCCC2CCC21.F,0.1,644.11,7.559,3,6
CCONCC1CN2C(CCC3CCCC(CCC(O)C(C)CC)CC3)NC(N(N)C3C4CC(N)CC43)C12,0.1,534.83,3.159,5,8
C.C.CCCCC1CCCCC1C(C)CCC1C(CCCCCCCC2CC2C)C2NC3CC3(CCCCNCCC(C)CC)C(C)C12,0.0999,671.24,13.483,2,2
CC(CCC1CC23CC(C)C4NC(C)N(CCCCNCC5NC5CCC5CC5)C4C2NNC13)CC1CCCCCC1,0.0992,582.97,5.543,5,6
C.CC.CNCCNC1CCC(NCC(C)N2CC(C)C2NCCCCCO[SH]2CC2)CCCC(C)N1,0.0991,546.96,4.057,6,7
CCCCCC(C)OCCCC(C)CCCCCCCNC(CCCCN(C)CC)CCC1COS1(C)O,0.0983,560.97,8.81,2,5
CC1CCCCC1.CCCCCC.CCCCNCCCCN1CCC2(C)C(CCCCC2C2NC2(O)CCCC23CC2(C)CN3)C1,0.0983,659.14,9.431,4,5
CCCCC(CC)CCCCCNCCCCCC1CC(CCN(C)C(O)CC)C1.CNCC1CC1,0.098,509.91,7.606,3,4
CC(N)N.CCC.CCC(O)OCCC(N)CCCCCCCC(CC)C(O)NC1CC(C(F)(F)F)CCN1,0.098,573.83,4.668,7,8
C.C.C.CC.CCC.CCCCCCCCCCCCCCCCCCCCCC1CCCCCCC2CN2CCC1C,0.0977,612.21,15.84,0,1
C.CCCO.CNCC(CC(CO)NC(C)NCC(C)C(C)C)C(CCN)C(CO)CN1CCN2C3CC(C)(C)CC3CC2C1O,0.0974,659.06,2.502,8,10
CCCCCCCC(C)CCCC(C)CCCCCNC1C2C3C(C4C(CCCCCC)C34NC)N12.CF.F,0.0974,555.93,8.875,2,3
C.CCCCC.CCCCCNCC1C(CCCNCCOCC)C1(C)CCCC1CNN(C)C1.CS,0.0974,547.0,7.04,4,6
C.C.CCC1CCCCC1CCCC(C)CCC1CCC(OC(N)C2CCC2NCNCCCCNC)N1,0.0971,539.94,6.356,5,6
CCCCC1CC1C(O)CCCN(C)CCCC1C2CC12CCCCCCCCCCCCCC1CC1CCC,0.0967,557.99,10.809,1,2
CCCCCCCCCCCCC(CC)CCNC1NNC2C3CCCCNC(O)N(CCCCCC)C3(C)C12,0.0965,563.96,7.042,5,6
CCCCC(CCCCCCCCC1OC1NCC)CCCCC1ONCC(CC)C1CCC1CC2CC2C1C,0.0965,560.95,9.427,2,4
CCCCCCCC1C(CCCCNC(O)CC)C1CCNCOC(CC)CCCCCC,0.0965,468.81,7.4,3,4
C.C1C2NC12.CC.CCC(O)OCCCCCCCC1(Cl)CCC(C)NC(C)NC1CC1CC1(O)F,0.0964,538.23,5.587,5,6
CCCCCCCCCCCNCCCCCCCNCOC(O)CCCCC1CC1C,0.0959,454.78,7.156,3,4
CCC(CCNCCNCNC1CC1O)CC(C)OC.CCCCC1CCCC(CCN(C)NC)C1,0.0952,513.86,4.127,5,7
CCCNC.CNCCNCCCCC1CCC2CC1CCC2C(CCCC1CCCCC1)NC1OC(C)C1CNC(C)(C)C,0.0951,634.1,7.482,5,6
C.CCC(O)NCCCCC(CCCCCNC1CN1C1C(C)C2CCCCCN21)CCC1CCC1CC,0.095,534.92,6.956,3,5
C.CCCCCOCCC1C2CCC2CC1C(CCC1CC1NCC1CCC2CCC(CCCC)C1C2)C1C(C)C1NCN,0.0947,614.06,9.029,3,4
C.CCCC1CC1CCC1CC1CCCCCCCCCCCCCCCCCC1(CC)CCCCC1CC(O)CC,0.0946,589.09,13.854,1,1
C.CCCC(O)NC1ON1CCCNC12C(C3CCC(O)(NC4CCCCC4)CC3)C13C(N)NNC1NC123,0.0942,536.77,0.072,9,11
C.CC.CCCCCC1CNC2(NC3OC34C2CC2C3CNCC3[SH]24)N1CCC(C)(C)CCNC(O)CC,0.0942,555.92,3.928,6,7
CCC1CCCCNC1(C)CCC(C)CC(O)CCC1CC1NCC(C)C12C3CC1(CNC2C(C)NNS)C1CCC13,0.0941,604.01,5.438,7,7
CCCCOCCC1(C(C)C(C)NCNC(CC2NN2CCC)C2CCC3(CC2)OC32CCCCC2)NC1C1CC1C,0.0929,587.94,5.698,4,7
CC.CCCCCNCCCCCNCCCCC1NCNC(CCC(C)CC(CC)CNC)CN1.CO,0.0928,544.96,4.818,7,7
CCCCC(C)CCCCCCC(C)CCCCNC(N)CCNC1NCCC2C(CCO)CNCN12,0.0927,524.88,4.321,6,7
CCC.CCCCCCCCC1CC1CCCOCCCCCCCCCCCCCC1CCCC1CCC,0.0927,549.03,13.484,0,1
CC.CC1C(CCCCNC2CCOCC2)NC(C(N)C(N)O)C1NC1CCCC(CN2OC2C2CC3CCCCC32)C1N,0.0925,621.96,2.386,7,10
C.CCC.CCCCC1C(CCCCCN(C)CCCC2CC2C)C(CCCCCCCC(CF)CC2C3C4CC4C23)N1CC,0.0924,633.12,12.065,0,2
C.CCC(O)NCCCCCC1CC1CCCCC1CC1NCCC1CC1CCC12CC1CCC2C.CCN,0.0924,547.96,7.883,4,4
CCCC(O)NCCC(C)CNC(CCNCC(N)OCCN)C1CCC(OC2CCCC(OC)C2F)CC1,0.0922,561.83,2.4,6,9
CCC1CNCCC1C.CCCCC(C)CCCCCNC(O)NCCC(O)NCC1CCN1C(O)CC,0.0922,543.88,3.571,7,8
CC.CCC1COCCCCCC1C(CC)NOC(C)CCN.CCNCCC1CN1CCC(C)CCC(F)F,0.0922,578.92,7.024,3,6
C.CC.CCCCCCCNC(C)C(CN1CC(CCCN)C(F)C(F)(CF)C1(CC)CCN)C(N)O.CCNC,0.092,600.94,4.9,6,7
CCC(O)NCCCCCCCC(C)CCCC1CCCCC2C(CCNC(S)C1)C1C2CC2C3C24C2CCCC4C123,0.0918,599.03,8.812,4,4
CCCCCCCC(CC(O)C1NCC(C2(C)CC2)O1)C1CCC(CCCNCNC(C)CNC)CC1.N,0.0917,539.89,5.322,6,7
CCCCC1(C)OC1CCCCC(CCCO)CCC(C)(F)CCCCCCC1CCC1CCOCC.F,0.0915,546.87,9.737,1,3
CCC.CNC1C(CNCC2CC3NC3C2CCCC(O)CC2CCCCC(C)(F)NCC2)CN1N.NF,0.0909,547.82,2.926,7,8
CC.CC1CC1COCCCCCNNCCC(O)NC1CCC(OC(N)(F)F)CN1,0.0909,453.62,1.852,6,8
CC.CCC(C)N.CN1CC1CCCCCCCCCCCCCCCCCNCCC12NC1O2.N,0.0906,513.9,7.109,4,6
CC(N)(CN1C2CCCC1C2)NC1N(N)C1(N)CCCCCCCCCCCCCC(O)F,0.0902,470.72,3.407,5,7
CC(C)CCCCCC(C)NC1NC(CCCCCCCC2NC2CCCCCC(C)CO)C1C,0.0901,493.87,7.155,4,4
C.CCCCCCCCCCCNCCCCCCC(CC)C(CCCCC)CCC1CCC(C2CCN3C4COC4C3C2)CC1,0.09,645.16,12.364,1,3
CC1CC2C3SC3C3CC1C23.CCC.CCCCCCOC(NCC)C(N)C(C)C1NCNC2C3C(CCCC)NCCC3N12,0.0899,649.09,5.946,5,8
CC.CCCC1CC1CCCCCC1OC1C(O)OC.CCCCCCCC1CCCC2(CCC2(CC)CCC)C1.S,0.0896,613.09,11.758,1,3
CCCCC1NC1(N)CCC1C(CCCCCCC(C)CCC)CC1NCCCNCCC1CC1C,0.0894,504.89,6.981,4,4
C.CC.CCC(C)C(CCCC1OC1CCCCCNC1CCC(C)OC1)N(N)C(O)CC,0.0887,473.79,5.623,3,6
CC.CCCCC1COCCC1CCNCNNNCCCCCCC1CC1CCOCCC,0.0885,484.81,5.795,4,6
CCCCC(C)NCCCCCCCCC1CC1CN(C)C(CC)CCCCCCC(CCNC)C(C)N,0.0883,536.98,8.145,3,4
CC(C)C(C)CN.CCCC(CCCC(O)C(CC)CCCCP)NNC1CCCN(C(O)CC)C1,0.0883,532.84,5.282,5,6
CCCCNC(O)CCCC1C(F)CN1NC(C1NCNC(NC2CNN(C)C2)N1)C(N)OC,0.088,490.67,-2.551,9,12
CCCCNCCCCCCCCNC(C)CC(CC)C1ON1C1CC2C1N1CC(N)CCCCNN21.ClI,0.0879,684.2,5.318,4,8
C.CC1CC1.CCC1C(CCCCCONCCCCCC(F)F)C2C(CCCN3OC3CC)CNCCNCC12.O,0.0874,606.93,6.582,3,6
CCCCC(CC)CC1CC1CCCCN(CC)CCCNCCC(CCCCCCN)CCCN1CCCCC1,0.0873,577.04,8.883,2,4
CCCCNC(C(N)C1CCNC1CCC(C)C(O)N(CC)CCO)C1CCCC(NC(O)C2CCC3(CC2)CC3(C)C)C1C,0.0872,636.02,4.418,7,8
CC.CCCC(CC1CCC(C(C)CO)CC1)C1CC1CC(C)OCCCCCC(N)CCCCCCC(CC)CCC1CCC1,0.0872,648.16,12.52,2,3
CNNCCCN(CCCCCC(O)CC(C)C1C(NC)CC2NC21)C12C3C1C31N3C4NC(C)(C)C4C321.N,0.0871,530.81,0.603,7,9
C.CC.CCCCCC(CCCCCC(C)NCNCCCCCCCCNC)CC1CC1CC,0.0868,497.94,9.317,3,3
C.CC(C)CCN.CCCCCCCCCCNCNC1CCC(NCCCC(CC)CCC)CC1,0.0868,512.96,8.398,4,4
C.C.CCCCCN(CCCCCCNCCCC1(CCC2CCCC2)CN1)CN1CC1CC1CC1CCC(C)(C)C,0.0867,591.07,9.488,2,4
CCCCNCCNCCCCCCNC(O)CCC1CC1NCC(C)(C)C12CCCC(C1)C2CCC,0.0867,520.89,5.825,5,5
CC.CCC(O)NCCCCCN(C(C)CCCNC12CCCC1C2)C(C)CCNCCCCC(F)F.F,0.0866,552.86,6.46,4,5
CCCN(C(C)CC1CC1CCCCC1(CC)C2C3CNC(C3)C21)C(CC)CNCCCCCN(CC)C(O)CC,0.0865,574.98,6.896,3,5
C.CC.CCCCCCCCC(CC)CC12OC1C2CCCCCCCCCCCCCC1CCCCC1C,0.0863,549.03,13.481,0,1
C.CC.CCCCC1(C)OC1(F)CCCCCCCCCCC(CCCCCCCC(C)CN)N1CC12CCC1NC12,0.0861,596.02,10.077,2,4
C.CCCCCCCCCCCCCCCCCCC1C(CCCCCCCCCC)C1(CC)CCC,0.086,521.02,14.247,0,0
CCC(C)C(CCCCCCCCCCCC1C2C3C(C)CNC4C(C)N1CC1N4C321)NC1(O)CCC2C(C(C)CC)CC21,0.0859,611.02,7.383,3,5
C.CCCCCCCCCCCCCN1CCCC(NCCCCCCCCC(O)CC)C(CCC)N2CC2C1,0.0854,566.02,9.342,2,4
C.CCC1NC1CCCCCCC1CC1CCCCCCCNCC1NC2C(C(C)C)CC(C3CCCCC3)C(N)C12,0.0853,587.04,8.436,4,4
C.CCCCCC1NC12CCC(CCCC1C3C(CO)C4CC(N4CCC4CCCC4CC4CC4)C1(N(C)CO)C3CC)NC2,0.0848,629.03,6.4,4,6
C.C.CC.CCCCCCCCCCCCCCC(C)(CCC1CCC1CCCCCCCC(C)(O)O)C(C)C,0.0846,571.07,13.276,2,2
CCCCC1CCCC(O)NC(OC)C(CCCC2CCCC(CCCSCCC)CC2)C(C2CCCNC2S)C1,0.0845,613.08,9.025,4,6
C.CCCCC.CCCCCCCC1OC1CC1C2CCCC(C(CC)CCCCC(C)CCCF)CC2C1CNCCC.O,0.0842,642.13,12.153,1,2
CCCCNCCC1OC2CC3C1C1C4CC5(C(CCC(CCOCNC)C5CC)C(O)CCCCCCCCCCC(C(C)CN)NC2O)C31C4,0.0839,731.16,6.965,6,8
C.CC.CCCCCCCCC.CCCCCCCCCCCCC.CCCCCCCCCCCCCCCC.CN,0.0832,616.25,16.799,1,1
CCC1N(CCC2CC3CCC(CN)C(C(CCNCCNC(CCN)CC4OC4CNC)CCOC)(C2)N3)C12CC2,0.0826,591.93,1.795,6,9
CCC(C)CCOCC[IH]C1CCC(CC2CN2)CCCC1CNC1CC1CCC1CC23CC2N1C3.FCl,0.0825,668.16,6.784,2,4
CCCNNC(CC)C(CCCCCCCNC(O)CC)CCCC1COC2CCC(CC)C2C1,0.0825,495.84,6.556,4,5
CCCCC(NCCCCCCN(CC)C(CC)NCCCC1CCCCC1)C(CCC)C(C)C.CCNC,0.0825,553.02,9.001,3,4
C.CC.CCC(O)NC1CC2(C)CCN1CN2.CCCOCCCCO.CO.NNCC(N)O,0.0819,500.77,0.229,9,11
C.C.C.CC.CCC(O)NCCCCCCCCCCCC(C)C1CN1CC.CCCCCCC1CCC2CC12,0.0818,571.08,11.483,2,3
CCC1NC1NCCCCC(CCCCCCNC(O)CCO)C(C)CCC1CC2CC3CCC2C13,0.0818,505.83,5.41,5,5
C.CCC(O)NCCCC(C)NC(O)C1C2NC(O)N3C4(CCC5C6CC7C8C5C4C78C6)C34C2C2NCC4[SH]21.O,0.0816,579.85,-0.143,8,8
CCCCCCCC(CCCCNCCCCC(CC)C(O)NC1CCC(OC(F)(F)F)CC1)NC.CN,0.0806,554.83,6.222,5,6
CCCCCCOCCCC(CC)N1CC(CNC)C(CC(O)NCCCCNC(O)CC)NC1O,0.0805,517.8,1.924,7,9
CCCCC(CCCCCCCCNCNC)NC.CCNCCCCCC1CCCCCCCCCC1C,0.0798,553.02,9.195,4,4
C.CC.CCCCCCCCCCCCCC(C)CCCCCC(C)CCNCCCCCCCCCCCC,0.0797,568.12,14.473,1,1
C.C.CC.CCC(CCCCCCCCCN)CCNCCCNCCCC1CCCCCCNCCCCCCC2CC12.CN,0.0794,656.23,10.461,5,5
CCCCCCCCCCCCCCN(C)C(N)NCCCCCCCC1OC12CNC(C13CC1C3)O2,0.0794,520.85,6.243,3,6
CCC.CCC.CCCCCCCCCCCNCNC(CC)C(CC)CCCC1CC1NC(O)CC,0.079,527.97,9.168,4,4
C.C.C.CC.CCC.CCCCCCCCOCCCCCCC1CCC1CCCCCCCCCCCCCCOC,0.0778,617.19,15.409,0,2
CC.CCCCCCNCCCCCCC(CC)CN(O)CC1CCC(NC(CC)CPC)CC1,0.0774,515.85,8.086,3,4
CCCCCC1CC1CCC(CCC[SH]1CO1)CC1C(O)CC1CCC1CCCCC(N)C1.N,0.0766,498.86,7.52,4,4
C.CCCC(CC(F)CC)C(CNCCCCCC1CCC1CCN(C)CNCCCC1NCC1C)CC(C)C,0.0765,569.0,8.273,3,4
CC.CC.CC.CC1CN2CCOCC2CC1CCCNNCNCCCCO.CCCCNNCCNC,0.0764,563.96,3.716,7,9
CC.CCCCC.CCCCC(C)CC.CCCCCCCCCCCCC.CCCNCNC1CC2CCCCNC1N2,0.0756,627.19,12.126,4,4
C.CCC(O)N(C)CCCCNN1CC1C1NCOC1C1CC2C3(CCN1)CCC1CCCCC123.CCNNCN,0.0753,580.91,1.922,7,10
CCCCCCCC(CC)CCCNCCCCC1CC(CCN)C1C(CC)CC1CCC2(OC1)OC2CCC.CCN,0.0752,608.05,9.217,3,5
C.CCCCCCCCCCCCC(C)CCCCCCCCC(CCCC)CCCCCCCCCC,0.075,537.06,15.028,0,0
C.CCC(O)CCCCCCCNCNCCC1COCCCC(C2C3NC32)CCCCCCC(CC)(CF)CCCC1C,0.0739,626.04,8.787,4,5
Br.CN(N)C1CNCCCC(CCNOCCCNCN)NC1N1C2CCC(F)CC21,0.0737,511.53,-0.212,6,9
C.CCCCCCCC(CNNCCC(C)CCC(C)CCCCCC1CC1C)CC(CC)CCC12CCCCC1C2,0.0736,589.09,12.519,2,2
CCCNCCCNCCCCNCNC(CC)NCCC1CC2CC1C(CC1CCC(C)(Cl)C1)C2O,0.0733,542.3,4.419,6,6
C.C.CCCC1NN1C.CCCCCCNCC(C)CCNCCCNNNCC1CCCCC1C,0.0733,515.92,5.422,6,7
CCCCCCCCC(CNNCCCO)C(C)NCCCCCCCCCC1CC1CCC,0.0731,481.85,7.365,4,4
C.CC.CC.CCCCCCC(CC1OC1CCNNC1(CC)CCCC1CCCCCF)C(C)CCCCC,0.0726,573.02,11.598,2,3
CC.CCCCCNC1CC2CCC(CON3CCCCC3)CC2C1CCCCNCC.CCCNCCCNCCC1CC1CCC,0.0723,678.19,9.203,4,6
CCC(O)NC1CC2OC23CPC2C(Cl)C4CCCC5C(CCC(I6CCC(CCCC(C)CCC7CCCCC8CC8C7C)CC6)C45)C2C13,0.0716,842.41,10.905,2,3
C.CC1CN1CN.CCCCCCCCNCCCCNCC(CC)C(C)CCNC(O)CCN,0.0715,502.88,3.858,6,7
C.C.CC.CCC(CCC(O)NCCCN(C)CC(CCN)N1CC(C2NCCC3CCCC32)CN1)C(F)(F)F.CCCC.F,0.0709,661.02,6.774,5,7
CCC(O)NCCCCNC1NC1NC1NC1CCCC1OCC1C1C2CC(C2)C1CC.CCCCNCC,0.0702,550.88,3.081,7,8
C.C.C.CC.CC.CC.CCCCCCC(CC)C(C)C(CCCCC)CCCCCC(C)CCCCCCCC(C)CCCC,0.0702,659.35,18.946,0,0
CC.CC(C)N.CCC(O)NC12C(CCC1NC(O)CCCC1CN1C1(CNN)CCCCC1)CC2CNC,0.0701,555.9,2.37,8,9
CCCCCCCCCNCC(C)(CCNCCCCC)CC1NCCC(OC)C1CNCCCCCCCC,0.0695,567.0,7.836,4,5
C.CCCCCCCCCCCCCCCCCCC1OC1CCC(C)C(O)NC1C(C)CC2CCCC3C4CC34CC21,0.0695,602.05,11.217,2,3
CC.CCCCCCN(C)OCCCCC(CC1NC1CC1CC1CC)C(CCC)CCNCCC(C)C,0.0693,537.96,8.852,2,4
CCCCCC(N)C(CC1CCCC23C(CCCCN4C56OS45C6CCO1)CC21OC13)NCNC1CC1CCCCCCC(O)CC,0.069,677.05,6.593,4,8
C.CCCCCCCNNCCCCN(CCCNNCOCC)CCC(N)CC1CCCCC1,0.069,500.86,4.935,5,7
C.CCC(CCCCNCCCCCC(CCNCCCCCC1(CN)OC1C)C1NC12COCCC2CC)C1CC1,0.0688,593.0,6.809,4,6
C.CC1C2CCOCC2CNC2CC13C1C4CC(NCCCNCC5OC(O)C5CC5OC5CCCCI(C)C)N(C24)C13.CCCCN,0.0685,789.93,4.044,5,9
CCC(C)CCC1OC1(CCCCCC(O)CC)C(C)SC(CNC)CC(C)CCC(C)C1NC(O)C2CCC3C4(C2)C2C4C32C1C,0.0683,675.12,8.413,4,6
CCCCCC.CCCCCC1C2C(CCC3C4CCC5OC5C5CC5CC43C)N3CC3CC12CCCC1C[IH]CCC1CCC,0.0676,749.99,11.772,0,2
CC.CCC(O)N(CC)CCCCNC1CC1CNCO.CCCCCCCCCCCCCC1CCCCC1C,0.0675,584.03,8.874,4,5
CCCCCCCCCCCCC(CCC)C(CCCCCNCO)CN(CC)CON1C2C3CC3C21,0.0672,521.88,7.343,2,5
C.C.C.CCC(O)NCCCOCCCOCCCCCC1CC1CCCCCCCC1CC1CC1CC(CC)C1(C)CC,0.0671,626.11,11.442,2,4
C.C.CCC(N)C1CCC(CCC(CCCCCCCC(C)O)C(CC)CC(O)C(C)NN)C1CC,0.067,515.91,7.185,5,5
CCCC(CCCCCCCC1CCC1)CNNCCCCCCNCCC(O)NC.N,0.067,457.79,5.268,6,6
CC.CCCCCCCC(CCC)CCCCNCCCCNNCCCCNC1C2C3CCCC(C)C3C12C,0.0663,563.02,8.864,4,4
C.CCCC(F)CCNC1(NNCCC2CCC2CC)CNCC(CNCCCO)C12CN2.CN,0.0649,503.8,1.466,8,8
C.CC1CC1CCC1OC1CCCNCCCCCO.CCC.CCC.CCCCNCC(CO)CCC1CC2CC12.CN,0.0648,630.1,8.187,5,6
CCCCPC1C(CC(NCN2C(O)C2(CC)NC)C(CC)C2(CC(C)O)CC3CCC32)C1C1CC1.NCN.S,0.0647,601.93,3.943,6,7
CC.CCC1CCC1CCCCCCC(C)CCC(C)C(C)CNC(C)C(C)C1CCC1CCCCCCCCCCCCC(C)N.CCCCCCC,0.0641,761.45,17.123,2,2
CCC(O)NC1CNCCC1CCCCCCC(O)OC1CCCC(OC2CCCCC2)CC1.SC1CCCCN1,0.0629,599.97,6.025,6,8
C.CCCCCC(CCCNC)CCC(N)C(O)NC1CNC(N)C1CNCCCCOCC(C)CCCC,0.0628,558.94,3.92,7,8
CCC.CCC(O)NC1CC(NCCC2C(CCCCC3C(O)C3CCCN3CC3)CCC2N(C)CO)CCC1C(O)N1CCC2CC2C1,0.0627,692.09,4.437,6,9
C.CCCC1CCCC1CCN(C(C)O)C1CCC2C(C3CC(C)C(O)C(NC4CCC(NCCNCCCCCC(C)C)CN4)C23)C1CO,0.0615,706.16,5.951,7,8
C.CCCCCC.CCNC1SC(C(O)CC(C)CCCNC(O)C2CC2CC)SC1CN.CN.NCCPN,0.0614,631.04,4.472,8,10
C.C1CCCC2CC23OC3CCC1.CC.CCCC(CCCNC(O)CC)CNCCC1CC1(OCCCCCOC)C(C)CC,0.0613,655.11,9.669,3,6
CCC(O)NCCCCCCC(CC)C(CN)C1NN1C(CC(S)NC1(C)OC12CC1CC12)NC,0.061,512.81,2.308,7,9
CCC(O)NCCCCCNC1OC1CNC1(CC2CC2C2CC(C)CC2C)NO1.CCCNC(C)S,0.0608,543.86,3.538,7,9
C.CC.CCC(CC)CCCCCC1CC1CCCCCCCCCC(C)N(CN)CCCCNC(O)CC.CCCC,0.0606,614.15,11.694,3,4
CCC(O)NCCCCC(C)NC(CC1CO1)NC.CCCCCCCCCCCCCCCC,0.0604,499.87,7.275,4,5
CCCCC1NC(CCCC(C)CCCNCCCCNNCCCNCCCCCOCC)OCC1CC,0.0594,555.94,5.754,5,7
C.CCCC(CCNC(CCCC1CC1(C)C)NCCC1(C2CCC2)CN1)CCOCCNOCN,0.0594,511.84,4.527,5,7
CCCCCCCC1CCC(CNCCC(CCCCNCCCCCCNC)CNCO)CC1.CN(C)CO,0.0587,571.98,5.326,6,7
CCCNC1[IH][SH]1NC1CCC(CCN)(N2CC(CC3OCNC3NCF)CN2C)CC1.N,0.0583,606.64,1.557,7,9
C.CC.CCCCCCCOC(N)NCCN1CCCC1CC(C)C(C)CO.NN(CCO)CC(F)CO,0.0579,555.87,3.071,6,9
CC.CCC.CCCC.CCCCCCCCCOCCCOOC1CC1(O)CC(C)C(C)CCCCC1CC1C1CCCCCCOCC1.CN.O,0.0575,762.3,12.44,2,6
C.C.CNC(O)C1C2CNC3C4CCN(C1NC2)C3C4C1C[SH]1(O)(O)CCCCCCC(C)CCCC1C2CC(C)C3CC312,0.0568,639.05,5.7,7,7
CC.CCC(O)N1CC(CCCCCNCCNC)C(C)CCO1.CCO.CNO.NCONCCC1CN1,0.0565,569.88,1.379,9,12
CCC(O)NCCC1NC(C2(F)CNCNC(CCC(N)OCCSC(S)N3CCC(C4CN4C)CC3)C2)C1CC,0.0563,619.96,1.733,7,11
C.CCC(C)CCCCC(N)CCNCC(O)CCCO.CCC(CC1CCN(CCCNC)CN1)C1C2C(CN3NC3CC)C12F,0.0556,672.08,4.443,7,9
CCCCCCCCCCCNC(O)C1CNCN2C(C)CC2CC(NCC)S1.CCCCCCCOOC,0.0542,574.96,6.411,4,8
C.CCCNNC(C)CCC1CC(C2(F)CO2)CCC1CCCCNCCC(CC)CCCCCCC(C)COC,0.0538,585.98,8.823,3,5
CCC.CCC(C)C(NC)NCCC(C)C(O)CC(C)CCN(F)CCO.CCOC(C)CC(N)CC(N)NCC1CC1CC,0.0537,651.05,5.006,7,9
C.CNCCC(C)CCCC1CCC(CNC2NN2CC2CC2CCCCCCC2C[SH](CCC3(C)CC3)N2)C1,0.0533,580.03,7.203,5,5
C.CC.CCC(O)OCCCCN(C)CCCCNCOCCCCCCCCOCCCC(C)CCC1CCCCC1C.N,0.0527,648.12,9.992,3,7
CCC(CCNC(N)CCC1CCC2CC(C1)CC2C)C(CC)C1OC1NCC1CCCCC1.CNC(S)CCP,0.0521,612.99,7.168,5,6
C.C.CCC.CCCCCCCCN1CC1CCCCCC1OC1CCCC(C)CCCCCCCCC1CC1CCCCC(C)CC,0.052,678.27,15.607,0,2
C.CC.CCC(O)NC1(C)CCNC2CC(NC(CC)C2F)C2OC2C(COCCSCS)C1.CCCCCCC.N,0.0514,643.08,7.115,6,9
CCCCCCCCCCCNCCCC1C(CCCC)C2(CN(NCCCCNCCCCCC)C(N)CCCC2CCC)C1CCCC,0.0513,704.27,11.758,4,5
CC.CCC.CCCCCCC(CC)CNC(CC(CO)CC(C)N)NCCCCCCCC1OC1CCC,0.0513,557.99,8.575,4,5
C.CC1CO1.CCCC(C)C(CCCC(C)NN)NCC(CNC(C)CCN)C(O)O.CCCCC(C)C,0.0508,549.93,4.531,7,8
C.CC1CCCC(C)(S)C1CCNCN.CCC.CCN(N)C1CCC(S(C)(O)O)CC1NCCC1CC1,0.0503,582.02,6.301,7,8
CCCCC(CCCCCCCCCCCCCCCCCCC1CCCCC1)NC1CC1CC(O)CC(C(O)CC)C1OC1CC,0.0496,662.14,11.831,3,4
CCC.CCCCCCCC(C)C1CCC(C(CC2NC2CCC)NNCC2CC2CNC(O)CC)CC1,0.0494,536.93,7.153,5,5
CCC(CCCCC(N)CCCCNCCNC)NNC(CC(N)(N)C(N)N)C1CCC(OC2CCCCC2)CC1,0.049,583.95,2.25,9,10
CC.CCC.CCCCCCNNCCCCC.CCNC1OC1CCC1CC2(C)CC12.NCCCCCCCCN,0.0485,600.08,8.685,5,6
CC.CC.CCC1C(C)C2OCC12.CCC1CC(CNCNC(N)NCCCCN)CCC1OCCCN(CCF)OCCC(C)C,0.0485,677.09,6.274,5,9
CCC1CCCCC1C.CCCCCCCNCC(CCF)CCCCCCCC1(CCCC)C(CCCCCCC)C1CC1OO1,0.0471,666.15,13.937,1,3
CCCCCCCOCNCCNC(CCCCCCC)CCCCNCCCCCCCC1(C(C)CCC)CCC2CCOCC2C1,0.0467,678.19,11.199,3,5
CCC(C)CNCCC1OC1CCCCCCCCCCC(C)NCCOCCCCCCCN(C)C(O)CC,0.0463,569.96,7.286,3,6
CCC(O)NC1CC(C[SH]2N(CCC(CC)C3CN3)CCC23CO3)CCC1C(N)CCCCCCNO,0.0462,543.86,3.082,7,8
CCC1(C2CCN(C3COC3)CC2)CC1CCNCNNCC1C(CNCCCC2CC2CN2OC2C(C)O)C1CC1CC1.N,0.0457,633.97,3.329,6,10
C.CCC(O)NCCCCNNPCCCCCCCCCCCCCC1CCC2CNCC2C1,0.0453,514.82,6.725,5,5
CCCNCCNCCC(O)NCCCCSCCNNC(CCC)C(C)C(C)CCCCCCO,0.0442,533.91,3.865,7,8
CCCO.CCNCC(O)NC(C)CCCCN(C)C(C)NC(C)CCCCOCNCCCCCNC(O)CC.CCO,0.0439,639.02,2.928,9,11
C1CC12CC2.CCCC1C23CC14CCCC(CCNNCCCCNCCCCC(O)CC(O)NC(O)CC)CCCCN4C2O3,0.0403,650.01,4.899,7,9
CCC1OC1CCCONC(C)CCC(C)CCCC1CC1CCCCCCCCCCCCCC12CC(CCCC(C)CNC)CC1C2,0.0402,687.2,12.59,2,4
C1CCONC1.CCCCCCCCC1(C)CC1OCCCC1OC1NCCCCCNC(O)CC.CNN,0.0396,559.88,4.496,6,9
CCC.CCC.CCCCCCC(C)CCOC(CCCNCCCCCC(O)CC)OCCCNC(CC)NCCCCCC1(CC)CC1C,0.0385,728.29,12.178,4,6
C.C.CC1CCNCC1.CCCCCCCC1CC1CCCN1OC1NCCN(O)N(CCCCNC(O)CC)C(C)N,0.038,618.01,5.473,6,10
C.CCCCCCCOCCC(S)CCCCCC(O)CCCC(F)NCCCCNC(O)CC,0.0355,524.87,6.763,5,6
CC.CCCCNCC(CCCC)C(CCCCCCCC(O)OCNCCCCC1C(CCCCO)C2CC12)N1CC1CC,0.0347,638.08,8.499,4,6
CCCCCCNCCCOCCCCCCC(O)NNCN(CCCC(CCCC)C(C)C)C(C)(C)F,0.0346,546.9,7.134,4,6
CC(O)CCCNC1(CCCCN(CN)NF)NC1C(C)C(O)NC1CCC(OC(F)(F)F)CC1.N,0.0344,533.66,1.736,8,10
CCCCCCCCCC(CO)CCC(CO)C(CC)CCCCNOCC(C)C.CCN.CN.NCCCCNCN,0.0328,623.07,5.269,8,9
CC.CCBr.CCCCCC1OC1CCNC1CCCCC1NNCCCCNC(O)CC.CS,0.0324,585.78,5.791,6,7
CC(S)CCCCCCCNNCCC1CCCC1.CCC(CCCNCN)CC(F)NC(O)CC,0.0302,535.9,5.622,7,7
CCC1NI1CCCC1CC1C(CC1CCCC1C)C1CCC1CNCCCNCC1CC1(C(C)C)C(C)C1COC2CCCCC21,0.0289,765.99,9.705,3,4
C.C.CCC.CCC(O)NCCCCNC(O)CNNCO.CCCCCC(CCCCCCC1CC1C)C1CC1CC.CO,0.0289,651.12,7.559,8,8
C.CC.CC.CCC(CNCCN1CCCC2CC3C(C(CC)C21)C3(CCCCNCC(C)CCCNCO)NCN)C1CC1.OO,0.0283,673.13,6.435,8,9
